year,month,cover_image_url,features,season,secondary_color_1,secondary_color_2,secondary_color_3,secondary_color_4,primary_color,color_palette_rgb
1922,January,https://architecturaldigest.blob.core.windows.net/architecturaldigest19220101thumbnails/Covers/0x600/19220101.jpg,"[{'title': 'I. N. VAN NUYS BUILDING —LOS ANGELES', 'link': 'https://archive.architecturaldigest.com/article/1922/1/i-n-van-nuys-building---los-angeles'}, {'title': 'L. A. STOCK EXCHANGE BUILDING —LOS ANGELES', 'link': 'https://archive.architecturaldigest.com/article/1922/1/l-a-stock-exchange-building---los-angeles'}, {'title': 'Introductory', 'link': 'https://archive.architecturaldigest.com/article/1922/1/introductory'}]",Winter,,tan,rosybrown,darkolivegreen,burlywood,"{""0.4583788914198937"": [226, 194, 143], ""0.4050911161731207"": [220, 188, 137], ""0.10476082004555809"": [211, 181, 131], ""0.021776765375854216"": [170, 147, 108], ""0.009992406985573273"": [125, 104, 64]}"
1923,January,https://architecturaldigest.blob.core.windows.net/architecturaldigest19230101thumbnails/Covers/0x600/19230101.jpg,"[{'title': 'A Musical Hobby for Everyday Riding', 'link': 'https://archive.architecturaldigest.com/article/1923/1/a-musical-hobby-for-everyday-riding'}, {'title': ""History's Pages Turn on the Hinges of the Doors of the World"", 'link': 'https://archive.architecturaldigest.com/article/1923/1/historys-pages-turn-on-the-hinges-of-the-doors-of-the-world'}, {'title': 'Brick for Beauty, Economy, Safety and Permanence', 'link': 'https://archive.architecturaldigest.com/article/1923/1/brick-for-beauty-economy-safety-and-permanence'}]",Winter,,,,darkslategrey,black,"{""0.3698098434004474"": [45, 24, 26], ""0.316834451901566"": [48, 26, 29], ""0.17095824011931393"": [52, 29, 32], ""0.12060402684563759"": [42, 21, 23], ""0.021793437733035048"": [50, 37, 42]}"
1925,January,https://architecturaldigest.blob.core.windows.net/architecturaldigest19250101thumbnails/Covers/0x600/19250101.jpg,"[{'title': 'Estate of Benjamin R. Meyer, Beverly Hills — Johnson, Kaufmann & Coate, Architects and Paul G. Thiene, Landscape Architect', 'link': 'https://archive.architecturaldigest.com/article/1925/1/estate-of-benjamin-r-meyer-beverly-hills---johnson-kaufmann-coate-architects-and-paul-g-thiene-lands'}, {'title': 'foreword', 'link': 'https://archive.architecturaldigest.com/article/1925/1/foreword'}, {'title': 'O. Nicholas Gabriel, House, Oak Knoll Park, Pasadena — Roland E. Coate, Architect', 'link': 'https://archive.architecturaldigest.com/article/1925/1/o-nicholas-gabriel-house-oak-knoll-park-pasadena---roland-e-coate-architect'}]",Winter,,black,,,darkslategrey,"{""0.31502325581395346"": [56, 44, 32], ""0.25620542635658916"": [65, 53, 39], ""0.1620077519379845"": [15, 11, 7], ""0.142953488372093"": [26, 21, 15], ""0.12381007751937985"": [40, 33, 24]}"
1926,January,https://architecturaldigest.blob.core.windows.net/architecturaldigest19260101thumbnails/Covers/0x600/19260101.jpg,"[{'title': 'A SPECIAL SECTION OF TEN PAGES DEVOTED TO The Elks Club — SAN FRANCISCO — Frederick H. Meyer and Albin R. Johnson, Architects', 'link': 'https://archive.architecturaldigest.com/article/1926/1/a-special-section-of-ten-pages-devoted-to-the-elks-club---san-francisco---frederick-h-meyer-and-albi'}, {'title': 'C. F. DeWitt House, Hollywood — Charles H. Kyson, Architect', 'link': 'https://archive.architecturaldigest.com/article/1926/1/c-f-dewitt-house-hollywood---charles-h-kyson-architect'}, {'title': 'Robert Overell House, Beverly Hills', 'link': 'https://archive.architecturaldigest.com/article/1926/1/robert-overell-house-beverly-hills'}]",Winter,,black,,,darkslategrey,"{""0.2758162490508732"": [65, 54, 39], ""0.2414123006833713"": [58, 46, 32], ""0.17047835990888383"": [30, 26, 18], ""0.16662110858010631"": [47, 38, 26], ""0.14567198177676538"": [73, 62, 46]}"
1926,February,https://architecturaldigest.blob.core.windows.net/architecturaldigest19260201thumbnails/Covers/0x600/19260201.jpg,"[{'title': 'Elks Club—Los Angeles—Curlett & Beelman, Architects', 'link': 'https://archive.architecturaldigest.com/article/1926/2/elks-club--los-angeles--curlett-beelman-architects'}, {'title': 'Barker Bros. Building, Los Angeles', 'link': 'https://archive.architecturaldigest.com/article/1926/2/barker-bros-building-los-angeles'}, {'title': 'Club Casa Del Mar, Santa Monica', 'link': 'https://archive.architecturaldigest.com/article/1926/2/club-casa-del-mar-santa-monica'}]",Winter,,black,dimgrey,darkslategrey,grey,"{""0.29037209302325584"": [154, 139, 113], ""0.2865968992248062"": [143, 128, 102], ""0.21674806201550387"": [37, 34, 28], ""0.11874418604651163"": [114, 102, 82], ""0.08753875968992247"": [76, 69, 57]}"
1927,January,https://architecturaldigest.blob.core.windows.net/architecturaldigest19270101thumbnails/Covers/0x600/19270101.jpg,"[{'title': 'FOREWORD', 'link': 'https://archive.architecturaldigest.com/article/1927/1/foreword'}, {'title': 'House of I. Eisner, Los Angeles—Gordon B. Kaufmann, Architect', 'link': 'https://archive.architecturaldigest.com/article/1927/1/house-of-i-eisner-los-angeles-gordon-b-kaufmann-architect'}, {'title': 'House of Frances Marion Thompson, Beverly Hills—Wallace Neff, Architect', 'link': 'https://archive.architecturaldigest.com/article/1927/1/house-of-frances-marion-thompson-beverly-hills-wallace-neff-architect'}]",Winter,,black,darkslategrey,dimgrey,grey,"{""0.33337688044338876"": [149, 134, 110], ""0.31769200316706253"": [159, 144, 119], ""0.20530878859857482"": [34, 29, 22], ""0.07791369754552653"": [70, 60, 47], ""0.06570863024544735"": [108, 96, 80]}"
1928,January,https://architecturaldigest.blob.core.windows.net/architecturaldigest19280101thumbnails/Covers/0x600/19280101.jpg,"[{'title': 'FOREWORD', 'link': 'https://archive.architecturaldigest.com/article/1928/1/foreword'}, {'title': 'Roosevelt Building, Los Angeles—Curlett & Beelman, Architects; Sun Realty Company, Owners', 'link': 'https://archive.architecturaldigest.com/article/1928/1/roosevelt-building-los-angeles-curlett-beelman-architects-sun-realty-company-owners'}, {'title': ""Pig'n Whistle, Hollywood—Morgan, Walls & Clements, Architects"", 'link': 'https://archive.architecturaldigest.com/article/1928/1/pign-whistle-hollywood-morgan-walls-clements-architects'}]",Winter,,black,,,darkslategrey,"{""0.3287746256895193"": [69, 56, 44], ""0.22436170212765957"": [73, 60, 48], ""0.2238416075650118"": [24, 24, 23], ""0.1596059889676911"": [64, 52, 41], ""0.0634160756501182"": [44, 46, 46]}"
1929,January,https://architecturaldigest.blob.core.windows.net/architecturaldigest19290101thumbnails/Covers/0x600/19290101.jpg,"[{'title': 'Ranch of Mr. and Mrs. W. K. Kellogg, Near Pomona—Myron Hunt and H. C. Chambers, Architects', 'link': 'https://archive.architecturaldigest.com/article/1929/1/ranch-of-mr-and-mrs-w-k-kellogg-near-pomona-myron-hunt-and-h-c-chambers-architects'}, {'title': 'Residence of Mr. and Mrs. Arthur Letts, Holmby Hills, Los Angeles —Arthur Kelly, Architect; Joe Estep, Associate', 'link': 'https://archive.architecturaldigest.com/article/1929/1/residence-of-mr-and-mrs-arthur-letts-holmby-hills-los-angeles--arthur-kelly-architect-joe-estep-asso'}, {'title': 'Residence of Mr. and Mrs. Milton E. Getz, Beverly Hills—Gordon B. Kaufmann, Architect', 'link': 'https://archive.architecturaldigest.com/article/1929/1/residence-of-mr-and-mrs-milton-e-getz-beverly-hills-gordon-b-kaufmann-architect'}]",Winter,darkslategrey,,darkolivegreen,dimgrey,rosybrown,"{""0.36967829457364343"": [163, 149, 120], ""0.28795736434108526"": [63, 58, 50], ""0.18927519379844962"": [174, 162, 135], ""0.0983875968992248"": [88, 82, 68], ""0.0547015503875969"": [123, 116, 98]}"
1929,February,https://architecturaldigest.blob.core.windows.net/architecturaldigest19290201thumbnails/Covers/0x600/19290201.jpg,"[{'title': 'Residence of Mr. and Mrs. E. L. Doheny, Jr., Beverly Hills—Gordon B. Kaufmann, Architect', 'link': 'https://archive.architecturaldigest.com/article/1929/2/residence-of-mr-and-mrs-e-l-doheny-jr-beverly-hills-gordon-b-kaufmann-architect'}, {'title': 'Residence of Mr. and Mrs. O. B. English, Beverly Hills—Arthur Kelly, Architect; Joe Estep, Associate', 'link': 'https://archive.architecturaldigest.com/article/1929/2/residence-of-mr-and-mrs-o-b-english-beverly-hills-arthur-kelly-architect-joe-estep-associate'}, {'title': 'Times Demonstration Home, Miramar Estates—Mark Daniels, Architect', 'link': 'https://archive.architecturaldigest.com/article/1929/2/times-demonstration-home-miramar-estates-mark-daniels-architect'}]",Winter,darkslategrey,,darkolivegreen,dimgrey,darkgrey,"{""0.5594939117199391"": [181, 175, 144], ""0.2624467275494673"": [48, 41, 35], ""0.09708904109589041"": [64, 56, 47], ""0.047119482496194826"": [90, 81, 66], ""0.03385083713850837"": [131, 120, 98]}"
1929,March,https://architecturaldigest.blob.core.windows.net/architecturaldigest19290301thumbnails/Covers/0x600/19290301.jpg,"[{'title': 'Hotel Agua Caliente, Agua Caliente, Old Mexico—Wayne D. McAllister, Designer', 'link': 'https://archive.architecturaldigest.com/article/1929/3/hotel-agua-caliente-agua-caliente-old-mexico-wayne-d-mcallister-designer'}, {'title': ""Bullock's Wilshire, Los Angeles — John Parkinson and Donald B. Parkinson, Architects"", 'link': 'https://archive.architecturaldigest.com/article/1929/3/bullocks-wilshire-los-angeles---john-parkinson-and-donald-b-parkinson-architects'}, {'title': 'Sunnyside Mausoleum, Long Beach—Clarence L. Jay, Architect; Cecil E. Bryan, Engineer', 'link': 'https://archive.architecturaldigest.com/article/1929/3/sunnyside-mausoleum-long-beach-clarence-l-jay-architect-cecil-e-bryan-engineer'}]",Spring,,,darkolivegreen,dimgrey,darkslategrey,"{""0.42937037037037035"": [50, 46, 42], ""0.328662962962963"": [43, 39, 35], ""0.16723333333333334"": [60, 55, 49], ""0.04331851851851852"": [97, 89, 62], ""0.03141481481481481"": [122, 112, 81]}"
1930,January,https://architecturaldigest.blob.core.windows.net/architecturaldigest19300101thumbnails/Covers/0x600/19300101.jpg,"[{'title': 'Residence of Mr. and Mrs. M. H. Adamson, Rindge Ranch — Morgan, Walls & Clements, Architects', 'link': 'https://archive.architecturaldigest.com/article/1930/1/residence-of-mr-and-mrs-m-h-adamson-rindge-ranch---morgan-walls-clements-architects'}, {'title': 'Residence of Mr. and Mrs. Gordon B. Kaufmann, Holmby Hills — Gordon B. Kaufmann, Architect', 'link': 'https://archive.architecturaldigest.com/article/1930/1/residence-of-mr-and-mrs-gordon-b-kaufmann-holmby-hills---gordon-b-kaufmann-architect'}, {'title': 'Residence of Mr. and Mrs. John McCormick, (Colleen Moore), Bel-Air—T. J. Scott, Designer', 'link': 'https://archive.architecturaldigest.com/article/1930/1/residence-of-mr-and-mrs-john-mccormick-colleen-moore-bel-air-t-j-scott-designer'}]",Winter,rosybrown,black,grey,darkolivegreen,tan,"{""0.4862682926829268"": [187, 176, 148], ""0.30189837398373986"": [179, 167, 140], ""0.1017560975609756"": [41, 36, 28], ""0.05897967479674797"": [136, 125, 103], ""0.05109756097560975"": [89, 81, 64]}"
1930,February,https://architecturaldigest.blob.core.windows.net/architecturaldigest19300201thumbnails/Covers/0x600/19300201.jpg,"[{'title': 'Residence of Mr. and Mrs. Harold Lloyd, Beverly Hills — Webber and Spaulding, Architects', 'link': 'https://archive.architecturaldigest.com/article/1930/2/residence-of-mr-and-mrs-harold-lloyd-beverly-hills---webber-and-spaulding-architects'}, {'title': 'Residence of Mr. and Mrs. Earle C. Anthony, Los Angeles—Bernard R. Maybeck, Architect', 'link': 'https://archive.architecturaldigest.com/article/1930/2/residence-of-mr-and-mrs-earle-c-anthony-los-angeles-bernard-r-maybeck-architect'}, {'title': 'Residence of Mr. and Mrs. B. J. Badham, Sr., Los Angeles—Ray J. Kieffer, Architect', 'link': 'https://archive.architecturaldigest.com/article/1930/2/residence-of-mr-and-mrs-b-j-badham-sr-los-angeles-ray-j-kieffer-architect'}]",Winter,black,darkolivegreen,,,darkslategrey,"{""0.5246928838951311"": [64, 43, 24], ""0.17993632958801498"": [16, 11, 8], ""0.1312247191011236"": [89, 71, 50], ""0.11112734082397004"": [25, 19, 14], ""0.0530187265917603"": [43, 32, 23]}"
1931,January,https://architecturaldigest.blob.core.windows.net/architecturaldigest19310101thumbnails/Covers/0x600/19310101.jpg,"[{'title': 'Kerckhoff Hall —University of California at Los Angeles — Allison & Allison, Architects; George W. Kelham, Supervising Architect', 'link': 'https://archive.architecturaldigest.com/article/1931/1/kerckhoff-hall---university-of-california-at-los-angeles---allison-allison-architects-george-w-kelha'}, {'title': 'Edison Building, Los Angeles — Allison & Allison, Architects', 'link': 'https://archive.architecturaldigest.com/article/1931/1/edison-building-los-angeles---allison-allison-architects'}, {'title': 'California Club, Los Angeles — Robert D. Farquhar, Architect; George W. Kelham, Consulting Architect', 'link': 'https://archive.architecturaldigest.com/article/1931/1/california-club-los-angeles---robert-d-farquhar-architect-george-w-kelham-consulting-architect'}]",Winter,darkslategrey,,,dimgrey,black,"{""0.5976643990929705"": [24, 26, 26], ""0.13740362811791385"": [41, 41, 44], ""0.11025699168556312"": [56, 59, 62], ""0.08197656840513984"": [75, 79, 82], ""0.07269841269841269"": [104, 109, 113]}"
1931,February,https://architecturaldigest.blob.core.windows.net/architecturaldigest19310201thumbnails/Covers/0x600/19310201.jpg,"[{'title': 'Residence of Mr. and Mrs. Charles J. Wild, Los Angeles—Elmer Grey, Architect', 'link': 'https://archive.architecturaldigest.com/article/1931/2/residence-of-mr-and-mrs-charles-j-wild-los-angeles-elmer-grey-architect'}, {'title': 'Residence of Mr. and Mrs. Irving G. Thalberg (Norma Shearer), Santa Monica—John Byers, Architect', 'link': 'https://archive.architecturaldigest.com/article/1931/2/residence-of-mr-and-mrs-irving-g-thalberg-norma-shearer-santa-monica-john-byers-architect'}, {'title': 'Residence of Mr. and Mrs. Oscar A. Trippel, “The Riviera,” Los Angeles—Gerard R. Colcord, Architect', 'link': 'https://archive.architecturaldigest.com/article/1931/2/residence-of-mr-and-mrs-oscar-a-trippel-the-riviera-los-angeles-gerard-r-colcord-architect'}]",Winter,darkslategrey,,,,black,"{""0.3312114371708051"": [34, 39, 33], ""0.2696049661399548"": [42, 48, 42], ""0.1651918735891648"": [27, 32, 28], ""0.16161399548532732"": [17, 21, 20], ""0.07237772761474794"": [54, 63, 59]}"
1931,March,https://architecturaldigest.blob.core.windows.net/architecturaldigest19310301thumbnails/Covers/0x600/19310301.jpg,"[{'title': 'Edward L. Doheny Jr. Memorial Library—Cram & Ferguson and Samuel E. Lunden, Architects —University of Southern California, Los Angeles', 'link': 'https://archive.architecturaldigest.com/article/1931/3/edward-l-doheny-jr-memorial-library-cram-ferguson-and-samuel-e-lunden-architects--university-of-sout'}, {'title': 'Beverly Hills City Hall, Beverly Hills —Koerner & Gage, Architects; John C. Austin & Frederic M. Ashley, Consulting Architects', 'link': 'https://archive.architecturaldigest.com/article/1931/3/beverly-hills-city-hall-beverly-hills--koerner-gage-architects-john-c-austin-frederic-m-ashley-consu'}, {'title': 'Atheneum California Institute of Technology, Pasadena—Gordon B. Kaufmann, Architect', 'link': 'https://archive.architecturaldigest.com/article/1931/3/atheneum-california-institute-of-technology-pasadena-gordon-b-kaufmann-architect'}]",Spring,,,darkolivegreen,darkslategrey,black,"{""0.27821484992101103"": [54, 27, 18], ""0.2514257503949447"": [20, 10, 8], ""0.19929699842022117"": [29, 16, 12], ""0.13673380726698262"": [78, 45, 34], ""0.13432859399684044"": [65, 35, 25]}"
1933,January,https://architecturaldigest.blob.core.windows.net/architecturaldigest19330101thumbnails/Covers/0x600/19330101.jpg,"[{'title': 'EXHIBITION OF ARCHITECTURAL WATER COLORS', 'link': 'https://archive.architecturaldigest.com/article/1933/1/exhibition-of-architectural-water-colors'}, {'title': 'Residence of Mr. and Mrs. E. L. Cord, Beverly Hills', 'link': 'https://archive.architecturaldigest.com/article/1933/1/residence-of-mr-and-mrs-e-l-cord-beverly-hills'}, {'title': 'Residence of Mr. and Mrs. D. W. Douglas, Santa Monica By L. B. Norman', 'link': 'https://archive.architecturaldigest.com/article/1933/1/residence-of-mr-and-mrs-d-w-douglas-santa-monica-by-l-b-norman'}]",Winter,rosybrown,darkgrey,darkolivegreen,grey,sienna,"{""0.44455426356589145"": [132, 95, 71], ""0.17510077519379844"": [162, 155, 128], ""0.1677829457364341"": [181, 174, 148], ""0.12442248062015504"": [98, 84, 62], ""0.08813953488372094"": [137, 126, 100]}"
1934,January,https://architecturaldigest.blob.core.windows.net/architecturaldigest19340101thumbnails/Covers/0x600/19340101.jpg,"[{'title': 'A Film Star Builds a Home', 'link': 'https://archive.architecturaldigest.com/article/1934/1/a-film-star-builds-a-home'}, {'title': 'THE RIGHT WAY TO DO EXTERIOR STUCCO ON FRAME CONSTRUCTION', 'link': 'https://archive.architecturaldigest.com/article/1934/1/the-right-way-to-do-exterior-stucco-on-frame-construction'}, {'title': 'ALL—ELECTRIC HOMES', 'link': 'https://archive.architecturaldigest.com/article/1934/1/all-electric-homes'}]",Winter,darkslategrey,darkseagreen,,slategrey,dimgrey,"{""0.26279761904761906"": [90, 95, 85], ""0.2379404761904762"": [30, 50, 52], ""0.21257539682539683"": [133, 164, 157], ""0.18967460317460316"": [73, 82, 73], ""0.09701190476190476"": [99, 129, 124]}"
1935,January,https://architecturaldigest.blob.core.windows.net/architecturaldigest19350101thumbnails/Covers/0x600/19350101.jpg,"[{'title': ""Forecasting Tomorrow's Living..."", 'link': 'https://archive.architecturaldigest.com/article/1935/1/forecasting-tomorrows-living'}, {'title': 'Residence of Mr. William Powell, Beverly Hills—J. E. Dolena, Architect', 'link': 'https://archive.architecturaldigest.com/article/1935/1/residence-of-mr-william-powell-beverly-hills-j-e-dolena-architect'}, {'title': 'Bel-Air English Home, Bel-Air—John Myers, Architect; Edla Muir, Associate', 'link': 'https://archive.architecturaldigest.com/article/1935/1/bel-air-english-home-bel-air-john-myers-architect-edla-muir-associate'}]",Winter,,darkslategrey,,,black,"{""0.3884925925925926"": [11, 11, 11], ""0.3035407407407407"": [17, 18, 19], ""0.15389259259259258"": [35, 38, 41], ""0.13454444444444444"": [24, 26, 28], ""0.01952962962962963"": [51, 54, 57]}"
1938,January,https://architecturaldigest.blob.core.windows.net/architecturaldigest19380101thumbnails/Covers/0x600/19380101.jpg,"[{'title': 'EXHIBITION OF ARCHITECTURAL WATER COLORS', 'link': 'https://archive.architecturaldigest.com/article/1938/1/exhibition-of-architectural-water-colors'}, {'title': 'BRICK CONSTRUCTION IN SOUTHERN FRANCE', 'link': 'https://archive.architecturaldigest.com/article/1938/1/brick-construction-in-southern-france'}, {'title': 'Why I Install Electric Heating in My Homes', 'link': 'https://archive.architecturaldigest.com/article/1938/1/why-i-install-electric-heating-in-my-homes'}]",Winter,,darkslategrey,,dimgrey,darkolivegreen,"{""0.3179398148148148"": [118, 90, 65], ""0.27374614197530867"": [110, 82, 56], ""0.21989197530864196"": [51, 42, 36], ""0.09916666666666667"": [83, 71, 56], ""0.0892554012345679"": [126, 109, 85]}"
1938,February,https://architecturaldigest.blob.core.windows.net/architecturaldigest19380201thumbnails/Covers/0x600/19380201.jpg,"[{'title': 'EXHIBITION OF ARCHITECTURAL WATER COLORS', 'link': 'https://archive.architecturaldigest.com/article/1938/2/exhibition-of-architectural-water-colors'}, {'title': 'Residence of Mr. and Mrs. Fred MacMurray, Brentwood Heights — W. George Lutzi, Architect', 'link': 'https://archive.architecturaldigest.com/article/1938/2/residence-of-mr-and-mrs-fred-macmurray-brentwood-heights---w-george-lutzi-architect'}, {'title': 'Estate of Mr. and Mrs. Arthur Hornblow, Jr. (Myrna Loy), Los Angeles—Roland E. Coate, Architect', 'link': 'https://archive.architecturaldigest.com/article/1938/2/estate-of-mr-and-mrs-arthur-hornblow-jr-myrna-loy-los-angeles-roland-e-coate-architect'}]",Winter,black,darkslategrey,darkolivegreen,dimgrey,rosybrown,"{""0.4820132398753894"": [169, 161, 139], ""0.2803816199376947"": [39, 25, 16], ""0.1221144859813084"": [61, 44, 30], ""0.07532320872274144"": [97, 77, 56], ""0.04016744548286604"": [127, 112, 92]}"
1939,January,https://architecturaldigest.blob.core.windows.net/architecturaldigest19390101thumbnails/Covers/0x600/19390101.jpg,"[{'title': 'Courtesy J. RACZKA', 'link': 'https://archive.architecturaldigest.com/article/1939/1/courtesy-j-raczka'}, {'title': 'Residence of Mr. and Mrs. Pandro S. Berman, Beverly Hills—Roland E. Coate, Architect', 'link': 'https://archive.architecturaldigest.com/article/1939/1/residence-of-mr-and-mrs-pandro-s-berman-beverly-hills-roland-e-coate-architect'}, {'title': 'Residence of Mr. and Mrs. Edmund Locke, Santa Anita Oaks—Gerard R. Colcord, Architect', 'link': 'https://archive.architecturaldigest.com/article/1939/1/residence-of-mr-and-mrs-edmund-locke-santa-anita-oaks-gerard-r-colcord-architect'}]",Winter,darkolivegreen,rosybrown,dimgrey,grey,darkslategrey,"{""0.5094212962962963"": [64, 47, 41], ""0.2139776234567901"": [83, 63, 51], ""0.1306327160493827"": [179, 152, 123], ""0.07738425925925926"": [111, 89, 71], ""0.0685841049382716"": [146, 122, 98]}"
1941,January,https://architecturaldigest.blob.core.windows.net/architecturaldigest19410101thumbnails/Covers/0x600/19410101.jpg,"[{'title': 'Residence of Mrs. Hilda Boldt Weber, Bel-Air, Los Angeles, California', 'link': 'https://archive.architecturaldigest.com/article/1941/1/residence-of-mrs-hilda-boldt-weber-bel-air-los-angeles-california'}, {'title': 'Residence of Mr. and Mrs. Benjamin T. Gale, Brentwood Park, California', 'link': 'https://archive.architecturaldigest.com/article/1941/1/residence-of-mr-and-mrs-benjamin-t-gale-brentwood-park-california'}, {'title': 'Our Sincere Appreciation to the Architects, Landscape Architects, Sculptors and Interior Decorators Who Have So Generously Contributed To This Issue of THE ARCHITECTURAL DIGEST. Their Names and Addresses Are Given Below', 'link': 'https://archive.architecturaldigest.com/article/1941/1/our-sincere-appreciation-to-the-architects-landscape-architects-sculptors-and-interior-decorators-wh'}]",Winter,darkslategrey,,dimgrey,rosybrown,black,"{""0.5131417624521073"": [32, 29, 26], ""0.23133716475095786"": [43, 36, 33], ""0.19092337164750958"": [64, 56, 49], ""0.04006130268199234"": [101, 89, 77], ""0.02453639846743295"": [172, 158, 136]}"
1943,January,https://architecturaldigest.blob.core.windows.net/architecturaldigest19430101thumbnails/Covers/0x600/19430101.jpg,"[{'title': 'Residence of Mr. and Mrs. Romayne S. Baker, Houston, Texas', 'link': 'https://archive.architecturaldigest.com/article/1943/1/residence-of-mr-and-mrs-romayne-s-baker-houston-texas'}, {'title': 'Residence of Mrs. John Wesley Harris, Bel-Air, Los Angeles, California', 'link': 'https://archive.architecturaldigest.com/article/1943/1/residence-of-mrs-john-wesley-harris-bel-air-los-angeles-california'}, {'title': 'Residence of Mrs. M. R. Osburn, Los Angeles, California', 'link': 'https://archive.architecturaldigest.com/article/1943/1/residence-of-mrs-m-r-osburn-los-angeles-california'}]",Winter,,darkslategrey,,dimgrey,black,"{""0.3667809298660363"": [20, 18, 15], ""0.3198896769109535"": [10, 9, 7], ""0.19641449960598897"": [72, 57, 40], ""0.10639873916469661"": [43, 35, 26], ""0.010516154452324665"": [106, 92, 73]}"
1945,January,https://architecturaldigest.blob.core.windows.net/architecturaldigest19450101thumbnails/Covers/0x600/19450101.jpg,"[{'title': 'Residence of Miss Deanna Durbin, Beverly Hills, California', 'link': 'https://archive.architecturaldigest.com/article/1945/1/residence-of-miss-deanna-durbin-beverly-hills-california'}, {'title': 'Residence of Col. and Mrs. David L. Reeves, Santa Barbara, California', 'link': 'https://archive.architecturaldigest.com/article/1945/1/residence-of-col-and-mrs-david-l-reeves-santa-barbara-california'}, {'title': 'Residence of Mr. and Mrs. Everett N. Crosby, Bel Air, California', 'link': 'https://archive.architecturaldigest.com/article/1945/1/residence-of-mr-and-mrs-everett-n-crosby-bel-air-california'}]",Winter,dimgrey,,grey,darkgrey,darkslategrey,"{""0.3065510812826249"": [57, 58, 53], ""0.19466442953020135"": [85, 86, 79], ""0.19211782252050708"": [112, 112, 104], ""0.18397464578672632"": [139, 137, 127], ""0.12269202087994034"": [185, 179, 163]}"
1946,January,https://architecturaldigest.blob.core.windows.net/architecturaldigest19460101thumbnails/Covers/0x600/19460101.jpg,"[{'title': 'Residence of Mr. and Mrs. Hollis S. Baker, Grand Rapids, Michigan', 'link': 'https://archive.architecturaldigest.com/article/1946/1/residence-of-mr-and-mrs-hollis-s-baker-grand-rapids-michigan'}, {'title': 'Residence of Mr. and Mrs. Remy L. Chatain, Los Angeles', 'link': 'https://archive.architecturaldigest.com/article/1946/1/residence-of-mr-and-mrs-remy-l-chatain-los-angeles'}, {'title': 'Residence of Mr. and Mrs. W. E. Sievers, Whittier, California', 'link': 'https://archive.architecturaldigest.com/article/1946/1/residence-of-mr-and-mrs-w-e-sievers-whittier-california'}]",Winter,,grey,dimgrey,rosybrown,darkslategrey,"{""0.5405472103004292"": [63, 63, 56], ""0.18208512160228899"": [82, 81, 72], ""0.10541130185979972"": [138, 133, 115], ""0.10383047210300429"": [108, 106, 92], ""0.06812589413447782"": [172, 164, 142]}"
1946,February,https://architecturaldigest.blob.core.windows.net/architecturaldigest19460201thumbnails/Covers/0x600/19460201.jpg,"[{'title': 'Residence of Mr. and Mrs. Sydney George Ross II — Beverly Hills, California', 'link': 'https://archive.architecturaldigest.com/article/1946/2/residence-of-mr-and-mrs-sydney-george-ross-ii---beverly-hills-california'}, {'title': 'FOREWORD', 'link': 'https://archive.architecturaldigest.com/article/1946/2/foreword'}, {'title': 'Residence of Mr. and Mrs. M. Burton Armstrong — Bel Air, California', 'link': 'https://archive.architecturaldigest.com/article/1946/2/residence-of-mr-and-mrs-m-burton-armstrong---bel-air-california'}]",Winter,darkolivegreen,tan,dimgrey,grey,darkslategrey,"{""0.39297049441786286"": [65, 61, 53], ""0.2091427432216906"": [89, 84, 71], ""0.14171052631578948"": [186, 174, 148], ""0.13864035087719298"": [120, 112, 94], ""0.11753588516746412"": [154, 145, 123]}"
1947,January,https://architecturaldigest.blob.core.windows.net/architecturaldigest19470101thumbnails/Covers/0x600/19470101.jpg,"[{'title': 'Residence of Dr. Richard A. Carter — Garden Grove, California', 'link': 'https://archive.architecturaldigest.com/article/1947/1/residence-of-dr-richard-a-carter---garden-grove-california'}, {'title': 'Palm Springs Tennis Club, Palm Springs, California', 'link': 'https://archive.architecturaldigest.com/article/1947/1/palm-springs-tennis-club-palm-springs-california'}, {'title': 'Residence of Mr. and Mrs. Eugene Gold, Beverly Hills, California', 'link': 'https://archive.architecturaldigest.com/article/1947/1/residence-of-mr-and-mrs-eugene-gold-beverly-hills-california'}]",Winter,,dimgrey,,darkslategrey,black,"{""0.320723124516628"": [36, 32, 28], ""0.3003750966744006"": [21, 20, 16], ""0.20678267594740912"": [124, 116, 98], ""0.09430007733952049"": [99, 92, 78], ""0.07781902552204176"": [65, 60, 51]}"
1948,January,https://architecturaldigest.blob.core.windows.net/architecturaldigest19480101thumbnails/Covers/0x600/19480101.jpg,"[{'title': ""BULLOCK'S PASADENA"", 'link': 'https://archive.architecturaldigest.com/article/1948/1/bullocks-pasadena-2'}, {'title': 'Residence of Mr. and Mrs. Max Factor, Beverly Hills, California', 'link': 'https://archive.architecturaldigest.com/article/1948/1/residence-of-mr-and-mrs-max-factor-beverly-hills-california'}, {'title': 'Field Foto Farm, Encino, California', 'link': 'https://archive.architecturaldigest.com/article/1948/1/field-foto-farm-encino-california'}]",Winter,black,dimgrey,,grey,darkslategrey,"{""0.31523058252427183"": [43, 42, 41], ""0.2621318770226537"": [24, 23, 22], ""0.18794902912621358"": [108, 108, 104], ""0.15239077669902912"": [75, 75, 72], ""0.08229773462783171"": [136, 136, 131]}"
1948,February,https://architecturaldigest.blob.core.windows.net/architecturaldigest19480201thumbnails/Covers/0x600/19480201.jpg,"[{'title': 'Oceanhouse — Santa Monica, California', 'link': 'https://archive.architecturaldigest.com/article/1948/2/oceanhouse---santa-monica-california'}, {'title': 'Residence of Mr. and Mrs. Manchester Boddy — Flintridge, California', 'link': 'https://archive.architecturaldigest.com/article/1948/2/residence-of-mr-and-mrs-manchester-boddy---flintridge-california'}, {'title': 'Residence of Mr. and Mrs. M. Burton Armstrong — Bel-Air, California', 'link': 'https://archive.architecturaldigest.com/article/1948/2/residence-of-mr-and-mrs-m-burton-armstrong---bel-air-california'}]",Winter,,rosybrown,dimgrey,grey,darkslategrey,"{""0.471231884057971"": [44, 43, 41], ""0.1795144927536232"": [67, 65, 60], ""0.1453514492753623"": [163, 155, 134], ""0.10372826086956521"": [99, 95, 83], ""0.10017391304347827"": [131, 125, 108]}"
1949,January,https://architecturaldigest.blob.core.windows.net/architecturaldigest19490101thumbnails/Covers/0x600/19490101.jpg,"[{'title': 'Residence of Mr. and Mrs. Alan Ladd — Holmby Hills, California', 'link': 'https://archive.architecturaldigest.com/article/1949/1/residence-of-mr-and-mrs-alan-ladd---holmby-hills-california'}, {'title': 'Residence of Katherine Muselwhite —Los Angeles, California', 'link': 'https://archive.architecturaldigest.com/article/1949/1/residence-of-katherine-muselwhite---los-angeles-california'}, {'title': 'Carnation Building Los Angeles, California', 'link': 'https://archive.architecturaldigest.com/article/1949/1/carnation-building-los-angeles-california'}]",Winter,grey,dimgrey,rosybrown,darkolivegreen,darkslategrey,"{""0.4192058404558405"": [58, 57, 48], ""0.20323361823361824"": [149, 137, 105], ""0.13302706552706553"": [119, 111, 87], ""0.12367877492877492"": [174, 159, 123], ""0.12085470085470086"": [92, 87, 69]}"
1950,January,https://architecturaldigest.blob.core.windows.net/architecturaldigest19500101thumbnails/Covers/0x600/19500101.jpg,"[{'title': 'Brook Hollow Golf Club —Dallas, Texas', 'link': 'https://archive.architecturaldigest.com/article/1950/1/brook-hollow-golf-club--dallas-texas'}, {'title': 'Room Settings by C. W. STOCKWELL CO. (Pacific Coast Distributors for the Waterhouse Collection)', 'link': 'https://archive.architecturaldigest.com/article/1950/1/room-settings-by-c-w-stockwell-co-pacific-coast-distributors-for-the-waterhouse-collection'}, {'title': 'The New W & J Sloane Building —Beverly Hills, California', 'link': 'https://archive.architecturaldigest.com/article/1950/1/the-new-w-j-sloane-building--beverly-hills-california'}]",Winter,darkslategrey,dimgrey,darkolivegreen,grey,black,"{""0.5717963386727689"": [35, 34, 32], ""0.15488176964149505"": [57, 53, 45], ""0.11790617848970252"": [119, 107, 86], ""0.09636918382913806"": [87, 80, 65], ""0.0590465293668955"": [149, 136, 110]}"
1951,January,https://architecturaldigest.blob.core.windows.net/architecturaldigest19510101thumbnails/Covers/0x600/19510101.jpg,"[{'title': 'Residence of Mr. and Mrs. Harry T. Sheridan West Los Angeles, California', 'link': 'https://archive.architecturaldigest.com/article/1951/1/residence-of-mr-and-mrs-harry-t-sheridan-west-los-angeles-california'}, {'title': 'Highland Park Methodist Church, on S.M.U. Campus Dallas, Texas', 'link': 'https://archive.architecturaldigest.com/article/1951/1/highland-park-methodist-church-on-smu-campus-dallas-texas'}, {'title': 'Residence of Mr. and Mrs. Carl Naumann Beverly Hills, California', 'link': 'https://archive.architecturaldigest.com/article/1951/1/residence-of-mr-and-mrs-carl-naumann-beverly-hills-california'}]",Winter,darkslategrey,,dimgrey,grey,black,"{""0.45348981077147016"": [23, 22, 20], ""0.18564046579330423"": [45, 43, 39], ""0.15319868995633187"": [70, 68, 62], ""0.11003639010189228"": [94, 93, 84], ""0.09763464337700145"": [133, 128, 115]}"
1951,February,https://architecturaldigest.blob.core.windows.net/architecturaldigest19510201thumbnails/Covers/0x600/19510201.jpg,"[{'title': 'Modern Directoire Town House of Mr. Tom Douglas —Hollywood, California', 'link': 'https://archive.architecturaldigest.com/article/1951/2/modern-directoire-town-house-of-mr-tom-douglas--hollywood-california'}, {'title': 'Residence of Mr. Charles P. McGaha — Wichita Falls, Texas', 'link': 'https://archive.architecturaldigest.com/article/1951/2/residence-of-mr-charles-p-mcgaha---wichita-falls-texas'}, {'title': 'Summer Home “Bali Hai” of Mr. and Mrs. Hollis S. Baker —Northport Point, Michigan', 'link': 'https://archive.architecturaldigest.com/article/1951/2/summer-home-bali-hai-of-mr-and-mrs-hollis-s-baker--northport-point-michigan'}]",Winter,darkslategrey,dimgrey,,grey,black,"{""0.5745303030303031"": [32, 32, 33], ""0.1549280303030303"": [49, 49, 48], ""0.10095833333333333"": [112, 108, 99], ""0.09268939393939393"": [80, 78, 74], ""0.07689393939393939"": [141, 136, 124]}"
1952,January,https://architecturaldigest.blob.core.windows.net/architecturaldigest19520101thumbnails/Covers/0x600/19520101.jpg,"[{'title': 'The D. D. Feldman Penthouse — Dallas, Texas', 'link': 'https://archive.architecturaldigest.com/article/1952/1/the-d-d-feldman-penthouse---dallas-texas'}, {'title': 'Residence of Mrs. J. D. Vail and Miss Alice Roemer — Beverly Hills, California', 'link': 'https://archive.architecturaldigest.com/article/1952/1/residence-of-mrs-j-d-vail-and-miss-alice-roemer---beverly-hills-california'}, {'title': 'Residence of Mr. and Mrs. Harold Mirisch — Beverly Hills, California', 'link': 'https://archive.architecturaldigest.com/article/1952/1/residence-of-mr-and-mrs-harold-mirisch---beverly-hills-california'}]",Winter,,dimgrey,grey,darkslategrey,black,"{""0.40048265460030164"": [14, 12, 11], ""0.2326470588235294"": [32, 30, 26], ""0.14612745098039215"": [101, 94, 79], ""0.13214555052790347"": [134, 125, 106], ""0.0885972850678733"": [66, 62, 53]}"
1953,January,https://architecturaldigest.blob.core.windows.net/architecturaldigest19530101thumbnails/Covers/0x600/19530101.jpg,"[{'title': 'Room Settings in C. W. STOCKWELL CO. Showrooms', 'link': 'https://archive.architecturaldigest.com/article/1953/1/room-settings-in-c-w-stockwell-co-showrooms'}, {'title': 'Residence of Mr. and Mrs. Charles J. Soss — Beverly Hills, California', 'link': 'https://archive.architecturaldigest.com/article/1953/1/residence-of-mr-and-mrs-charles-j-soss---beverly-hills-california'}, {'title': 'Residence of Mr. and Mrs. J. S. Weil — Beverly Hills, California', 'link': 'https://archive.architecturaldigest.com/article/1953/1/residence-of-mr-and-mrs-j-s-weil---beverly-hills-california'}]",Winter,,,grey,dimgrey,darkslategrey,"{""0.5208653122648608"": [39, 38, 39], ""0.17416854778028593"": [53, 52, 52], ""0.11681339352896915"": [79, 78, 75], ""0.0954326561324304"": [151, 149, 140], ""0.09272009029345372"": [115, 114, 106]}"
1953,February,https://architecturaldigest.blob.core.windows.net/architecturaldigest19530201thumbnails/Covers/0x600/19530201.jpg,"[{'title': 'El Rancho Vegas —Las Vegas, Nevada', 'link': 'https://archive.architecturaldigest.com/article/1953/2/el-rancho-vegas--las-vegas-nevada'}, {'title': 'Moncrief River Ranch —Gunnison, Colorado', 'link': 'https://archive.architecturaldigest.com/article/1953/2/moncrief-river-ranch--gunnison-colorado'}, {'title': 'Residence of Dr. and Mrs. Milton Lerner —San Fernando, California', 'link': 'https://archive.architecturaldigest.com/article/1953/2/residence-of-dr-and-mrs-milton-lerner--san-fernando-california'}]",Winter,,darkslategrey,dimgrey,grey,black,"{""0.4547887864823349"": [19, 18, 17], ""0.26962749615975423"": [34, 33, 31], ""0.10232334869431643"": [61, 60, 56], ""0.1009331797235023"": [94, 93, 86], ""0.07232718894009217"": [129, 127, 116]}"
1953,March,https://architecturaldigest.blob.core.windows.net/architecturaldigest19530301thumbnails/Covers/0x600/19530301.jpg,"[{'title': 'Residence of Mrs. Lewis Boyle — Ojai, California', 'link': 'https://archive.architecturaldigest.com/article/1953/3/residence-of-mrs-lewis-boyle---ojai-california'}, {'title': 'Residence of Mr. and Mrs. Harold Kenoyer — Lido Isle, California', 'link': 'https://archive.architecturaldigest.com/article/1953/3/residence-of-mr-and-mrs-harold-kenoyer---lido-isle-california'}, {'title': 'Residence of Mr. and Mrs. Milton Slotkin — Beverly Hills, California', 'link': 'https://archive.architecturaldigest.com/article/1953/3/residence-of-mr-and-mrs-milton-slotkin---beverly-hills-california'}]",Spring,darkslategrey,,dimgrey,grey,black,"{""0.5819588014981273"": [34, 33, 34], ""0.23559925093632958"": [49, 49, 50], ""0.08386142322097379"": [73, 73, 72], ""0.060194756554307116"": [108, 109, 105], ""0.03838576779026217"": [150, 150, 144]}"
1954,January,https://architecturaldigest.blob.core.windows.net/architecturaldigest19540101thumbnails/Covers/0x600/19540101.jpg,"[{'title': 'Residence of Dr. And Mrs. Frederick Worden —Pasadena, California', 'link': 'https://archive.architecturaldigest.com/article/1954/1/residence-of-dr-and-mrs-frederick-worden--pasadena-california'}, {'title': 'Residence of Mr. And Mrs. Arthur B. Weber —Holmby Hills, California', 'link': 'https://archive.architecturaldigest.com/article/1954/1/residence-of-mr-and-mrs-arthur-b-weber--holmby-hills-california'}, {'title': 'Residence of Mr. And Mrs. John H. Harris —Beverly Hills, California', 'link': 'https://archive.architecturaldigest.com/article/1954/1/residence-of-mr-and-mrs-john-h-harris--beverly-hills-california'}]",Winter,darkslategrey,,grey,dimgrey,black,"{""0.6820624048706241"": [18, 18, 17], ""0.12764459665144598"": [38, 37, 34], ""0.07019786910197869"": [68, 67, 61], ""0.0669558599695586"": [135, 133, 122], ""0.05313926940639269"": [103, 102, 93]}"
1955,January,https://architecturaldigest.blob.core.windows.net/architecturaldigest19550101thumbnails/Covers/0x600/19550101.jpg,"[{'title': '“Oasis House” Residence of MR. And MRS. NATHANIEL J. DUMONT — Beverly Hills, California', 'link': 'https://archive.architecturaldigest.com/article/1955/1/oasis-house-residence-of-mr-and-mrs-nathaniel-j-dumont---beverly-hills-california'}, {'title': 'Residence of MR. And MRS. JOSEPH BEST — Brentwood, California', 'link': 'https://archive.architecturaldigest.com/article/1955/1/residence-of-mr-and-mrs-joseph-best---brentwood-california'}, {'title': 'Residence of MR. And MRS. SAM GENIS — Beverly Hills, California', 'link': 'https://archive.architecturaldigest.com/article/1955/1/residence-of-mr-and-mrs-sam-genis---beverly-hills-california'}]",Winter,,dimgrey,darkslategrey,grey,black,"{""0.41682267884322677"": [23, 22, 19], ""0.32208523592085236"": [14, 13, 12], ""0.10112633181126332"": [94, 91, 82], ""0.09713470319634704"": [54, 53, 47], ""0.06283105022831051"": [134, 130, 117]}"
1955,February,https://architecturaldigest.blob.core.windows.net/architecturaldigest19550201thumbnails/Covers/0x600/19550201.jpg,"[{'title': 'Residence of DR. and MRS. WM. P. KROGER —Bel Air, California', 'link': 'https://archive.architecturaldigest.com/article/1955/2/residence-of-dr-and-mrs-wm-p-kroger---bel-air-california'}, {'title': 'Office of D. D. FELDMAN OIL and GAS COMPANY —Dallas, Texas', 'link': 'https://archive.architecturaldigest.com/article/1955/2/office-of-d-d-feldman-oil-and-gas-company---dallas-texas'}, {'title': 'Index to Advertisers', 'link': 'https://archive.architecturaldigest.com/article/1955/2/index-to-advertisers'}]",Winter,darkgrey,grey,,dimgrey,darkslategrey,"{""0.5065070527097253"": [56, 55, 57], ""0.1707720861172977"": [157, 156, 149], ""0.13944320712694877"": [132, 132, 126], ""0.11596510764662213"": [183, 181, 171], ""0.06731254639940609"": [97, 97, 94]}"
1956,January,https://architecturaldigest.blob.core.windows.net/architecturaldigest19560101thumbnails/Covers/0x600/19560101.jpg,"[{'title': 'Residence of MR. And MRS. DAVE CHASEN Los Angeles, California', 'link': 'https://archive.architecturaldigest.com/article/1956/1/residence-of-mr-and-mrs-dave-chasen-los-angeles-california'}, {'title': 'Residence of MR. And MRS. G. EVERETT MILLER Beverly Hills, California', 'link': 'https://archive.architecturaldigest.com/article/1956/1/residence-of-mr-and-mrs-g-everett-miller-beverly-hills-california'}, {'title': 'Residence of DR. And MRS. WILLIAM H. WICKETT Fullerton, California', 'link': 'https://archive.architecturaldigest.com/article/1956/1/residence-of-dr-and-mrs-william-h-wickett-fullerton-california'}]",Winter,,silver,darkgrey,dimgrey,darkslategrey,"{""0.5831677953348382"": [55, 54, 55], ""0.13349510910458992"": [84, 84, 81], ""0.09869074492099322"": [193, 190, 179], ""0.09796087283671934"": [160, 158, 150], ""0.08668547780285929"": [117, 117, 112]}"
1957,January,https://architecturaldigest.blob.core.windows.net/architecturaldigest19570101thumbnails/Covers/0x600/19570101.jpg,"[{'title': 'Triplex Pent House of MR. and MRS. GEORGE VANDERBILT New York, N. Y.', 'link': 'https://archive.architecturaldigest.com/article/1957/1/triplex-pent-house-of-mr-and-mrs-george-vanderbilt-new-york-n-y'}, {'title': 'Residence of MR. and MRS. EBLEN MALOUF Dallas, Texas', 'link': 'https://archive.architecturaldigest.com/article/1957/1/residence-of-mr-and-mrs-eblen-malouf-dallas-texas'}, {'title': 'Residence of MR. and MRS. WARREN J. HENDERSON Hillsboro Beach, Florida', 'link': 'https://archive.architecturaldigest.com/article/1957/1/residence-of-mr-and-mrs-warren-j-henderson-hillsboro-beach-florida'}]",Winter,,grey,rosybrown,dimgrey,darkslategrey,"{""0.4630736842105263"": [44, 39, 39], ""0.292140350877193"": [58, 53, 51], ""0.13118947368421052"": [136, 125, 111], ""0.05856491228070176"": [166, 154, 138], ""0.055031578947368424"": [93, 86, 78]}"
1958,January,https://architecturaldigest.blob.core.windows.net/architecturaldigest19580101thumbnails/Covers/0x600/19580101.jpg,"[{'title': 'The MILLER Home of Southern California', 'link': 'https://archive.architecturaldigest.com/article/1958/1/the-miller-home-of-southern-california'}, {'title': '“Mosshaven”, Country Estate of MR. And MRS. HARRY S. MOSS — Dallas, Texas', 'link': 'https://archive.architecturaldigest.com/article/1958/1/mosshaven-country-estate-of-mr-and-mrs-harry-s-moss---dallas-texas'}, {'title': 'Residence of MR. And MRS. ASA V. CALL — Beverly Hills, California', 'link': 'https://archive.architecturaldigest.com/article/1958/1/residence-of-mr-and-mrs-asa-v-call---beverly-hills-california'}]",Winter,grey,dimgrey,darkslategrey,darkgrey,black,"{""0.567102908277405"": [34, 34, 36], ""0.14714392244593588"": [122, 122, 118], ""0.14664429530201342"": [90, 91, 89], ""0.0805145413870246"": [59, 60, 60], ""0.05859433258762118"": [158, 158, 151]}"
1958,February,https://architecturaldigest.blob.core.windows.net/architecturaldigest19580201thumbnails/Covers/0x600/19580201.jpg,"[{'title': 'DALLAS COUNTRY CLUB—Dallas, Texas', 'link': 'https://archive.architecturaldigest.com/article/1958/2/dallas-country-club-dallas-texas'}, {'title': 'THE DALLAS CLUB—Dallas, Texas', 'link': 'https://archive.architecturaldigest.com/article/1958/2/the-dallas-club-dallas-texas'}, {'title': 'Apartment in “Belmaison” —Los Angeles, California', 'link': 'https://archive.architecturaldigest.com/article/1958/2/apartment-in-belmaison--los-angeles-california'}]",Winter,,grey,dimgrey,darkgrey,darkslategrey,"{""0.5380902043692741"": [55, 54, 54], ""0.1602536997885835"": [77, 76, 73], ""0.13617336152219872"": [144, 142, 132], ""0.08730796335447498"": [108, 107, 100], ""0.07817477096546864"": [184, 181, 168]}"
1959,January,https://architecturaldigest.blob.core.windows.net/architecturaldigest19590101thumbnails/Covers/0x600/19590101.jpg,"[{'title': 'A Sitting Room For A Bachelor', 'link': 'https://archive.architecturaldigest.com/article/1959/1/a-sitting-room-for-a-bachelor'}, {'title': 'Display Apartment, TISHMAN WILSHIRE TERRACE APARTMENTS —West Los Angeles, California', 'link': 'https://archive.architecturaldigest.com/article/1959/1/display-apartment-tishman-wilshire-terrace-apartments--west-los-angeles-california'}, {'title': 'Residence of MR. and MRS. LOUIS deHAVEN SHAW —Palos Verdes Estates, California', 'link': 'https://archive.architecturaldigest.com/article/1959/1/residence-of-mr-and-mrs-louis-dehaven-shaw--palos-verdes-estates-california'}]",Winter,grey,dimgrey,,darkgrey,darkslategrey,"{""0.453869992441421"": [44, 39, 39], ""0.21174603174603174"": [141, 132, 121], ""0.16470143613000757"": [110, 100, 93], ""0.1201965230536659"": [76, 68, 64], ""0.04948601662887377"": [182, 171, 159]}"
1959,February,https://architecturaldigest.blob.core.windows.net/architecturaldigest19590201thumbnails/Covers/0x600/19590201.jpg,"[{'title': 'Residence of MR. and MRS. IRVING SHAFER —Trousdale Estates, Beverly Hills, California', 'link': 'https://archive.architecturaldigest.com/article/1959/2/residence-of-mr-and-mrs-irving-shafer--trousdale-estates-beverly-hills-california'}, {'title': 'The El Kaliph Model Home, Casablanca Estates —Scottsdale, Arizona', 'link': 'https://archive.architecturaldigest.com/article/1959/2/the-el-kaliph-model-home-casablanca-estates--scottsdale-arizona'}, {'title': 'Residence of MR. and MRS. W. A. MONCRIEF —Palm Springs, California', 'link': 'https://archive.architecturaldigest.com/article/1959/2/residence-of-mr-and-mrs-w-a-moncrief--palm-springs-california'}]",Winter,darkgrey,darkslategrey,grey,dimgrey,black,"{""0.4789237668161435"": [34, 34, 33], ""0.2396337817638266"": [172, 169, 154], ""0.111898355754858"": [63, 63, 59], ""0.09092675635276533"": [139, 138, 127], ""0.07861733931240658"": [95, 95, 88]}"
1959,March,https://architecturaldigest.blob.core.windows.net/architecturaldigest19590301thumbnails/Covers/0x600/19590301.jpg,"[{'title': 'RESEARCH HOUSE 1959 — Encino, California', 'link': 'https://archive.architecturaldigest.com/article/1959/3/research-house-1959---encino-california'}, {'title': 'Residence of MR. EDWARD F. WHITE — Los Angeles, California', 'link': 'https://archive.architecturaldigest.com/article/1959/3/residence-of-mr-edward-f-white---los-angeles-california'}, {'title': 'Residence of MR. and MRS. THOMAS J. ROGERSON —Royal Oaks, California', 'link': 'https://archive.architecturaldigest.com/article/1959/3/residence-of-mr-and-mrs-thomas-j-rogerson--royal-oaks-california'}]",Spring,darkgrey,grey,,dimgrey,darkslategrey,"{""0.4591924778761062"": [43, 36, 35], ""0.1855457227138643"": [175, 163, 150], ""0.15066740412979351"": [144, 134, 123], ""0.11178097345132744"": [72, 66, 60], ""0.09281342182890856"": [107, 100, 90]}"
1960,January,https://architecturaldigest.blob.core.windows.net/architecturaldigest19600101thumbnails/Covers/0x600/19600101.jpg,"[{'title': 'Residence of MISS EARTHA KITT Beverly Hills, California', 'link': 'https://archive.architecturaldigest.com/article/1960/1/residence-of-miss-eartha-kitt-beverly-hills-california'}, {'title': 'Residence of MR. and MRS. J. C. GARRETT Beverly Hills, California', 'link': 'https://archive.architecturaldigest.com/article/1960/1/residence-of-mr-and-mrs-j-c-garrett-beverly-hills-california'}, {'title': 'Residence of MISS EDITH SMALL Beverly Hills, California', 'link': 'https://archive.architecturaldigest.com/article/1960/1/residence-of-miss-edith-small-beverly-hills-california'}]",Winter,darkgrey,silver,grey,dimgrey,darkslategrey,"{""0.41833333333333333"": [52, 50, 50], ""0.16357941834451903"": [160, 160, 154], ""0.15227815063385533"": [197, 197, 190], ""0.13391498881431768"": [120, 120, 116], ""0.13189410887397465"": [85, 85, 84]}"
1960,June,https://architecturaldigest.blob.core.windows.net/architecturaldigest19600601thumbnails/Covers/0x600/19600601.jpg,"[{'title': 'Residence of Mrs. Josephine Davis, Chicago, Illinois', 'link': 'https://archive.architecturaldigest.com/article/1960/6/residence-of-mrs-josephine-davis-chicago-illinois'}, {'title': 'Residence of Mrs. Helen McVey Kelly —Kilgore, Texas and Long Beach, California', 'link': 'https://archive.architecturaldigest.com/article/1960/6/residence-of-mrs-helen-mcvey-kelly--kilgore-texas-and-long-beach-california'}, {'title': 'FOREWORD', 'link': 'https://archive.architecturaldigest.com/article/1960/6/foreword'}]",Summer,,dimgrey,darkolivegreen,darkslategrey,black,"{""0.319315749235474"": [27, 25, 20], ""0.3033218654434251"": [14, 13, 10], ""0.20296636085626912"": [130, 119, 94], ""0.10103593272171253"": [100, 90, 70], ""0.07336009174311926"": [61, 55, 42]}"
1960,September,https://architecturaldigest.blob.core.windows.net/architecturaldigest19600901thumbnails/Covers/0x600/19600901.jpg,"[{'title': 'Penthouse Apartment of MR. And Mrs. VICTOR CARTER — Wilshire Terrace, Los Angeles, California', 'link': 'https://archive.architecturaldigest.com/article/1960/9/penthouse-apartment-of-mr-and-mrs-victor-carter---wilshire-terrace-los-angeles-california'}, {'title': 'Residence of MR. And MRS. RAY L. WELLES — Corona Del Mar, California', 'link': 'https://archive.architecturaldigest.com/article/1960/9/residence-of-mr-and-mrs-ray-l-welles---corona-del-mar-california'}, {'title': 'Town House Apartment of MRS. FAYE ROBERTS — Wilshire Terrace, Los Angeles, California', 'link': 'https://archive.architecturaldigest.com/article/1960/9/town-house-apartment-of-mrs-faye-roberts---wilshire-terrace-los-angeles-california'}]",Fall,grey,darkslategrey,dimgrey,darkgrey,black,"{""0.462613721103654"": [39, 33, 33], ""0.16022744220730797"": [141, 133, 125], ""0.1324944071588367"": [69, 63, 60], ""0.13173750932140194"": [104, 98, 92], ""0.11292692020879941"": [185, 176, 164]}"
1960,December,https://architecturaldigest.blob.core.windows.net/architecturaldigest19601201thumbnails/Covers/0x600/19601201.jpg,"[{'title': 'CLASSIC CONTEMPORARY HOME', 'link': 'https://archive.architecturaldigest.com/article/1960/12/classic-contemporary-home'}]",Winter,silver,dimgrey,darkslategrey,grey,black,"{""0.5473017705927636"": [30, 28, 28], ""0.18505773672055428"": [190, 187, 180], ""0.12183602771362587"": [99, 97, 95], ""0.0823941493456505"": [65, 63, 62], ""0.06341031562740569"": [145, 141, 138]}"
1961,March,https://architecturaldigest.blob.core.windows.net/architecturaldigest19610301thumbnails/Covers/0x600/19610301.jpg,"[{'title': 'LYTTON SAVINGS, Home Office — Hollywood, California', 'link': 'https://archive.architecturaldigest.com/article/1961/3/lytton-savings-home-office---hollywood-california'}, {'title': 'Residence of MR. REG ALLEN and MR. JACK STEVENS — Beverly Highlands, Los Angeles, California', 'link': 'https://archive.architecturaldigest.com/article/1961/3/residence-of-mr-reg-allen-and-mr-jack-stevens---beverly-highlands-los-angeles-california'}, {'title': 'Offices of RALPH EDWARDS PRODUCTIONS — Hollywood, California', 'link': 'https://archive.architecturaldigest.com/article/1961/3/offices-of-ralph-edwards-productions---hollywood-california'}]",Spring,silver,darkgrey,,grey,darkslategrey,"{""0.40572284644194756"": [49, 46, 45], ""0.20362546816479402"": [204, 202, 194], ""0.1416067415730337"": [171, 171, 163], ""0.13807865168539327"": [84, 84, 80], ""0.11096629213483146"": [128, 128, 122]}"
1961,June,https://architecturaldigest.blob.core.windows.net/architecturaldigest19610601thumbnails/Covers/0x600/19610601.jpg,"[{'title': 'Residence of Mr. And Mrs. Thomas B. Davis', 'link': 'https://archive.architecturaldigest.com/article/1961/6/residence-of-mr-and-mrs-thomas-b-davis'}]",Summer,,darkslategrey,grey,silver,black,"{""0.45526709401709403"": [5, 5, 6], ""0.25535612535612534"": [34, 35, 34], ""0.17722222222222223"": [66, 67, 65], ""0.06574786324786325"": [119, 120, 115], ""0.046406695156695155"": [194, 194, 190]}"
1961,September,https://architecturaldigest.blob.core.windows.net/architecturaldigest19610901thumbnails/Covers/0x600/19610901.jpg,"[{'title': 'Residence of MR. And MRS. JERRY LEWIS — Bel-Air, California', 'link': 'https://archive.architecturaldigest.com/article/1961/9/residence-of-mr-and-mrs-jerry-lewis---bel-air-california'}, {'title': 'Residence of MR. And MRS. BILL MORROW —Bing Crosby Ranch, Palm Desert, California', 'link': 'https://archive.architecturaldigest.com/article/1961/9/residence-of-mr-and-mrs-bill-morrow---bing-crosby-ranch-palm-desert-california'}, {'title': 'LAGUNA NIGUEL CORPORATION Model Home — Monarch Bay, South Laguna, California', 'link': 'https://archive.architecturaldigest.com/article/1961/9/laguna-niguel-corporation-model-home---monarch-bay-south-laguna-california'}]",Fall,silver,grey,darkslategrey,dimgrey,black,"{""0.499244142101285"": [38, 33, 31], ""0.16917989417989418"": [190, 182, 170], ""0.14902116402116403"": [152, 144, 135], ""0.09970521541950113"": [71, 66, 61], ""0.08284958427815571"": [112, 105, 99]}"
1962,January,https://architecturaldigest.blob.core.windows.net/architecturaldigest19620101thumbnails/Covers/0x600/19620101.jpg,"[{'title': 'A CALIFORNIA BEACH HOME', 'link': 'https://archive.architecturaldigest.com/article/1962/1/a-california-beach-home'}]",Winter,dimgrey,,darkgrey,lightgrey,darkslategrey,"{""0.47844468390804595"": [37, 37, 38], ""0.13779094827586208"": [111, 115, 117], ""0.13196120689655172"": [72, 75, 77], ""0.12963002873563217"": [149, 153, 153], ""0.12217313218390805"": [203, 205, 201]}"
1962,March,https://architecturaldigest.blob.core.windows.net/architecturaldigest19620301thumbnails/Covers/0x600/19620301.jpg,"[{'title': 'Residence of MR. and MRS. TOBY FRANKLIN WILCOX — Pasadena, California', 'link': 'https://archive.architecturaldigest.com/article/1962/3/residence-of-mr-and-mrs-toby-franklin-wilcox---pasadena-california'}, {'title': 'Villa Antelo — Bel Air, California', 'link': 'https://archive.architecturaldigest.com/article/1962/3/villa-antelo---bel-air-california'}, {'title': 'Residence of MR. and MRS. MILTON BRADLEY SCOTT “White Gate,” Beverly Hills, California', 'link': 'https://archive.architecturaldigest.com/article/1962/3/residence-of-mr-and-mrs-milton-bradley-scott-white-gate-beverly-hills-california'}]",Spring,silver,darkgrey,grey,dimgrey,darkslategrey,"{""0.4288085106382979"": [52, 50, 49], ""0.19075177304964538"": [206, 202, 189], ""0.17861347517730497"": [174, 172, 159], ""0.11275531914893618"": [140, 139, 128], ""0.08907092198581561"": [95, 94, 88]}"
1962,June,https://architecturaldigest.blob.core.windows.net/architecturaldigest19620601thumbnails/Covers/0x600/19620601.jpg,"[{'title': 'Casa Juan Paisano', 'link': 'https://archive.architecturaldigest.com/article/1962/6/casa-juan-paisano'}]",Summer,darkslategrey,dimgrey,grey,darkgrey,black,"{""0.4010626398210291"": [24, 25, 26], ""0.2276062639821029"": [45, 47, 50], ""0.13858314690529455"": [81, 85, 88], ""0.12033184190902312"": [121, 125, 127], ""0.11241610738255034"": [172, 175, 174]}"
1962,September,https://architecturaldigest.blob.core.windows.net/architecturaldigest19620901thumbnails/Covers/0x600/19620901.jpg,"[{'title': 'Residence of MR. And MRS. HARVEY SILBERT Beverly Hills, California', 'link': 'https://archive.architecturaldigest.com/article/1962/9/residence-of-mr-and-mrs-harvey-silbert-beverly-hills-california'}, {'title': 'Residence of MR. And MRS. ROBERT W. HAMILTON Los Gatos, California', 'link': 'https://archive.architecturaldigest.com/article/1962/9/residence-of-mr-and-mrs-robert-w-hamilton-los-gatos-california'}, {'title': 'Residence in Beverly Hills, California', 'link': 'https://archive.architecturaldigest.com/article/1962/9/residence-in-beverly-hills-california'}]",Fall,silver,,darkgrey,dimgrey,darkslategrey,"{""0.46972713864306787"": [54, 51, 50], ""0.20755530973451328"": [196, 194, 184], ""0.13956858407079645"": [79, 78, 75], ""0.09619469026548673"": [161, 160, 152], ""0.0869542772861357"": [115, 114, 109]}"
1963,March,https://architecturaldigest.blob.core.windows.net/architecturaldigest19630301thumbnails/Covers/0x600/19630301.jpg,"[{'title': 'Casa del Arbol Beverly Hills, California', 'link': 'https://archive.architecturaldigest.com/article/1963/3/casa-del-arbol-beverly-hills-california'}, {'title': 'Residence of Mr. and Mrs. Harry Morrill Palm Springs, California', 'link': 'https://archive.architecturaldigest.com/article/1963/3/residence-of-mr-and-mrs-harry-morrill-palm-springs-california'}, {'title': 'Residence of Mr. and Mrs. Gilbar Hedrick Lewisville, Texas', 'link': 'https://archive.architecturaldigest.com/article/1963/3/residence-of-mr-and-mrs-gilbar-hedrick-lewisville-texas'}]",Spring,lightgrey,dimgrey,darkgrey,grey,darkslategrey,"{""0.6375"": [56, 55, 55], ""0.0965327380952381"": [209, 205, 194], ""0.09512648809523809"": [86, 85, 81], ""0.09319940476190476"": [168, 166, 158], ""0.07764136904761905"": [127, 125, 120]}"
1963,June,https://architecturaldigest.blob.core.windows.net/architecturaldigest19630601thumbnails/Covers/0x600/19630601.jpg,"[{'title': 'A California Modern Way of Life — Elegant and Yet Warm; Uncluttered but Not Sterile', 'link': 'https://archive.architecturaldigest.com/article/1963/6/a-california-modern-way-of-life---elegant-and-yet-warm-uncluttered-but-not-sterile'}]",Summer,silver,darkslategrey,dimgrey,darkgrey,black,"{""0.364265601217656"": [32, 32, 33], ""0.28818112633181125"": [195, 196, 193], ""0.1710083713850837"": [62, 64, 65], ""0.1070509893455099"": [100, 103, 103], ""0.06949391171993911"": [150, 152, 151]}"
1963,September,https://architecturaldigest.blob.core.windows.net/architecturaldigest19630901thumbnails/Covers/0x600/19630901.jpg,"[{'title': 'Residence of Mr. and Mrs. Barry H. Taper — Beverly Hills, California', 'link': 'https://archive.architecturaldigest.com/article/1963/9/residence-of-mr-and-mrs-barry-h-taper---beverly-hills-california'}, {'title': 'Residence in Los Angeles, California', 'link': 'https://archive.architecturaldigest.com/article/1963/9/residence-in-los-angeles-california'}, {'title': 'Residence in Beverly Hills, California', 'link': 'https://archive.architecturaldigest.com/article/1963/9/residence-in-beverly-hills-california'}]",Fall,dimgrey,silver,grey,darkgrey,darkslategrey,"{""0.4634119850187266"": [62, 62, 62], ""0.15312734082397003"": [90, 92, 91], ""0.13526217228464418"": [202, 202, 198], ""0.1277003745318352"": [123, 125, 123], ""0.12049812734082398"": [164, 166, 163]}"
1964,January,https://architecturaldigest.blob.core.windows.net/architecturaldigest19640101thumbnails/Covers/0x600/19640101.jpg,"[{'title': 'Residence in Denver, Colorado', 'link': 'https://archive.architecturaldigest.com/article/1964/1/residence-in-denver-colorado'}, {'title': 'Penthouse Residence of Mrs. Bently Handwork', 'link': 'https://archive.architecturaldigest.com/article/1964/1/penthouse-residence-of-mrs-bently-handwork'}]",Winter,darkgrey,darkslategrey,grey,,black,"{""0.32048098434004474"": [14, 13, 11], ""0.26288217747949294"": [169, 172, 172], ""0.16743475018642803"": [77, 82, 84], ""0.15522371364653245"": [118, 122, 125], ""0.09397837434750186"": [46, 48, 51]}"
1964,March,https://architecturaldigest.blob.core.windows.net/architecturaldigest19640301thumbnails/Covers/0x600/19640301.jpg,"[{'title': 'Residence in Dallas, Texas', 'link': 'https://archive.architecturaldigest.com/article/1964/3/residence-in-dallas-texas'}, {'title': 'Residence of Mr. and Mrs. Jack L. Stein Bel Air, California', 'link': 'https://archive.architecturaldigest.com/article/1964/3/residence-of-mr-and-mrs-jack-l-stein-bel-air-california'}, {'title': 'La Canada Country Club La Canada, California', 'link': 'https://archive.architecturaldigest.com/article/1964/3/la-canada-country-club-la-canada-california'}]",Spring,,dimgrey,lightslategrey,silver,darkslategrey,"{""0.4967339312406577"": [46, 42, 44], ""0.20096038863976085"": [73, 71, 72], ""0.12157698056801196"": [107, 105, 106], ""0.09388266068759342"": [151, 148, 147], ""0.08684603886397609"": [197, 193, 190]}"
1964,September,https://architecturaldigest.blob.core.windows.net/architecturaldigest19640901thumbnails/Covers/0x600/19640901.jpg,"[{'title': 'Residence of MR. And MRS. GERALD JEROME — La Jolla, California', 'link': 'https://archive.architecturaldigest.com/article/1964/9/residence-of-mr-and-mrs-gerald-jerome---la-jolla-california'}, {'title': 'Residence of MR. WILLIAM TISHMAN — Beverly Hills, California', 'link': 'https://archive.architecturaldigest.com/article/1964/9/residence-of-mr-william-tisiiman---beverly-hills-california'}, {'title': 'Residence of MR. And MRS. E. G. MORRISON  —Austin, Texas', 'link': 'https://archive.architecturaldigest.com/article/1964/9/residence-of-mr-and-mrs-e-g-morrison---austin-texas'}]",Fall,darkolivegreen,sienna,peru,tan,darkslategrey,"{""0.5370544369873229"": [45, 39, 37], ""0.17116331096196868"": [88, 65, 48], ""0.1425689783743475"": [131, 99, 65], ""0.10031692766592096"": [170, 134, 85], ""0.04889634601043997"": [199, 185, 163]}"
1965,March,https://architecturaldigest.blob.core.windows.net/architecturaldigest19650301thumbnails/Covers/0x600/19650301.jpg,"[{'title': 'Residence of MR. and MRS. DAN JOHNSTON Escondido, California', 'link': 'https://archive.architecturaldigest.com/article/1965/3/residence-of-mr-and-mrs-dan-johnston-escondido-california'}, {'title': 'Residence of MR. JOHN ASTIN PERKINS Dallas, Texas', 'link': 'https://archive.architecturaldigest.com/article/1965/3/residence-of-mr-john-astin-perkins-dallas-texas'}, {'title': 'Residence in LAS PALMAS ESTATES Palm Springs, California', 'link': 'https://archive.architecturaldigest.com/article/1965/3/residence-in-las-palmas-estates-palm-springs-california'}]",Spring,silver,darkkhaki,peru,sienna,darkslategrey,"{""0.49290498442367603"": [57, 54, 54], ""0.19562305295950155"": [215, 199, 168], ""0.13081775700934578"": [198, 168, 114], ""0.10207554517133956"": [177, 116, 74], ""0.07857866043613707"": [121, 75, 60]}"
1965,June,https://architecturaldigest.blob.core.windows.net/architecturaldigest19650601thumbnails/Covers/0x600/19650601.jpg,"[{'title': 'Residence of DON LOPER — Bel Air, California', 'link': 'https://archive.architecturaldigest.com/article/1965/6/residence-of-don-loper---bel-air-california'}, {'title': 'Residence of MR. and MRS. ALLEN KRAMER — Palm Springs, California', 'link': 'https://archive.architecturaldigest.com/article/1965/6/residence-of-mr-and-mrs-allen-kramer---palm-springs-california'}, {'title': 'MUSEO NACIONAL DE ANTROPOLOGIA — MEXICO, D. F.', 'link': 'https://archive.architecturaldigest.com/article/1965/6/museo-nacional-de-antropologia---mexico-d-f'}]",Summer,darkolivegreen,darkgrey,grey,silver,darkslategrey,"{""0.6026598173515981"": [46, 54, 61], ""0.13576103500761036"": [113, 85, 61], ""0.13221080669710808"": [158, 166, 166], ""0.09281963470319635"": [158, 143, 121], ""0.03654870624048706"": [194, 189, 176]}"
1965,September,https://architecturaldigest.blob.core.windows.net/architecturaldigest19650901thumbnails/Covers/0x600/19650901.jpg,"[{'title': 'The Aura of Another Era...Canoga Mission Park', 'link': 'https://archive.architecturaldigest.com/article/1965/9/the-aura-of-another-eracanoga-mission-park'}, {'title': 'Penthouse Residence of OUIDA BAGGETT REGAN —Pensacola, Florida', 'link': 'https://archive.architecturaldigest.com/article/1965/9/penthouse-residence-of-ouida-baggett-regan--pensacola-florida'}, {'title': 'A Residence in Austin, Texas', 'link': 'https://archive.architecturaldigest.com/article/1965/9/a-residence-in-austin-texas'}]",Fall,darkslategrey,darkolivegreen,dimgrey,tan,saddlebrown,"{""0.3876874536005939"": [118, 45, 34], ""0.24170378619153673"": [60, 40, 27], ""0.16778767631774313"": [96, 67, 46], ""0.12273942093541203"": [139, 114, 79], ""0.08008166295471418"": [187, 169, 138]}"
1965,December,https://architecturaldigest.blob.core.windows.net/architecturaldigest19651201thumbnails/Covers/0x600/19651201.jpg,"[{'title': 'DIRECTORY OF PRODUCTS AND SOURCES', 'link': 'https://archive.architecturaldigest.com/article/1965/12/directory-of-products-and-sources'}, {'title': 'THE WILLIAM SPRATLING COLLECTION', 'link': 'https://archive.architecturaldigest.com/article/1965/12/the-william-spratling-collection'}, {'title': 'Full-Time Beach House', 'link': 'https://archive.architecturaldigest.com/article/1965/12/full-time-beach-house'}]",Winter,sienna,darkolivegreen,rosybrown,silver,darkslategrey,"{""0.5836578171091445"": [59, 39, 41], ""0.13932153392330385"": [145, 103, 80], ""0.13155973451327432"": [103, 73, 58], ""0.09344026548672567"": [172, 142, 125], ""0.052020648967551625"": [198, 184, 175]}"
1966,March,https://architecturaldigest.blob.core.windows.net/architecturaldigest19660301thumbnails/Covers/0x600/19660301.jpg,"[{'title': '“Ghalál” Residence of Mr. & Mrs. Bruno Pagliai (MERLE OBERON) — Acapulco, Mexico', 'link': 'https://archive.architecturaldigest.com/article/1966/3/ghalal-residence-of-mr-mrs-bruno-pagliai-merle-oberon---acapulco-mexico'}, {'title': 'DIRECTORY OF PRODUCTS AND SOURCES', 'link': 'https://archive.architecturaldigest.com/article/1966/3/directory-of-products-and-sources'}, {'title': 'A Midwestern Expression of Contemporary Elegance', 'link': 'https://archive.architecturaldigest.com/article/1966/3/a-midwestern-expression-of-contemporary-elegance'}]",Spring,darkolivegreen,darkslategrey,sienna,silver,dimgrey,"{""0.482464258841234"": [110, 116, 98], ""0.22736267870579382"": [103, 73, 46], ""0.14717456734386758"": [64, 45, 31], ""0.09016930022573363"": [148, 114, 70], ""0.052829194883370956"": [196, 190, 173]}"
1966,June,https://architecturaldigest.blob.core.windows.net/architecturaldigest19660601thumbnails/Covers/0x600/19660601.jpg,"[{'title': 'DIRECTORY OF PRODUCTS AND SOURCES', 'link': 'https://archive.architecturaldigest.com/article/1966/6/directory-of-products-and-sources'}, {'title': '“Rosedown” That the Beauty of the Old South Not Be Forgotten...', 'link': 'https://archive.architecturaldigest.com/article/1966/6/rosedown-that-the-beauty-of-the-old-south-not-be-forgotten'}, {'title': '“Casa Fuerte” a Modern House in the Grand Tradition', 'link': 'https://archive.architecturaldigest.com/article/1966/6/casa-fuerte-a-modern-house-in-the-grand-tradition'}]",Summer,darkolivegreen,darkslategrey,dimgrey,tan,darkkhaki,"{""0.5292789855072464"": [170, 146, 92], ""0.17267028985507246"": [98, 89, 58], ""0.12740942028985508"": [69, 61, 41], ""0.09357246376811594"": [129, 117, 87], ""0.07706884057971014"": [194, 180, 149]}"
1966,September,https://architecturaldigest.blob.core.windows.net/architecturaldigest19660901thumbnails/Covers/0x600/19660901.jpg,"[{'title': 'DIRECTORY OF PRODUCTS AND SOURCES', 'link': 'https://archive.architecturaldigest.com/article/1966/9/directory-of-products-and-sources'}, {'title': 'RESURGENCE OF 18th CENTURY ENGLISH FURNITURE', 'link': 'https://archive.architecturaldigest.com/article/1966/9/resurgence-of-18th-century-english-furniture'}, {'title': ""A Philippine Architect's Own Home Reflects the Rich Cultural Heritage of the Islands"", 'link': 'https://archive.architecturaldigest.com/article/1966/9/a-philippine-architects-own-home-reflects-the-rich-cultural-heritage-of-the-islands'}]",Fall,darkslategrey,rosybrown,,lightgrey,sienna,"{""0.5726772247360483"": [143, 99, 62], ""0.19156485671191553"": [77, 57, 49], ""0.13143288084464555"": [169, 128, 100], ""0.07679110105580694"": [192, 157, 128], ""0.02753393665158371"": [220, 207, 187]}"
1967,January,https://architecturaldigest.blob.core.windows.net/architecturaldigest19670101thumbnails/Covers/0x600/19670101.jpg,"[{'title': ""Many Exciting Ideas Are Presented In Designer's Home Show"", 'link': 'https://archive.architecturaldigest.com/article/1967/1/many-exciting-ideas-are-presented-in-designers-home-show'}, {'title': 'DIRECTORY OF PRODUCTS AND SOURCES', 'link': 'https://archive.architecturaldigest.com/article/1967/1/directory-of-products-and-sources'}, {'title': 'Our Architectural Heritage: THE OWENS-THOMAS HOUSE  SAVANNAH, GEORGIA', 'link': 'https://archive.architecturaldigest.com/article/1967/1/our-architectural-heritage-the-owens-thomas-house-savannah-georgia'}]",Winter,,grey,saddlebrown,darkgrey,darkslategrey,"{""0.5144307116104869"": [45, 64, 94], ""0.13229213483146068"": [52, 37, 32], ""0.12844194756554306"": [152, 141, 111], ""0.12122471910112359"": [100, 57, 44], ""0.10361048689138577"": [185, 177, 163]}"
1967,March,https://architecturaldigest.blob.core.windows.net/architecturaldigest19670301thumbnails/Covers/0x600/19670301.jpg,"[{'title': 'THE WORLD OF RUGS', 'link': 'https://archive.architecturaldigest.com/article/1967/3/the-world-of-rugs'}, {'title': 'DIRECTORY OF PRODUCTS AND SOURCES', 'link': 'https://archive.architecturaldigest.com/article/1967/3/directory-of-products-and-sources'}, {'title': ""New York City's Seventh Annual Exhibition Of Ten Best Dressed Rooms"", 'link': 'https://archive.architecturaldigest.com/article/1967/3/new-york-citys-seventh-annual-exhibition-of-ten-best-dressed-rooms'}]",Spring,silver,darkslategrey,grey,darkolivegreen,darkgrey,"{""0.3028176382660688"": [184, 178, 152], ""0.27961136023916294"": [195, 191, 170], ""0.18636023916292974"": [56, 40, 30], ""0.11658445440956652"": [158, 130, 92], ""0.11462630792227205"": [108, 78, 53]}"
1967,June,https://architecturaldigest.blob.core.windows.net/architecturaldigest19670601thumbnails/Covers/0x600/19670601.jpg,"[{'title': 'THE WORLD OF WALLPAPERS', 'link': 'https://archive.architecturaldigest.com/article/1967/6/the-world-of-wallpapers'}, {'title': 'DIRECTORY OF PRODUCTS AND SOURCES', 'link': 'https://archive.architecturaldigest.com/article/1967/6/directory-of-products-and-sources'}, {'title': ""On New York City's East Side: A MECCA OF FRENCH TASTE"", 'link': 'https://archive.architecturaldigest.com/article/1967/6/on-new-york-citys-east-side-a-mecca-of-french-taste'}]",Summer,darkslategrey,darkolivegreen,dimgrey,rosybrown,silver,"{""0.4530320813771518"": [180, 202, 203], ""0.21726917057902972"": [49, 42, 36], ""0.15085680751173708"": [80, 71, 60], ""0.10212441314553991"": [117, 110, 93], ""0.07671752738654147"": [158, 152, 134]}"
1967,September,https://architecturaldigest.blob.core.windows.net/architecturaldigest19670901thumbnails/Covers/0x600/19670901.jpg,"[{'title': 'The World of Chandeliers', 'link': 'https://archive.architecturaldigest.com/article/1967/9/the-world-of-chandeliers'}, {'title': 'Our Architectural Heritage—Castletown House — Newly Acquired Home of the Irish Georgian Society at Celbridge, County Kildare', 'link': 'https://archive.architecturaldigest.com/article/1967/9/our-architectural-heritage-castletown-house---newly-acquired-home-of-the-irish-georgian-society-at-c'}, {'title': 'Directory of Products and Sources', 'link': 'https://archive.architecturaldigest.com/article/1967/9/directory-of-products-and-sources'}]",Fall,darkolivegreen,dimgrey,rosybrown,silver,darkslategrey,"{""0.5969170403587444"": [59, 43, 34], ""0.21244020926756352"": [82, 60, 48], ""0.07702167414050821"": [122, 97, 76], ""0.06895366218236174"": [164, 153, 137], ""0.04466741405082212"": [207, 200, 190]}"
1968,January,https://architecturaldigest.blob.core.windows.net/architecturaldigest19680101thumbnails/Covers/0x600/19680101.jpg,"[{'title': 'The World of Decorative Fabrics', 'link': 'https://archive.architecturaldigest.com/article/1968/1/the-world-of-decorative-fabrics'}, {'title': 'Our Architectural Heritage...The Nathaniel Russell House—Charleston, South Carolina', 'link': 'https://archive.architecturaldigest.com/article/1968/1/our-architectural-heritagethe-nathaniel-russell-house--charleston-south-carolina'}, {'title': 'STYLE IN STEEL HOME—BUENA PARK, CALIFORNIA', 'link': 'https://archive.architecturaldigest.com/article/1968/1/style-in-steel-home--buena-park-california'}]",Winter,,darkolivegreen,grey,silver,darkslategrey,"{""0.4614835164835165"": [35, 73, 72], ""0.27016117216117214"": [66, 58, 51], ""0.15071428571428572"": [107, 87, 69], ""0.08117582417582418"": [132, 134, 116], ""0.03646520146520146"": [197, 206, 198]}"
1968,March,https://architecturaldigest.blob.core.windows.net/architecturaldigest19680301thumbnails/Covers/0x600/19680301.jpg,"[{'title': 'The Editor introduces a new series of articles ... On Art', 'link': 'https://archive.architecturaldigest.com/article/1968/3/the-editor-introduces-a-new-series-of-articles-on-art'}, {'title': ""SHELBURNE MUSEUM — A Collector's Dream"", 'link': 'https://archive.architecturaldigest.com/article/1968/3/shelburne-museum---a-collectors-dream'}, {'title': 'DIRECTORY OF PRODUCTS AND SOURCES', 'link': 'https://archive.architecturaldigest.com/article/1968/3/directory-of-products-and-sources'}]",Spring,sienna,darkolivegreen,darkkhaki,peru,tan,"{""0.3448677248677249"": [192, 188, 158], ""0.20612244897959184"": [137, 98, 64], ""0.16471277399848827"": [90, 75, 54], ""0.15961451247165534"": [187, 171, 126], ""0.12468253968253969"": [172, 133, 82]}"
1968,June,https://architecturaldigest.blob.core.windows.net/architecturaldigest19680601thumbnails/Covers/0x600/19680601.jpg,"[{'title': 'Fleur Cowles. . . On Art', 'link': 'https://archive.architecturaldigest.com/article/1968/6/fleur-cowles-on-art'}, {'title': 'RESTYLING OF A STYLE-SETTER', 'link': 'https://archive.architecturaldigest.com/article/1968/6/restyling-of-a-style-setter'}, {'title': 'DIRECTORY OF PRODUCTS AND SOURCES', 'link': 'https://archive.architecturaldigest.com/article/1968/6/directory-of-products-and-sources'}]",Summer,darkolivegreen,,rosybrown,grey,lightgrey,"{""0.5550331125827814"": [216, 213, 196], ""0.1684805003679176"": [81, 54, 42], ""0.13491537895511405"": [117, 78, 58], ""0.07394039735099338"": [185, 166, 136], ""0.06763061074319353"": [156, 122, 91]}"
1968,September,https://architecturaldigest.blob.core.windows.net/architecturaldigest19680901thumbnails/Covers/0x600/19680901.jpg,"[{'title': 'Mr. And Mrs. Edward G. Robinson... On Art', 'link': 'https://archive.architecturaldigest.com/article/1968/9/mr-and-mrs-edward-g-robinson-on-art'}, {'title': 'An Experience in Modern Living—ranch Style', 'link': 'https://archive.architecturaldigest.com/article/1968/9/an-experience-in-modern-living-ranch-style'}, {'title': 'Directory of Products and Sources', 'link': 'https://archive.architecturaldigest.com/article/1968/9/directory-of-products-and-sources'}]",Fall,darkolivegreen,darkslategrey,dimgrey,lightgrey,rosybrown,"{""0.4487956748695004"": [165, 159, 138], ""0.22477628635346755"": [93, 83, 72], ""0.15742356450410142"": [57, 45, 39], ""0.13916853094705445"": [128, 117, 99], ""0.02983594332587621"": [214, 216, 210]}"
1969,January,https://architecturaldigest.blob.core.windows.net/architecturaldigest19690101thumbnails/Covers/0x600/19690101.jpg,"[{'title': 'DIRECTORY OF PRODUCTS AND SOURCES', 'link': 'https://archive.architecturaldigest.com/article/1969/1/directory-of-products-and-sources'}, {'title': ""DESIGNER'S INDIANA RETREAT"", 'link': 'https://archive.architecturaldigest.com/article/1969/1/designers-indiana-retreat'}, {'title': 'LIBERTY HALL —Our Architectural Heritage...KENANSVILLE, CAROLINA', 'link': 'https://archive.architecturaldigest.com/article/1969/1/liberty-hall--our-architectural-heritagekenansville-carolina'}]",Winter,darkslategrey,darkolivegreen,grey,silver,dimgrey,"{""0.4916401515151515"": [85, 116, 117], ""0.19610227272727274"": [48, 45, 37], ""0.19243181818181818"": [86, 87, 67], ""0.07106439393939394"": [152, 142, 122], ""0.04876136363636364"": [196, 200, 193]}"
1969,March,https://architecturaldigest.blob.core.windows.net/architecturaldigest19690301thumbnails/Covers/0x600/19690301.jpg,"[{'title': 'The World of LEISURE', 'link': 'https://archive.architecturaldigest.com/article/1969/3/the-world-of-leisure'}, {'title': 'Arizona Adobe Recalls the Past', 'link': 'https://archive.architecturaldigest.com/article/1969/3/arizona-adobe-recalls-the-past'}, {'title': 'Directory of Products and Sources', 'link': 'https://archive.architecturaldigest.com/article/1969/3/directory-of-products-and-sources'}]",Spring,black,silver,darkgrey,darkslategrey,slategrey,"{""0.4725507900677201"": [104, 120, 131], ""0.2360308502633559"": [35, 31, 32], ""0.15748683220466517"": [193, 194, 194], ""0.08686982693754702"": [153, 154, 157], ""0.04706170052671181"": [65, 68, 71]}"
1969,June,https://architecturaldigest.blob.core.windows.net/architecturaldigest19690601thumbnails/Covers/0x600/19690601.jpg,"[{'title': 'Wally Findlay ... On Art', 'link': 'https://archive.architecturaldigest.com/article/1969/6/wally-findlay-on-art'}, {'title': 'The World of Lamps', 'link': 'https://archive.architecturaldigest.com/article/1969/6/the-world-of-lamps'}, {'title': 'Introduction to Antiques', 'link': 'https://archive.architecturaldigest.com/article/1969/6/introduction-to-antiques'}]",Summer,darkslategrey,darkolivegreen,sienna,grey,silver,"{""0.4996493212669683"": [210, 201, 187], ""0.20352187028657617"": [49, 39, 31], ""0.13713800904977375"": [86, 60, 45], ""0.12546380090497739"": [121, 83, 59], ""0.03422699849170437"": [164, 134, 105]}"
1969,September,https://architecturaldigest.blob.core.windows.net/architecturaldigest19690901thumbnails/Covers/0x600/19690901.jpg,"[{'title': 'ANTIQUES — WINTERTHUR MUSEUM', 'link': 'https://archive.architecturaldigest.com/article/1969/9/antiques---winterthur-museum'}, {'title': 'THE WORLD OF KITCHENS', 'link': 'https://archive.architecturaldigest.com/article/1969/9/the-world-of-kitchens'}, {'title': 'HOME FOR SEASIDE LIVING', 'link': 'https://archive.architecturaldigest.com/article/1969/9/home-for-seaside-living'}]",Fall,darkslategrey,darkolivegreen,grey,silver,sienna,"{""0.4499439461883408"": [152, 80, 61], ""0.20996636771300448"": [59, 42, 39], ""0.1767189835575486"": [98, 73, 63], ""0.0876644245142003"": [148, 129, 113], ""0.07570627802690583"": [209, 194, 179]}"
1970,January,https://architecturaldigest.blob.core.windows.net/architecturaldigest19700101thumbnails/Covers/0x600/19700101.jpg,"[{'title': 'Vincent Price... On Art', 'link': 'https://archive.architecturaldigest.com/article/1970/1/vincent-price-on-art'}, {'title': 'THE WESTERN WHITE HOUSE AT SAN CLEMENTE', 'link': 'https://archive.architecturaldigest.com/article/1970/1/the-western-white-house-at-san-clemente'}, {'title': 'UNIQUE EXPRESSION OF SPACE AND FORM', 'link': 'https://archive.architecturaldigest.com/article/1970/1/unique-expression-of-space-and-form'}]",Winter,tan,black,sienna,antiquewhite,darkslategrey,"{""0.5586777777777778"": [45, 40, 27], ""0.13392222222222222"": [200, 176, 124], ""0.12637407407407408"": [26, 16, 10], ""0.09994444444444445"": [126, 96, 61], ""0.08108148148148148"": [238, 231, 213]}"
1970,March,https://architecturaldigest.blob.core.windows.net/architecturaldigest19700301thumbnails/Covers/0x600/19700301.jpg,"[{'title': 'Michele Cascella… On Art', 'link': 'https://archive.architecturaldigest.com/article/1970/3/michele-cascella-on-art'}, {'title': 'FRENCH PAVILION IN SANTA BARBARA', 'link': 'https://archive.architecturaldigest.com/article/1970/3/french-pavilion-in-santa-barbara'}, {'title': 'THE PEYTON RANDOLPH HOUSE', 'link': 'https://archive.architecturaldigest.com/article/1970/3/the-peyton-randolph-house'}]",Spring,black,darkolivegreen,gainsboro,grey,lightgrey,"{""0.4495925925925926"": [219, 219, 194], ""0.16855925925925927"": [22, 20, 14], ""0.14522592592592592"": [88, 84, 69], ""0.1379074074074074"": [202, 224, 239], ""0.09871481481481481"": [135, 132, 114]}"
1970,June,https://architecturaldigest.blob.core.windows.net/architecturaldigest19700601thumbnails/Covers/0x600/19700601.jpg,"[{'title': '“NINETEENTH CENTURY AMERICA” EXHIBITION AT THE METROPOLITAN MUSEUM OF ART', 'link': 'https://archive.architecturaldigest.com/article/1970/6/nineteenth-century-america-exhibition-at-the-metropolitan-museum-of-art'}, {'title': 'FIFTH AVENUE APARTMENT FOR FAMILY LIVING', 'link': 'https://archive.architecturaldigest.com/article/1970/6/fifth-avenue-apartment-for-family-living'}, {'title': 'A LOOK AT THE WORLD OF YACHTS', 'link': 'https://archive.architecturaldigest.com/article/1970/6/a-look-at-the-world-of-yachts'}]",Summer,dimgrey,darkolivegreen,black,lightgrey,darkgrey,"{""0.517637037037037"": [168, 171, 156], ""0.18584444444444445"": [122, 110, 87], ""0.1274"": [84, 70, 58], ""0.10444444444444445"": [39, 30, 30], ""0.06467407407407408"": [219, 218, 195]}"
1970,September,https://architecturaldigest.blob.core.windows.net/architecturaldigest19700901thumbnails/Covers/0x600/19700901.jpg,"[{'title': 'MILO BAUGHMAN ON DESIGN', 'link': 'https://archive.architecturaldigest.com/article/1970/9/milo-baughman-on-design'}, {'title': 'MODERN SIMPLICITY FOR NEW YORK APARTMENT', 'link': 'https://archive.architecturaldigest.com/article/1970/9/modern-simplicity-for-new-york-apartment'}, {'title': ""THE GOVERNOR'S MANSION"", 'link': 'https://archive.architecturaldigest.com/article/1970/9/the-governors-mansion'}]",Fall,black,darkkhaki,saddlebrown,antiquewhite,silver,"{""0.5375037037037037"": [191, 198, 163], ""0.17487777777777777"": [25, 12, 5], ""0.16952962962962964"": [177, 153, 96], ""0.08195185185185185"": [117, 85, 42], ""0.03613703703703704"": [236, 235, 210]}"
1970,November,https://architecturaldigest.blob.core.windows.net/architecturaldigest19701101thumbnails/Covers/0x600/19701101.jpg,"[{'title': 'THE DIPLOMATIC RECEPTION ROOMS OF THE U.S. STATE DEPARTMENT', 'link': 'https://archive.architecturaldigest.com/article/1970/11/the-diplomatic-reception-rooms-of-the-us-state-department'}, {'title': 'MEDITERRANEAN VILLA IN BEVERLY HILLS', 'link': 'https://archive.architecturaldigest.com/article/1970/11/mediterranean-villa-in-beverly-hills'}, {'title': 'A Desert Oasis in Palm Springs', 'link': 'https://archive.architecturaldigest.com/article/1970/11/a-desert-oasis-in-palm-springs'}]",Fall,darkkhaki,black,,linen,darkolivegreen,"{""0.6159555555555556"": [100, 80, 31], ""0.1439148148148148"": [159, 146, 94], ""0.11204074074074075"": [34, 18, 7], ""0.10726296296296296"": [68, 51, 24], ""0.020825925925925925"": [241, 233, 226]}"
1971,January,https://architecturaldigest.blob.core.windows.net/architecturaldigest19710101thumbnails/Covers/0x600/19710101.jpg,"[{'title': 'Directory of Products and Sources', 'link': 'https://archive.architecturaldigest.com/article/1971/1/directory-of-products-and-sources'}, {'title': 'Design House West', 'link': 'https://archive.architecturaldigest.com/article/1971/1/design-house-west'}, {'title': 'Contemporary Villa in Santa Barbara', 'link': 'https://archive.architecturaldigest.com/article/1971/1/contemporary-villa-in-santa-barbara'}]",Winter,darkslategrey,darkolivegreen,darkgrey,gainsboro,black,"{""0.6377814814814815"": [7, 25, 12], ""0.1579"": [63, 38, 28], ""0.09176666666666666"": [113, 92, 67], ""0.05882962962962963"": [165, 168, 148], ""0.05372222222222222"": [223, 230, 218]}"
1971,March,https://architecturaldigest.blob.core.windows.net/architecturaldigest19710301thumbnails/Covers/0x600/19710301.jpg,"[{'title': 'A New Look of Individuality for the Helena Rubinstein Cosmetic Empire', 'link': 'https://archive.architecturaldigest.com/article/1971/3/a-new-look-of-individuality-for-the-helena-rubinstein-cosmetic-empire'}, {'title': 'On Art: The Revival of Lihography', 'link': 'https://archive.architecturaldigest.com/article/1971/3/on-art-the-revival-of-lihography'}, {'title': 'Designed With Theme of Antiquity', 'link': 'https://archive.architecturaldigest.com/article/1971/3/designed-with-theme-of-antiquity'}]",Spring,black,darkgrey,darkslategrey,grey,whitesmoke,"{""0.3294037037037037"": [245, 245, 245], ""0.28358518518518516"": [12, 10, 13], ""0.16713703703703703"": [176, 177, 172], ""0.11869259259259259"": [65, 57, 55], ""0.10118148148148148"": [121, 119, 118]}"
1971,May,https://architecturaldigest.blob.core.windows.net/architecturaldigest19710501thumbnails/Covers/0x600/19710501.jpg,"[{'title': 'LE BRISTOL HOTEL IN PARIS', 'link': 'https://archive.architecturaldigest.com/article/1971/5/le-bristol-hotel-in-paris'}, {'title': 'A Contemporary Mood for Pasadena Living', 'link': 'https://archive.architecturaldigest.com/article/1971/5/a-contemporary-mood-for-pasadena-living'}, {'title': 'A WEEKEND BEACH HOUSE IN MALIBU', 'link': 'https://archive.architecturaldigest.com/article/1971/5/a-weekend-beach-house-in-malibu'}]",Spring,black,darkgrey,darkslategrey,lightgrey,grey,"{""0.4143222222222222"": [142, 141, 90], ""0.20975555555555556"": [25, 22, 21], ""0.17443333333333333"": [136, 156, 180], ""0.13792592592592592"": [73, 71, 62], ""0.06356296296296296"": [214, 215, 210]}"
1971,July,https://architecturaldigest.blob.core.windows.net/architecturaldigest19710701thumbnails/Covers/0x600/19710701.jpg,"[{'title': 'Antique Savoir-Faire', 'link': 'https://archive.architecturaldigest.com/article/1971/7/antique-savoir-faire'}, {'title': ""VILLA d'ESTE ON LAKE COMO"", 'link': 'https://archive.architecturaldigest.com/article/1971/7/villa-deste-on-lake-como'}, {'title': ""THE ARCHITECT'S PERSPECTIVE"", 'link': 'https://archive.architecturaldigest.com/article/1971/7/the-architects-perspective'}]",Summer,black,darkolivegreen,dimgrey,rosybrown,whitesmoke,"{""0.3520259259259259"": [244, 245, 244], ""0.2318962962962963"": [28, 12, 10], ""0.22870740740740741"": [81, 52, 40], ""0.12316666666666666"": [125, 107, 82], ""0.06420370370370371"": [182, 167, 135]}"
1971,September,https://architecturaldigest.blob.core.windows.net/architecturaldigest19710901thumbnails/Covers/0x600/19710901.jpg,"[{'title': ""THE ARCHITECT'S PERSPECTIVE"", 'link': 'https://archive.architecturaldigest.com/article/1971/9/the-architects-perspective'}, {'title': 'SUMIYA', 'link': 'https://archive.architecturaldigest.com/article/1971/9/sumiya'}, {'title': 'ARCHITECTURAL DIGEST VISITS…', 'link': 'https://archive.architecturaldigest.com/article/1971/9/architectural-digest-visits'}]",Fall,black,saddlebrown,darkslategrey,rosybrown,whitesmoke,"{""0.31171481481481483"": [244, 243, 243], ""0.24274814814814816"": [10, 4, 6], ""0.19473703703703704"": [140, 54, 37], ""0.16043333333333334"": [77, 39, 33], ""0.09036666666666666"": [163, 146, 120]}"
1971,November,https://architecturaldigest.blob.core.windows.net/architecturaldigest19711101thumbnails/Covers/0x600/19711101.jpg,"[{'title': 'People Are the Issue', 'link': 'https://archive.architecturaldigest.com/article/1971/11/people-are-the-issue'}, {'title': 'Antique Roses', 'link': 'https://archive.architecturaldigest.com/article/1971/11/antique-roses'}, {'title': 'Contemporary Elegance For A Working Ranch', 'link': 'https://archive.architecturaldigest.com/article/1971/11/contemporary-elegance'}]",Fall,black,saddlebrown,sienna,darkkhaki,whitesmoke,"{""0.3395666666666667"": [245, 245, 245], ""0.22273333333333334"": [34, 9, 3], ""0.20127777777777778"": [93, 52, 20], ""0.15665925925925925"": [143, 103, 49], ""0.07976296296296297"": [187, 154, 102]}"
1972,January,https://architecturaldigest.blob.core.windows.net/architecturaldigest19720101thumbnails/Covers/0x600/19720101.jpg,"[{'title': 'BUYING AMERICAN ANTIQUES AT AUCTION', 'link': 'https://archive.architecturaldigest.com/article/1972/1/buying-american-antiques-at-auction'}, {'title': 'PEOPLE ARE THE ISSUE', 'link': 'https://archive.architecturaldigest.com/article/1972/1/people-are-the-issue'}, {'title': 'TRES VIDAS', 'link': 'https://archive.architecturaldigest.com/article/1972/1/tres-vidas'}]",Winter,black,darkslategrey,dimgrey,darkkhaki,lightgrey,"{""0.3586658841940532"": [216, 214, 200], ""0.27928794992175277"": [39, 35, 28], ""0.17385367762128326"": [71, 62, 47], ""0.10188575899843505"": [115, 104, 72], ""0.08630672926447575"": [162, 147, 104]}"
1972,March,https://architecturaldigest.blob.core.windows.net/architecturaldigest19720301thumbnails/Covers/0x600/19720301.jpg,"[{'title': 'PEOPLE ARE THE ISSUE', 'link': 'https://archive.architecturaldigest.com/article/1972/3/people-are-the-issue'}, {'title': 'Collecting Chinese Snuff Bottles', 'link': 'https://archive.architecturaldigest.com/article/1972/3/collecting-chinese-snuff-bottles'}, {'title': ""WOODROW WILSON'S HOME IN WASHINGTON, D.C."", 'link': 'https://archive.architecturaldigest.com/article/1972/3/woodrow-wilsons'}]",Spring,black,darkslategrey,darkolivegreen,grey,whitesmoke,"{""0.33175185185185185"": [244, 244, 244], ""0.32994814814814816"": [21, 12, 11], ""0.23951111111111112"": [62, 36, 24], ""0.07454444444444444"": [95, 78, 58], ""0.024244444444444443"": [150, 153, 138]}"
1972,May,https://architecturaldigest.blob.core.windows.net/architecturaldigest19720501thumbnails/Covers/0x600/19720501.jpg,"[{'title': 'Collecting Chinese Art', 'link': 'https://archive.architecturaldigest.com/article/1972/5/collecting-chinese-art'}, {'title': 'PEOPLE ARE THE ISSUE', 'link': 'https://archive.architecturaldigest.com/article/1972/5/people-are-the-issue'}, {'title': ""anthony hail's san francisco apartment"", 'link': 'https://archive.architecturaldigest.com/article/1972/5/anthony-hails-san-francisco-apartment'}]",Spring,darkolivegreen,grey,silver,black,whitesmoke,"{""0.3492777777777778"": [245, 245, 244], ""0.21595925925925927"": [107, 87, 53], ""0.1917111111111111"": [152, 134, 89], ""0.1248"": [204, 195, 166], ""0.11825185185185186"": [53, 30, 22]}"
1972,July,https://architecturaldigest.blob.core.windows.net/architecturaldigest19720701thumbnails/Covers/0x600/19720701.jpg,"[{'title': 'The Beverly Wilshire', 'link': 'https://archive.architecturaldigest.com/article/1972/7/the-beverly-wilshire'}, {'title': 'People Are The Issue', 'link': 'https://archive.architecturaldigest.com/article/1972/7/people-are-the-issue'}, {'title': 'The Shadows-On-The-Teche', 'link': 'https://archive.architecturaldigest.com/article/1972/7/the-shadows-on-the-teche'}]",Summer,grey,darkolivegreen,black,tan,whitesmoke,"{""0.3335111111111111"": [245, 245, 245], ""0.18981111111111112"": [142, 130, 109], ""0.18151481481481482"": [82, 89, 72], ""0.1690222222222222"": [28, 36, 28], ""0.12614074074074075"": [203, 179, 147]}"
1972,September,https://architecturaldigest.blob.core.windows.net/architecturaldigest19720901thumbnails/Covers/0x600/19720901.jpg,"[{'title': 'The Thorne Collection of Miniatures — A Capsule History of the Decorative Arts', 'link': 'https://archive.architecturaldigest.com/article/1972/9/the-thorne-collection-of-miniatures---a-capsule-history-of-the-decorative-arts'}, {'title': 'COLLECTING 18th and 19th Century AMERICAN PAINTINGS', 'link': 'https://archive.architecturaldigest.com/article/1972/9/collecting-18th-and-19th-century-american-paintings'}, {'title': 'Architecture From the Sea', 'link': 'https://archive.architecturaldigest.com/article/1972/9/architecture-from-the-sea'}]",Fall,darkslategrey,darkolivegreen,sienna,rosybrown,lightgrey,"{""0.368609865470852"": [213, 211, 194], ""0.18920777279521675"": [60, 44, 37], ""0.17581091180866965"": [99, 68, 57], ""0.14387892376681613"": [147, 90, 71], ""0.12249252615844544"": [162, 151, 130]}"
1972,November,https://architecturaldigest.blob.core.windows.net/architecturaldigest19721101thumbnails/Covers/0x600/19721101.jpg,"[{'title': 'ANTIQUE JEWELRY OF THE DIAMOND AGE', 'link': 'https://archive.architecturaldigest.com/article/1972/11/antique-jewelry-of-the-diamond-age'}, {'title': 'COLLECTING AFRICAN ART', 'link': 'https://archive.architecturaldigest.com/article/1972/11/collecting-african-art'}, {'title': ""WOODY ALLEN'S PENTHOUSE"", 'link': 'https://archive.architecturaldigest.com/article/1972/11/woody-allens-penthouse'}]",Fall,whitesmoke,maroon,sienna,peru,black,"{""0.3854666666666667"": [15, 7, 6], ""0.305337037037037"": [245, 244, 244], ""0.14"": [71, 38, 22], ""0.1097888888888889"": [136, 92, 49], ""0.05940740740740741"": [200, 154, 86]}"
1973,January,https://architecturaldigest.blob.core.windows.net/architecturaldigest19730101thumbnails/Covers/0x600/19730101.jpg,"[{'title': 'PAINTINGS AS AN INVESTMENT', 'link': 'https://archive.architecturaldigest.com/article/1973/1/paintings-as-an-investment'}, {'title': 'COLOR PSYCHOLOGY', 'link': 'https://archive.architecturaldigest.com/article/1973/1/color-psychology'}, {'title': 'ARCHITECTURAL DIGEST VISITS: CHANEL', 'link': 'https://archive.architecturaldigest.com/article/1973/1/architectural-digest-visits-chanel'}]",Winter,black,darkslategrey,darkolivegreen,grey,silver,"{""0.381632183908046"": [194, 193, 168], ""0.3398045977011494"": [34, 29, 26], ""0.15441379310344827"": [66, 50, 40], ""0.0653639846743295"": [110, 89, 67], ""0.05878544061302682"": [158, 143, 113]}"
1973,March,https://architecturaldigest.blob.core.windows.net/architecturaldigest19730301thumbnails/Covers/0x600/19730301.jpg,"[{'title': 'THE ROYAL PAVILION AT BRIGHTON', 'link': 'https://archive.architecturaldigest.com/article/1973/3/the-royal-paviiiin-at-brghton'}, {'title': 'MOULIN DES CORBEAUX', 'link': 'https://archive.architecturaldigest.com/article/1973/3/moulin-des-corbeaux'}, {'title': 'COLLECTING OLD ETCHINGS AND ENGRAVINGS', 'link': 'https://archive.architecturaldigest.com/article/1973/3/collecting-old-etchings-and-engravings'}]",Spring,saddlebrown,black,sienna,tan,whitesmoke,"{""0.3174"": [245, 245, 244], ""0.2426"": [105, 64, 42], ""0.17526296296296295"": [56, 27, 19], ""0.16405925925925927"": [153, 118, 79], ""0.10067777777777778"": [200, 172, 129]}"
1973,May,https://architecturaldigest.blob.core.windows.net/architecturaldigest19730501thumbnails/Covers/0x600/19730501.jpg,"[{'title': 'Investing In Antique Furniture', 'link': 'https://archive.architecturaldigest.com/article/1973/5/investing-in-antique-furniture'}, {'title': 'BUYING A HOME IN EUROPE', 'link': 'https://archive.architecturaldigest.com/article/1973/5/buying-a-home-in-europe'}, {'title': 'PRODUCT DIRECTORY', 'link': 'https://archive.architecturaldigest.com/article/1973/5/product-directory'}]",Spring,whitesmoke,maroon,sienna,rosybrown,black,"{""0.3794074074074074"": [10, 3, 2], ""0.3627074074074074"": [245, 244, 244], ""0.11314074074074074"": [64, 34, 18], ""0.08818148148148149"": [121, 86, 53], ""0.05656296296296296"": [169, 149, 112]}"
1973,July,https://architecturaldigest.blob.core.windows.net/architecturaldigest19730701thumbnails/Covers/0x600/19730701.jpg,"[{'title': 'Sévigny in Spain', 'link': 'https://archive.architecturaldigest.com/article/1973/7/sevigny-in-spain'}, {'title': 'Quinta da Alegria', 'link': 'https://archive.architecturaldigest.com/article/1973/7/quinta-da-alegria'}, {'title': 'Opulence', 'link': 'https://archive.architecturaldigest.com/article/1973/7/opulence'}]",Summer,darkolivegreen,black,sienna,peru,whitesmoke,"{""0.35394444444444445"": [245, 245, 244], ""0.23216666666666666"": [82, 48, 30], ""0.17885185185185185"": [34, 14, 7], ""0.1350851851851852"": [132, 96, 56], ""0.09995185185185185"": [174, 142, 90]}"
1973,September,https://architecturaldigest.blob.core.windows.net/architecturaldigest19730901thumbnails/Covers/0x600/19730901.jpg,"[{'title': 'Two for Tradition', 'link': 'https://archive.architecturaldigest.com/article/1973/9/two-for-tradition'}, {'title': 'Architectural Digest Visits Senator and Mrs. Edward M. Kennedy', 'link': 'https://archive.architecturaldigest.com/article/1973/9/architectural-digest-visits-senator-and-mrs-edward-m-kennedy'}, {'title': 'East River Anthology', 'link': 'https://archive.architecturaldigest.com/article/1973/9/east-river-anthology'}]",Fall,black,darkslategrey,dimgrey,rosybrown,whitesmoke,"{""0.34477407407407407"": [245, 245, 244], ""0.23067037037037036"": [25, 15, 14], ""0.17656296296296295"": [77, 59, 49], ""0.14227777777777778"": [125, 110, 92], ""0.10571481481481482"": [176, 163, 136]}"
1973,November,https://architecturaldigest.blob.core.windows.net/architecturaldigest19731101thumbnails/Covers/0x600/19731101.jpg,"[{'title': 'Architectural Digest Visits Sybil Connolly', 'link': 'https://archive.architecturaldigest.com/article/1973/11/architectural-digest-visits-sybil-connolly'}, {'title': 'Outdoor Sculptors', 'link': 'https://archive.architecturaldigest.com/article/1973/11/outdoor-sculptors'}, {'title': 'The Collectors: Henry P. McIlhenny', 'link': 'https://archive.architecturaldigest.com/article/1973/11/the-collectors-henry-p-mcllhenny'}]",Fall,black,darkolivegreen,grey,silver,whitesmoke,"{""0.34776666666666667"": [245, 245, 244], ""0.26444074074074075"": [15, 16, 9], ""0.17363703703703703"": [98, 82, 49], ""0.11187037037037037"": [162, 145, 101], ""0.10228518518518519"": [211, 202, 166]}"
1974,January,https://architecturaldigest.blob.core.windows.net/architecturaldigest19740101thumbnails/Covers/0x600/19740101.jpg,"[{'title': 'The Collectors: Benjamin E. Garber and William C. Kennedy', 'link': 'https://archive.architecturaldigest.com/article/1974/1/the-collectors-benjamin-e-garber-and-william-c-kennedy'}, {'title': 'Grand in the Greer Manner', 'link': 'https://archive.architecturaldigest.com/article/1974/1/grand-in-the-greer-manner'}, {'title': 'Collecting Rare Specimens', 'link': 'https://archive.architecturaldigest.com/article/1974/1/collecting-rare-specimens'}]",Winter,darkkhaki,black,darkolivegreen,sienna,whitesmoke,"{""0.36114074074074076"": [245, 245, 244], ""0.18094814814814814"": [184, 164, 117], ""0.17251481481481482"": [35, 20, 13], ""0.14446666666666666"": [87, 65, 40], ""0.14092962962962963"": [145, 118, 75]}"
1974,March,https://architecturaldigest.blob.core.windows.net/architecturaldigest19740301thumbnails/Covers/0x600/19740301.jpg,"[{'title': 'A Word to the Wined', 'link': 'https://archive.architecturaldigest.com/article/1974/3/a-word-to-the-wined'}, {'title': 'Collecting Old Master Drawings', 'link': 'https://archive.architecturaldigest.com/article/1974/3/collecting-old-master-drawings'}, {'title': ""Investing: Trick or Treat in Today's Treasure Market?"", 'link': 'https://archive.architecturaldigest.com/article/1974/3/investing-trick-or-treat-in-todays-treasure-market'}]",Spring,sienna,tan,grey,black,whitesmoke,"{""0.3037074074074074"": [245, 245, 245], ""0.21998518518518517"": [121, 87, 55], ""0.21342592592592594"": [207, 184, 157], ""0.1892074074074074"": [162, 133, 94], ""0.07367407407407407"": [43, 29, 21]}"
1974,May,https://architecturaldigest.blob.core.windows.net/architecturaldigest19740501thumbnails/Covers/0x600/19740501.jpg,"[{'title': 'Splendid Refinement on Beekman Place', 'link': 'https://archive.architecturaldigest.com/article/1974/5/splendid-refinement-on-beekman-place'}, {'title': 'East River Tower', 'link': 'https://archive.architecturaldigest.com/article/1974/5/east-river-tower'}, {'title': 'COLLECTABLES', 'link': 'https://archive.architecturaldigest.com/article/1974/5/collectables'}]",Spring,sienna,saddlebrown,black,tan,whitesmoke,"{""0.33568888888888887"": [245, 245, 244], ""0.30140370370370373"": [148, 112, 58], ""0.14773333333333333"": [104, 71, 38], ""0.13206666666666667"": [35, 22, 11], ""0.08310740740740741"": [202, 185, 134]}"
1974,July,https://architecturaldigest.blob.core.windows.net/architecturaldigest19740701thumbnails/Covers/0x600/19740701.jpg,"[{'title': 'Made in U.S.A.', 'link': 'https://archive.architecturaldigest.com/article/1974/7/made-in-us-a'}, {'title': 'Architectural Digest Visits Dinah Shore', 'link': 'https://archive.architecturaldigest.com/article/1974/7/architectural-digest-visits-dinah-shore'}, {'title': 'Discovering Antique Paperweights', 'link': 'https://archive.architecturaldigest.com/article/1974/7/discovering-antique-paperweights'}]",Summer,darkslategrey,black,dimgrey,darkgrey,whitesmoke,"{""0.362462962962963"": [245, 245, 245], ""0.2324074074074074"": [61, 53, 41], ""0.23193703703703702"": [16, 16, 13], ""0.13007407407407406"": [115, 100, 75], ""0.04311851851851852"": [179, 180, 173]}"
1974,September,https://architecturaldigest.blob.core.windows.net/architecturaldigest19740901thumbnails/Covers/0x600/19740901.jpg,"[{'title': 'IMAGES OF THE AMERICAN INDIAN', 'link': 'https://archive.architecturaldigest.com/article/1974/9/images-of-the-american-indian'}, {'title': 'ANTIQUE TAPESTRIES', 'link': 'https://archive.architecturaldigest.com/article/1974/9/antique-tapestrie'}, {'title': 'PEOPLE ARE THE ISSUE', 'link': 'https://archive.architecturaldigest.com/article/1974/9/people-are-the-issue'}]",Fall,darkolivegreen,black,grey,tan,whitesmoke,"{""0.3107"": [245, 245, 244], ""0.26975185185185185"": [81, 78, 54], ""0.16415555555555555"": [37, 35, 23], ""0.15986666666666666"": [145, 125, 93], ""0.09552592592592593"": [190, 168, 139]}"
1974,November,https://architecturaldigest.blob.core.windows.net/architecturaldigest19741101thumbnails/Covers/0x600/19741101.jpg,"[{'title': 'TRAVEL', 'link': 'https://archive.architecturaldigest.com/article/1974/11/travel-2'}, {'title': 'THE COLLECTORS: ALICE M. KAPLAN', 'link': 'https://archive.architecturaldigest.com/article/1974/11/the-collectors-alice-m-kaplan'}, {'title': 'ADDENDA', 'link': 'https://archive.architecturaldigest.com/article/1974/11/addenda-3'}]",Fall,whitesmoke,darkslategrey,darkkhaki,dimgrey,black,"{""0.3398407407407407"": [20, 10, 8], ""0.33790740740740743"": [245, 245, 244], ""0.13584444444444443"": [59, 52, 44], ""0.09953703703703703"": [169, 168, 126], ""0.08687037037037038"": [120, 111, 77]}"
1975,January,https://architecturaldigest.blob.core.windows.net/architecturaldigest19750101thumbnails/Covers/0x600/19750101.jpg,"[{'title': 'ANTIQUE ORIENTAL RUGS', 'link': 'https://archive.architecturaldigest.com/article/1975/1/antique-oriental-rugs'}, {'title': ""John Fowler's English Country Cottage"", 'link': 'https://archive.architecturaldigest.com/article/1975/1/john-fowlers-english-country-cottage'}, {'title': ""Time's Most Elegant Case"", 'link': 'https://archive.architecturaldigest.com/article/1975/1/times-most-elegent-case'}]",Winter,saddlebrown,rosybrown,black,maroon,whitesmoke,"{""0.339137037037037"": [243, 243, 242], ""0.20528888888888888"": [139, 64, 39], ""0.1547037037037037"": [173, 145, 107], ""0.15256666666666666"": [19, 8, 6], ""0.14830370370370372"": [79, 36, 21]}"
1975,March,https://architecturaldigest.blob.core.windows.net/architecturaldigest19750301thumbnails/Covers/0x600/19750301.jpg,"[{'title': 'The Villa Agnelli Gardens', 'link': 'https://archive.architecturaldigest.com/article/1975/3/the-villa-agnelli-gardens'}, {'title': 'The Collectors: Madame Bokanowski', 'link': 'https://archive.architecturaldigest.com/article/1975/3/the-collectors-madame-bokanowski'}, {'title': 'Amish Quilts', 'link': 'https://archive.architecturaldigest.com/article/1975/3/amish-quilts'}]",Spring,whitesmoke,darkslategrey,sienna,darkgrey,black,"{""0.4559740740740741"": [17, 17, 15], ""0.33935925925925925"": [245, 245, 244], ""0.10377037037037037"": [64, 68, 70], ""0.05940740740740741"": [156, 108, 61], ""0.04148888888888889"": [173, 167, 154]}"
1975,May,https://architecturaldigest.blob.core.windows.net/architecturaldigest19750501thumbnails/Covers/0x600/19750501.jpg,"[{'title': 'Empire Furniture: The Napoleonic Heritage', 'link': 'https://archive.architecturaldigest.com/article/1975/5/antiques-2'}, {'title': 'Nautical Paintings', 'link': 'https://archive.architecturaldigest.com/article/1975/5/nautical-paintings'}, {'title': 'MUSIC', 'link': 'https://archive.architecturaldigest.com/article/1975/5/music'}]",Spring,darkkhaki,burlywood,sienna,black,whitesmoke,"{""0.3436962962962963"": [245, 245, 244], ""0.24223703703703703"": [180, 156, 104], ""0.21956666666666666"": [217, 197, 146], ""0.14285925925925927"": [136, 109, 63], ""0.051640740740740744"": [56, 38, 13]}"
1975,July,https://architecturaldigest.blob.core.windows.net/architecturaldigest19750701thumbnails/Covers/0x600/19750701.jpg,"[{'title': 'American Art Glass', 'link': 'https://archive.architecturaldigest.com/article/1975/7/american-art-glass'}, {'title': 'PARIS NOTEBOOK', 'link': 'https://archive.architecturaldigest.com/article/1975/7/paris-notebook'}, {'title': 'Contemporary Portraiture', 'link': 'https://archive.architecturaldigest.com/article/1975/7/contemporary-portraiture'}]",Summer,black,darkslategrey,darkolivegreen,darkkhaki,whitesmoke,"{""0.3560333333333333"": [245, 244, 244], ""0.32480740740740743"": [17, 12, 12], ""0.15042962962962964"": [65, 45, 31], ""0.11004814814814814"": [118, 94, 63], ""0.05868148148148148"": [178, 159, 118]}"
1975,September,https://architecturaldigest.blob.core.windows.net/architecturaldigest19750901thumbnails/Covers/0x600/19750901.jpg,"[{'title': 'INTERNATIONAL PROPERTIES', 'link': 'https://archive.architecturaldigest.com/article/1975/9/international-properties'}, {'title': 'Memories of the Grand Tour', 'link': 'https://archive.architecturaldigest.com/article/1975/9/memories-of-the-grand-tour'}, {'title': 'The Patrician Elegance of Gold Snuff-Boxes', 'link': 'https://archive.architecturaldigest.com/article/1975/9/the-patrician-elegance-of-gold-snuff-boxes'}]",Fall,sienna,darkkhaki,saddlebrown,black,whitesmoke,"{""0.2921814814814815"": [244, 244, 243], ""0.1950925925925926"": [159, 115, 67], ""0.18406666666666666"": [194, 157, 98], ""0.16662222222222223"": [104, 69, 43], ""0.16203703703703703"": [36, 18, 12]}"
1975,November,https://architecturaldigest.blob.core.windows.net/architecturaldigest19751101thumbnails/Covers/0x600/19751101.jpg,"[{'title': 'PEOPLE ARE THE ISSUE', 'link': 'https://archive.architecturaldigest.com/article/1975/11/people-are-the-issue'}, {'title': ""Dolls' Houses: Infinite Riches in a Little Room"", 'link': 'https://archive.architecturaldigest.com/article/1975/11/dolls-houses-infinite-riches-in-a-little-room'}, {'title': 'RUSSELL LYNES OBSERVES', 'link': 'https://archive.architecturaldigest.com/article/1975/11/russell-lynes-observes'}]",Fall,darkolivegreen,black,dimgrey,darkgrey,whitesmoke,"{""0.3609037037037037"": [244, 244, 244], ""0.17658888888888888"": [82, 72, 53], ""0.17193703703703703"": [25, 21, 17], ""0.16762222222222223"": [124, 125, 98], ""0.12294814814814815"": [164, 172, 150]}"
1976,January,https://architecturaldigest.blob.core.windows.net/architecturaldigest19760101thumbnails/Covers/0x600/19760101.jpg,"[{'title': 'ART American Narrative Paintings', 'link': 'https://archive.architecturaldigest.com/article/1976/1/art-american-narrative-paintings'}, {'title': 'Architectural Digest Visits: Truman Capote', 'link': 'https://archive.architecturaldigest.com/article/1976/1/architectural-digest-visits-truman-capote'}, {'title': 'INTERNATIONAL PROPERTIES', 'link': 'https://archive.architecturaldigest.com/article/1976/1/international-properties'}]",Winter,whitesmoke,darkslategrey,dimgrey,tan,black,"{""0.36610151187904966"": [22, 8, 8], ""0.2601619870410367"": [243, 242, 238], ""0.17987401007919365"": [78, 49, 40], ""0.10842332613390929"": [133, 105, 81], ""0.08543916486681065"": [190, 172, 144]}"
1976,March,https://architecturaldigest.blob.core.windows.net/architecturaldigest19760301thumbnails/Covers/0x600/19760301.jpg,"[{'title': 'ANTIQUES Duncan Phyfe Reconsidered', 'link': 'https://archive.architecturaldigest.com/article/1976/3/antiques-duncan-phyfe-reconsidered'}, {'title': 'The Château de la Chaize', 'link': 'https://archive.architecturaldigest.com/article/1976/3/the-chateau-de-la-chaize'}, {'title': 'PEOPLE ARE THE ISSUE', 'link': 'https://archive.architecturaldigest.com/article/1976/3/people-are-the-issue'}]",Spring,whitesmoke,darkslategrey,dimgrey,rosybrown,black,"{""0.3828509719222462"": [18, 10, 10], ""0.2394636429085673"": [245, 244, 244], ""0.18978041756659467"": [68, 46, 40], ""0.10124550035997121"": [128, 100, 83], ""0.0866594672426206"": [182, 155, 135]}"
1976,May,https://architecturaldigest.blob.core.windows.net/architecturaldigest19760501thumbnails/Covers/0x600/19760501.jpg,"[{'title': ""Theodore Roosevelt's Long Island Estate"", 'link': 'https://archive.architecturaldigest.com/article/1976/5/theodore-roosevelts-long-island-estate'}, {'title': 'In Praise of Women', 'link': 'https://archive.architecturaldigest.com/article/1976/5/in-praise-of-women'}, {'title': 'PEOPLE ARE THE ISSUE', 'link': 'https://archive.architecturaldigest.com/article/1976/5/people-are-the-issue'}]",Spring,rosybrown,black,dimgrey,darkslategrey,whitesmoke,"{""0.27039236861051114"": [242, 242, 239], ""0.20158747300215982"": [182, 165, 140], ""0.18928725701943844"": [33, 24, 18], ""0.18274658027357812"": [134, 113, 93], ""0.15598632109431246"": [77, 60, 48]}"
1976,July,https://architecturaldigest.blob.core.windows.net/architecturaldigest19760701thumbnails/Covers/0x600/19760701.jpg,"[{'title': 'The Duke Gardens', 'link': 'https://archive.architecturaldigest.com/article/1976/7/the-duke-gardens'}, {'title': 'American Art Pottery Revived', 'link': 'https://archive.architecturaldigest.com/article/1976/7/american-art-pottery-revived'}, {'title': 'Reading into the Past', 'link': 'https://archive.architecturaldigest.com/article/1976/7/reading-into-the-past'}]",Summer,darkslategrey,rosybrown,dimgrey,black,whitesmoke,"{""0.24295176385889128"": [243, 243, 241], ""0.23252699784017278"": [66, 55, 49], ""0.22055795536357092"": [162, 152, 140], ""0.1689812814974802"": [111, 96, 83], ""0.1349820014398848"": [21, 16, 14]}"
1976,September,https://architecturaldigest.blob.core.windows.net/architecturaldigest19760901thumbnails/Covers/0x600/19760901.jpg,"[{'title': 'Jean-Michel Frank Remembered', 'link': 'https://archive.architecturaldigest.com/article/1976/9/jean-michel-frank-remembered'}, {'title': 'PEOPLE ARE THE ISSUE', 'link': 'https://archive.architecturaldigest.com/article/1976/9/people-are-the-issue'}, {'title': 'From Louis Philippe to Napoleon III', 'link': 'https://archive.architecturaldigest.com/article/1976/9/from-louis-philippe-to-napoleon-iii'}]",Fall,sienna,whitesmoke,darksalmon,black,darkslategrey,"{""0.32790136789056873"": [63, 43, 44], ""0.2680921526277898"": [150, 72, 71], ""0.23633189344852412"": [245, 244, 243], ""0.1534053275737941"": [215, 166, 114], ""0.014269258459323255"": [5, 4, 4]}"
1976,November,https://architecturaldigest.blob.core.windows.net/architecturaldigest19761101thumbnails/Covers/0x600/19761101.jpg,"[{'title': ""EDITORS' SELECTIONS"", 'link': 'https://archive.architecturaldigest.com/article/1976/11/editors-selections'}, {'title': 'Eighteenth-Century Country Furniture in America', 'link': 'https://archive.architecturaldigest.com/article/1976/11/eighteenthcentury-country-furniture-in-america'}, {'title': 'Architectural Digest Visits: Dolores Del Rio', 'link': 'https://archive.architecturaldigest.com/article/1976/11/architectural-digest-visits-dolores-del-rio'}]",Fall,whitesmoke,black,sienna,rosybrown,darkolivegreen,"{""0.24136069114470843"": [83, 62, 37], ""0.23982361411087114"": [245, 243, 241], ""0.20793016558675306"": [26, 20, 13], ""0.17895968322534198"": [137, 102, 68], ""0.13192584593232543"": [194, 153, 125]}"
1977,January,https://architecturaldigest.blob.core.windows.net/architecturaldigest19770101thumbnails/Covers/0x600/19770101.jpg,"[{'title': 'India: Exotic Painting', 'link': 'https://archive.architecturaldigest.com/article/1977/1/india-exotic-painting'}, {'title': 'The Modern Chair', 'link': 'https://archive.architecturaldigest.com/article/1977/1/the-modern-chair'}, {'title': 'The Elms', 'link': 'https://archive.architecturaldigest.com/article/1977/1/the-elms'}]",Winter,black,darkolivegreen,indianred,tan,snow,"{""0.24568754499640028"": [253, 253, 250], ""0.20273218142548596"": [37, 27, 31], ""0.19766738660907127"": [113, 70, 61], ""0.19421886249100073"": [170, 119, 87], ""0.15969402447804176"": [204, 189, 165]}"
1977,March,https://architecturaldigest.blob.core.windows.net/architecturaldigest19770301thumbnails/Covers/0x600/19770301.jpg,"[{'title': 'Historic Houses', 'link': 'https://archive.architecturaldigest.com/article/1977/3/historic-houses'}, {'title': 'Egyptian Treasures', 'link': 'https://archive.architecturaldigest.com/article/1977/3/egyptian-treasures'}, {'title': ""Designer's Travel Notes"", 'link': 'https://archive.architecturaldigest.com/article/1977/3/designers-travel-notes'}]",Spring,black,darkolivegreen,grey,tan,whitesmoke,"{""0.29489920806335496"": [245, 244, 242], ""0.251979841612671"": [27, 12, 15], ""0.22829733621310294"": [92, 60, 55], ""0.12564794816414687"": [154, 123, 93], ""0.09917566594672426"": [208, 183, 150]}"
1977,April,https://architecturaldigest.blob.core.windows.net/architecturaldigest19770401thumbnails/Covers/0x600/19770401.jpg,"[{'title': 'VAN DAY TRUEX ON DESIGN', 'link': 'https://archive.architecturaldigest.com/article/1977/4/van-day-truex-on-design'}, {'title': ""EDITORS' SELECTIONS"", 'link': 'https://archive.architecturaldigest.com/article/1977/4/editors-selections'}, {'title': 'ART American Watercolors', 'link': 'https://archive.architecturaldigest.com/article/1977/4/art-american-watercolors'}]",Spring,whitesmoke,dimgrey,darkgrey,black,darkslategrey,"{""0.2763066954643629"": [67, 57, 50], ""0.25722102231821453"": [243, 244, 243], ""0.18538516918646508"": [115, 109, 100], ""0.1558027357811375"": [170, 168, 160], ""0.12528437724982003"": [10, 8, 11]}"
1977,May,https://architecturaldigest.blob.core.windows.net/architecturaldigest19770501thumbnails/Covers/0x600/19770501.jpg,"[{'title': ""EDITORS' SELECTIONS"", 'link': 'https://archive.architecturaldigest.com/article/1977/5/editors-selections'}, {'title': 'Two-Dimensional Multiples', 'link': 'https://archive.architecturaldigest.com/article/1977/5/two-dimensional-multiples'}, {'title': 'VAN DAY TRUEX ON DESIGN', 'link': 'https://archive.architecturaldigest.com/article/1977/5/van-day-truex-on-design'}]",Spring,black,lightslategrey,silver,darkolivegreen,whitesmoke,"{""0.2471418286537077"": [245, 245, 245], ""0.24644708423326134"": [24, 16, 16], ""0.203300935925126"": [123, 132, 152], ""0.16218142548596112"": [187, 182, 177], ""0.14092872570194384"": [91, 69, 70]}"
1977,July,https://architecturaldigest.blob.core.windows.net/architecturaldigest19770701thumbnails/Covers/0x600/19770701.jpg,"[{'title': 'The Collectors', 'link': 'https://archive.architecturaldigest.com/article/1977/7/the-collectors'}, {'title': ""EDITORS' SELECTIONS"", 'link': 'https://archive.architecturaldigest.com/article/1977/7/editors-selections'}, {'title': 'China Trade Porcelain', 'link': 'https://archive.architecturaldigest.com/article/1977/7/china-trade-porcelain'}]",Summer,white,saddlebrown,sienna,darkkhaki,black,"{""0.3881641468682505"": [25, 21, 16], ""0.2530309575233981"": [253, 253, 253], ""0.14228941684665228"": [97, 48, 41], ""0.11695824334053276"": [141, 109, 73], ""0.0995572354211663"": [192, 166, 115]}"
1977,September,https://architecturaldigest.blob.core.windows.net/architecturaldigest19770901thumbnails/Covers/0x600/19770901.jpg,"[{'title': 'DESIGNED FOR READING', 'link': 'https://archive.architecturaldigest.com/article/1977/9/designed-for-reading'}, {'title': 'Biltmore House', 'link': 'https://archive.architecturaldigest.com/article/1977/9/biltmore-house'}, {'title': 'Above Rittenhouse Square', 'link': 'https://archive.architecturaldigest.com/article/1977/9/above-rittenhouse-square'}]",Fall,whitesmoke,darkslategrey,dimgrey,darkgrey,black,"{""0.3620950323974082"": [16, 10, 13], ""0.23555435565154786"": [245, 245, 245], ""0.21692584593232542"": [81, 43, 49], ""0.10776817854571634"": [118, 92, 116], ""0.07765658747300216"": [181, 155, 175]}"
1977,October,https://architecturaldigest.blob.core.windows.net/architecturaldigest19771001thumbnails/Covers/0x600/19771001.jpg,"[{'title': 'IN THE SHOWROOMS', 'link': 'https://archive.architecturaldigest.com/article/1977/10/in-the-showrooms'}, {'title': 'INTERNATIONAL ART MARKET', 'link': 'https://archive.architecturaldigest.com/article/1977/10/international-art-market'}, {'title': 'ANTIQUES Die Wiener Werkstätte', 'link': 'https://archive.architecturaldigest.com/article/1977/10/antiques-die-wiener-werkstatte'}]",Fall,whitesmoke,grey,darkolivegreen,black,tan,"{""0.2532181425485961"": [211, 186, 151], ""0.24322894168466522"": [245, 245, 244], ""0.17917566594672427"": [166, 135, 96], ""0.17093592512598993"": [111, 77, 48], ""0.15344132469402447"": [38, 19, 13]}"
1977,November,https://architecturaldigest.blob.core.windows.net/architecturaldigest19771101thumbnails/Covers/0x600/19771101.jpg,"[{'title': 'MEXICO CITY NOTEBOOK', 'link': 'https://archive.architecturaldigest.com/article/1977/11/mexico-city-notebook'}, {'title': 'IN THE SHOWROOMS', 'link': 'https://archive.architecturaldigest.com/article/1977/11/in-the-showrooms'}, {'title': 'ART Small Animal Sculpture', 'link': 'https://archive.architecturaldigest.com/article/1977/11/art-small-animal-sculpture'}]",Fall,whitesmoke,peru,black,darkolivegreen,tan,"{""0.24971562275017997"": [204, 167, 138], ""0.2372174226061915"": [245, 245, 244], ""0.20488480921526278"": [167, 131, 95], ""0.16734341252699783"": [20, 14, 11], ""0.1408387329013679"": [112, 81, 47]}"
1977,December,https://architecturaldigest.blob.core.windows.net/architecturaldigest19771201thumbnails/Covers/0x600/19771201.jpg,"[{'title': 'ARCHITECTURAL DIGEST VISITS: The Empress of Iran', 'link': 'https://archive.architecturaldigest.com/article/1977/12/architectural-digest-visits-the-empress-of-iran'}, {'title': 'International Art Market', 'link': 'https://archive.architecturaldigest.com/article/1977/12/international-art-market'}, {'title': 'The Collectors: Michael Taylor in San Francisco', 'link': 'https://archive.architecturaldigest.com/article/1977/12/the-collectors-michael-taylor-in-san-francisco'}]",Winter,whitesmoke,saddlebrown,maroon,peru,black,"{""0.36265658747300217"": [13, 4, 4], ""0.24439524838012958"": [245, 244, 243], ""0.16450323974082073"": [123, 73, 47], ""0.16331533477321813"": [67, 33, 22], ""0.06512958963282937"": [182, 139, 97]}"
1978,January,https://architecturaldigest.blob.core.windows.net/architecturaldigest19780101thumbnails/Covers/0x600/19780101.jpg,"[{'title': 'Antiques: Kilim Rugs', 'link': 'https://archive.architecturaldigest.com/article/1978/1/antiques-kilim-rugs'}, {'title': 'Historic Houses: The Morris-Jumel Mansion', 'link': 'https://archive.architecturaldigest.com/article/1978/1/historic-houses-the-morris-jumel-mansion'}, {'title': 'ARCHITECTURAL DIGEST VISITS: George Cukor', 'link': 'https://archive.architecturaldigest.com/article/1978/1/architectural-digest-visits-george-cukor'}]",Winter,darkslategrey,dimgrey,black,tan,whitesmoke,"{""0.27961843052555796"": [245, 244, 242], ""0.23933405327573795"": [49, 64, 86], ""0.187829373650108"": [117, 118, 113], ""0.18390928725701944"": [27, 24, 23], ""0.10930885529157668"": [190, 183, 155]}"
1978,March,https://architecturaldigest.blob.core.windows.net/architecturaldigest19780301thumbnails/Covers/0x600/19780301.jpg,"[{'title': 'IN THE SHOWROOMS', 'link': 'https://archive.architecturaldigest.com/article/1978/3/in-the-showrooms'}, {'title': 'GUEST SPEAKER', 'link': 'https://archive.architecturaldigest.com/article/1978/3/guest-speaker'}, {'title': 'PEOPLE ARE THE ISSUE', 'link': 'https://archive.architecturaldigest.com/article/1978/3/people-are-the-issue'}]",Spring,saddlebrown,black,sienna,tan,whitesmoke,"{""0.29563354931605473"": [245, 245, 244], ""0.25133549316054715"": [100, 55, 32], ""0.2150287976961843"": [30, 17, 11], ""0.12988480921526277"": [148, 103, 65], ""0.10811735061195105"": [196, 168, 127]}"
1978,April,https://architecturaldigest.blob.core.windows.net/architecturaldigest19780401thumbnails/Covers/0x600/19780401.jpg,"[{'title': 'ARCHITECTURAL DIGEST VISITS: Zandra Rhodes', 'link': 'https://archive.architecturaldigest.com/article/1978/4/architectural-digest-visits-zandra-rhodes'}, {'title': 'INTERNATIONAL ART MARKET', 'link': 'https://archive.architecturaldigest.com/article/1978/4/international-art-market'}, {'title': 'GUEST SPEAKER', 'link': 'https://archive.architecturaldigest.com/article/1978/4/guest-speaker'}]",Spring,whitesmoke,saddlebrown,peru,tan,black,"{""0.3172354211663067"": [30, 14, 11], ""0.30351331893448524"": [244, 243, 241], ""0.18908927285817134"": [105, 61, 39], ""0.11600791936645069"": [170, 134, 90], ""0.07415406767458603"": [217, 197, 161]}"
1978,May,https://architecturaldigest.blob.core.windows.net/architecturaldigest19780501thumbnails/Covers/0x600/19780501.jpg,"[{'title': 'Architecture: John Lautner', 'link': 'https://archive.architecturaldigest.com/article/1978/5/architecture-john-lautner'}, {'title': 'ARCHITECTURAL DIGEST VISITS: Barbra Streisand', 'link': 'https://archive.architecturaldigest.com/article/1978/5/architectural-digest-visits-barbra-streisand'}, {'title': 'Gardens: Tahitian Paradise', 'link': 'https://archive.architecturaldigest.com/article/1978/5/gardens-tahitian-paradise'}]",Spring,black,burlywood,darkolivegreen,grey,whitesmoke,"{""0.28442044636429087"": [245, 244, 237], ""0.23113750899928007"": [21, 12, 13], ""0.1798884089272858"": [220, 202, 161], ""0.15804535637149028"": [87, 67, 49], ""0.14650827933765298"": [159, 139, 104]}"
1978,June,https://architecturaldigest.blob.core.windows.net/architecturaldigest19780601thumbnails/Covers/0x600/19780601.jpg,"[{'title': 'Antiques: French Art Glass', 'link': 'https://archive.architecturaldigest.com/article/1978/6/antiques-french-art-glass'}, {'title': 'Gardens: Inverewe', 'link': 'https://archive.architecturaldigest.com/article/1978/6/gardens-inverewe'}, {'title': 'ARCHITECTURAL DIGEST VISITS: Hubert de Givenchy', 'link': 'https://archive.architecturaldigest.com/article/1978/6/architectural-digest-visitshubert-de-givenchy'}]",Summer,whitesmoke,darkslategrey,dimgrey,tan,black,"{""0.3154643628509719"": [17, 12, 20], ""0.2536141108711303"": [245, 244, 243], ""0.23196904247660188"": [71, 51, 47], ""0.1261987041036717"": [133, 105, 80], ""0.07275377969762419"": [199, 173, 132]}"
1978,July,https://architecturaldigest.blob.core.windows.net/architecturaldigest19780701thumbnails/Covers/0x600/19780701.jpg,"[{'title': 'ARCHITECTURAL DIGEST VISITS: Roy Lichtenstein', 'link': 'https://archive.architecturaldigest.com/article/1978/7/architectural-digest-visits-roy-lichtenstein'}, {'title': 'Historic Houses: Legacy of a Norman Baron', 'link': 'https://archive.architecturaldigest.com/article/1978/7/historic-houses-legacy-of-a-norman-baron'}, {'title': 'Art: Portraits of the Famous', 'link': 'https://archive.architecturaldigest.com/article/1978/7/art-portraits-of-the-famous'}]",Summer,whitesmoke,darkslategrey,darkolivegreen,darkkhaki,black,"{""0.35464722822174227"": [19, 11, 13], ""0.24260979121670267"": [245, 244, 243], ""0.22028797696184305"": [60, 41, 30], ""0.11998200143988481"": [117, 89, 50], ""0.062473002159827214"": [185, 153, 88]}"
1978,September,https://architecturaldigest.blob.core.windows.net/architecturaldigest19780901thumbnails/Covers/0x600/19780901.jpg,"[{'title': 'Art: Cityscapes', 'link': 'https://archive.architecturaldigest.com/article/1978/9/art-cityscapes'}, {'title': 'PEOPLE ARE THE ISSUE', 'link': 'https://archive.architecturaldigest.com/article/1978/9/people-are-the-issue'}, {'title': 'Washington: Mrs. David Bruce', 'link': 'https://archive.architecturaldigest.com/article/1978/9/washington-mrsdavid-bruce'}]",Fall,darkolivegreen,burlywood,peru,black,whitesmoke,"{""0.2869726421886249"": [245, 243, 237], ""0.24236141108711304"": [106, 73, 49], ""0.2103491720662347"": [232, 199, 147], ""0.15523038156947444"": [174, 138, 93], ""0.10508639308855292"": [45, 28, 20]}"
1978,October,https://architecturaldigest.blob.core.windows.net/architecturaldigest19781001thumbnails/Covers/0x600/19781001.jpg,"[{'title': 'ARCHITECTURAL DIGEST VISITS: Joseph Alsop', 'link': 'https://archive.architecturaldigest.com/article/1978/10/architectural-digest-visits-joseph-alsop'}, {'title': 'Torre Olivola in Umbria', 'link': 'https://archive.architecturaldigest.com/article/1978/10/torre-olivola-in-umbria'}, {'title': 'The Collectors: Château de Hautefort', 'link': 'https://archive.architecturaldigest.com/article/1978/10/the-collectors-chateau-de-hautefort'}]",Fall,grey,darkgrey,darkolivegreen,black,whitesmoke,"{""0.26725341972642186"": [245, 245, 243], ""0.19956083513318934"": [156, 129, 86], ""0.19589992800575953"": [188, 183, 164], ""0.19354571634269258"": [91, 69, 46], ""0.14374010079193664"": [33, 23, 17]}"
1978,November,https://architecturaldigest.blob.core.windows.net/architecturaldigest19781101thumbnails/Covers/0x600/19781101.jpg,"[{'title': 'PEOPLE ARE THE ISSUE', 'link': 'https://archive.architecturaldigest.com/article/1978/11/people-are-the-issue'}, {'title': 'A Retrospective of Ruhlmann', 'link': 'https://archive.architecturaldigest.com/article/1978/11/a-retrospective-of-ruhlmann'}, {'title': 'At the Liria Palace', 'link': 'https://archive.architecturaldigest.com/article/1978/11/at-the-liria-palace'}]",Fall,black,darkolivegreen,grey,burlywood,whitesmoke,"{""0.2649244060475162"": [245, 244, 240], ""0.2346688264938805"": [35, 24, 27], ""0.21184305255579552"": [88, 70, 55], ""0.15726061915046796"": [152, 122, 81], ""0.1313030957523398"": [213, 181, 124]}"
1978,December,https://architecturaldigest.blob.core.windows.net/architecturaldigest19781201thumbnails/Covers/0x600/19781201.jpg,"[{'title': 'Historic Houses: Culzean Castle in Scotland', 'link': 'https://archive.architecturaldigest.com/article/1978/12/culzean-castle-in-scotland'}, {'title': 'Thames Side', 'link': 'https://archive.architecturaldigest.com/article/1978/12/thames-side'}, {'title': 'Art: Vistas of Splendor', 'link': 'https://archive.architecturaldigest.com/article/1978/12/vistas-of-splendor'}]",Winter,maroon,whitesmoke,saddlebrown,rosybrown,black,"{""0.3072282217422606"": [16, 5, 7], ""0.24958243340532757"": [72, 30, 20], ""0.2459611231101512"": [244, 243, 243], ""0.14267458603311736"": [128, 69, 41], ""0.05455363570914327"": [186, 142, 114]}"
1979,January,https://architecturaldigest.blob.core.windows.net/architecturaldigest19790101thumbnails/Covers/0x600/19790101.jpg,"[{'title': 'Gardens: Variety in Miniature', 'link': 'https://archive.architecturaldigest.com/article/1979/1/gardens-variety-in-miniature'}, {'title': 'ARCHITECTURAL DIGEST VISITS: Joan Miró', 'link': 'https://archive.architecturaldigest.com/article/1979/1/architectural-digest-visits-joan-miro'}, {'title': 'The Collectors: Riches of the Czars', 'link': 'https://archive.architecturaldigest.com/article/1979/1/the-collectors-riches-of-the-czars'}]",Winter,whitesmoke,darkslategrey,dimgrey,darkgrey,black,"{""0.34201223902087835"": [6, 4, 4], ""0.2949244060475162"": [243, 243, 237], ""0.15535997120230383"": [56, 48, 43], ""0.1381245500359971"": [118, 101, 83], ""0.06957883369330453"": [178, 169, 143]}"
1979,March,https://architecturaldigest.blob.core.windows.net/architecturaldigest19790301thumbnails/Covers/0x600/19790301.jpg,"[{'title': 'PEOPLE ARE THE ISSUE', 'link': 'https://archive.architecturaldigest.com/article/1979/3/people-are-the-issue'}, {'title': 'Historic Houses: The Locusts', 'link': 'https://archive.architecturaldigest.com/article/1979/3/historic-houses-the-locusts'}, {'title': 'Architecture: Luis Barragán', 'link': 'https://archive.architecturaldigest.com/article/1979/3/architecture-luis-barragan'}]",Spring,linen,black,grey,darkslategrey,tan,"{""0.3877069834413247"": [216, 184, 145], ""0.2805363570914327"": [245, 243, 236], ""0.17769978401727862"": [11, 7, 7], ""0.12340532757379409"": [162, 127, 91], ""0.030651547876169905"": [54, 39, 29]}"
1979,April,https://architecturaldigest.blob.core.windows.net/architecturaldigest19790401thumbnails/Covers/0x600/19790401.jpg,"[{'title': 'Antiques: Art Nouveau Furniture', 'link': 'https://archive.architecturaldigest.com/article/1979/4/antiques-art-nouveau-furniture'}, {'title': 'Guest Speaker', 'link': 'https://archive.architecturaldigest.com/article/1979/4/guest-speaker'}, {'title': 'Russell Lynes Observes', 'link': 'https://archive.architecturaldigest.com/article/1979/4/russell-lynes-observes'}]",Spring,darkslategrey,sienna,black,peru,whitesmoke,"{""0.23691864650827935"": [244, 242, 240], ""0.20212742980561554"": [71, 40, 34], ""0.18918286537077034"": [131, 76, 53], ""0.18777177825773939"": [33, 19, 20], ""0.1839992800575954"": [186, 116, 79]}"
1979,May,https://architecturaldigest.blob.core.windows.net/architecturaldigest19790501thumbnails/Covers/0x600/19790501.jpg,"[{'title': 'Antiques: The Radiance of Lamps', 'link': 'https://archive.architecturaldigest.com/article/1979/5/antiques-the-radiance-of-lamps'}, {'title': ""Historic Houses: Wisconsin's Finnish Farmsteads"", 'link': 'https://archive.architecturaldigest.com/article/1979/5/historie-houses-wisconsins-finnish-farmsteads'}, {'title': 'INTERNATIONAL ART MARKET', 'link': 'https://archive.architecturaldigest.com/article/1979/5/international-art-market'}]",Spring,whitesmoke,saddlebrown,tan,black,peru,"{""0.31456083513318933"": [168, 123, 83], ""0.24775017998560114"": [245, 244, 243], ""0.21192944564434846"": [109, 70, 47], ""0.18025557955363572"": [204, 173, 153], ""0.04550395968322534"": [25, 14, 12]}"
1979,June,https://architecturaldigest.blob.core.windows.net/architecturaldigest19790601thumbnails/Covers/0x600/19790601.jpg,"[{'title': 'Art: By the Sea', 'link': 'https://archive.architecturaldigest.com/article/1979/6/art-by-the-sea'}, {'title': 'Flemings Hall in Suffolk', 'link': 'https://archive.architecturaldigest.com/article/1979/6/flemings-hall-in-suffolk'}, {'title': ""Historic Houses: Peking's Imperial Palace"", 'link': 'https://archive.architecturaldigest.com/article/1979/6/historic-houses-pekings-imperial-palace'}]",Summer,sienna,black,darkkhaki,wheat,whitesmoke,"{""0.2587832973362131"": [245, 244, 243], ""0.24118070554355653"": [129, 91, 60], ""0.21652267818574514"": [41, 27, 22], ""0.17894528437724982"": [204, 151, 98], ""0.10456803455723541"": [235, 201, 161]}"
1979,July,https://architecturaldigest.blob.core.windows.net/architecturaldigest19790701thumbnails/Covers/0x600/19790701.jpg,"[{'title': 'Background for Art and Music', 'link': 'https://archive.architecturaldigest.com/article/1979/7/background-for-art-and-music'}, {'title': 'People Are the Issue', 'link': 'https://archive.architecturaldigest.com/article/1979/7/people-are-the-issue'}, {'title': 'International Art Market', 'link': 'https://archive.architecturaldigest.com/article/1979/7/international-art-market'}]",Summer,darkolivegreen,rosybrown,black,silver,whitesmoke,"{""0.4395968322534197"": [242, 241, 239], ""0.1589920806335493"": [121, 93, 65], ""0.14423326133909287"": [165, 140, 106], ""0.13267458603311735"": [25, 14, 13], ""0.12450323974082074"": [208, 197, 191]}"
1979,September,https://architecturaldigest.blob.core.windows.net/architecturaldigest19790901thumbnails/Covers/0x600/19790901.jpg,"[{'title': ""Historic Houses: Victor Hugo's Island Retreat"", 'link': 'https://archive.architecturaldigest.com/article/1979/9/historic-houses-victor-hugos-island-retreat'}, {'title': 'People Are the Issue', 'link': 'https://archive.architecturaldigest.com/article/1979/9/people-are-the-issue'}, {'title': 'Designed for Reading', 'link': 'https://archive.architecturaldigest.com/article/1979/9/designed-for-reading'}]",Fall,rosybrown,dimgrey,darkslateblue,black,whitesmoke,"{""0.30026997840172787"": [244, 243, 238], ""0.20633549316054717"": [177, 162, 136], ""0.18103311735061195"": [121, 112, 95], ""0.17685385169186466"": [51, 85, 138], ""0.1355075593952484"": [38, 35, 28]}"
1979,October,https://architecturaldigest.blob.core.windows.net/architecturaldigest19791001thumbnails/Covers/0x600/19791001.jpg,"[{'title': 'IN THE SHOWROOMS', 'link': 'https://archive.architecturaldigest.com/article/1979/10/in-the-showrooms'}, {'title': 'GUEST SPEAKER', 'link': 'https://archive.architecturaldigest.com/article/1979/10/guest-speaker'}, {'title': 'PEOPLE ARE THE ISSUE', 'link': 'https://archive.architecturaldigest.com/article/1979/10/people-are-the-issue'}]",Fall,whitesmoke,darkslategrey,dimgrey,darkgrey,black,"{""0.5621490280777538"": [1, 2, 3], ""0.2071778257739381"": [245, 245, 245], ""0.09164866810655148"": [43, 46, 55], ""0.07949244060475162"": [97, 101, 109], ""0.05953203743700504"": [152, 156, 165]}"
1979,November,https://architecturaldigest.blob.core.windows.net/architecturaldigest19791101thumbnails/Covers/0x600/19791101.jpg,"[{'title': 'DESIGNED FOR READING', 'link': 'https://archive.architecturaldigest.com/article/1979/11/designed-for-reading'}, {'title': 'PEOPLE ARE THE ISSUE', 'link': 'https://archive.architecturaldigest.com/article/1979/11/people-are-the-issue'}, {'title': 'MARRAKECH NOTEBOOK', 'link': 'https://archive.architecturaldigest.com/article/1979/11/marrakech-notebook'}]",Fall,rosybrown,silver,darkolivegreen,black,whitesmoke,"{""0.3097228221742261"": [243, 239, 239], ""0.235"": [165, 135, 108], ""0.1796436285097192"": [212, 183, 174], ""0.15636429085673145"": [118, 85, 62], ""0.11926925845932325"": [49, 32, 26]}"
1979,December,https://architecturaldigest.blob.core.windows.net/architecturaldigest19791201thumbnails/Covers/0x600/19791201.jpg,"[{'title': 'INTERNATIONAL PROPERTIES', 'link': 'https://archive.architecturaldigest.com/article/1979/12/international-properties'}, {'title': 'The Collectors: Homage to Rodin', 'link': 'https://archive.architecturaldigest.com/article/1979/12/the-collectors-homage-to-rodin'}, {'title': 'DESIGNED FOR READING', 'link': 'https://archive.architecturaldigest.com/article/1979/12/designed-for-reading'}]",Winter,whitesmoke,,darkolivegreen,rosybrown,black,"{""0.471508279337653"": [15, 10, 13], ""0.2195752339812815"": [245, 244, 243], ""0.19070914326853852"": [43, 29, 32], ""0.07928725701943845"": [103, 74, 62], ""0.038920086393088554"": [168, 133, 108]}"
1980,January,https://architecturaldigest.blob.core.windows.net/architecturaldigest19800101thumbnails/Covers/0x600/19800101.jpg,"[{'title': 'The Collectors: At Waddesdon Manor', 'link': 'https://archive.architecturaldigest.com/article/1980/1/the-collectors-at-waddesdon-manor'}, {'title': 'ARCHITECTURAL DIGEST VISITS: Françoise Sagan', 'link': 'https://archive.architecturaldigest.com/article/1980/1/architectural-digest-visits-francoise-sagan'}, {'title': 'DESIGNED FOR READING', 'link': 'https://archive.architecturaldigest.com/article/1980/1/designed-for-reading'}]",Winter,sienna,black,darksalmon,saddlebrown,whitesmoke,"{""0.26696184305255577"": [244, 240, 238], ""0.25409647228221743"": [174, 109, 65], ""0.19225701943844492"": [11, 5, 5], ""0.14976961843052555"": [223, 162, 108], ""0.1369150467962563"": [100, 53, 31]}"
1980,March,https://architecturaldigest.blob.core.windows.net/architecturaldigest19800301thumbnails/Covers/0x600/19800301.jpg,"[{'title': 'ARCHITECTURAL DIGEST VISITS: Henry Moore', 'link': 'https://archive.architecturaldigest.com/article/1980/3/architectural-digest-visits-henry-moore'}, {'title': ""ARTIST'S DIALOGUE"", 'link': 'https://archive.architecturaldigest.com/article/1980/3/artists-dialogue'}, {'title': 'DESIGN DIALOGUE', 'link': 'https://archive.architecturaldigest.com/article/1980/3/design-dialogue'}]",Spring,darkolivegreen,black,sienna,tan,whitesmoke,"{""0.2834413246940245"": [245, 245, 245], ""0.2817386609071274"": [82, 55, 38], ""0.23528437724982001"": [37, 28, 26], ""0.10989920806335493"": [135, 107, 68], ""0.08963642908567315"": [191, 173, 148]}"
1980,April,https://architecturaldigest.blob.core.windows.net/architecturaldigest19800401thumbnails/Covers/0x600/19800401.jpg,"[{'title': 'Antiques: Gleaming Elegance', 'link': 'https://archive.architecturaldigest.com/article/1980/4/antiques-gleaming-elegance'}, {'title': 'RUSSELL LYNES OBSERVES', 'link': 'https://archive.architecturaldigest.com/article/1980/4/russell-lynes-observes'}, {'title': 'IN THE SHOWROOMS', 'link': 'https://archive.architecturaldigest.com/article/1980/4/in-the-showrooms'}]",Spring,khaki,darkolivegreen,peru,black,whitesmoke,"{""0.25596832253419727"": [245, 245, 241], ""0.23373650107991362"": [234, 213, 144], ""0.2001043916486681"": [104, 86, 43], ""0.16974082073434124"": [185, 140, 77], ""0.14044996400287976"": [28, 26, 12]}"
1980,May,https://architecturaldigest.blob.core.windows.net/architecturaldigest19800501thumbnails/Covers/0x600/19800501.jpg,"[{'title': 'DESIGNED FOR READING', 'link': 'https://archive.architecturaldigest.com/article/1980/5/designed-for-reading'}, {'title': 'GUEST SPEAKER', 'link': 'https://archive.architecturaldigest.com/article/1980/5/guest-speaker'}, {'title': 'PEOPLE ARE THE ISSUE', 'link': 'https://archive.architecturaldigest.com/article/1980/5/people-are-the-issue'}]",Spring,black,whitesmoke,rosybrown,saddlebrown,tan,"{""0.3408783297336213"": [220, 188, 158], ""0.2029985601151908"": [29, 21, 20], ""0.1890172786177106"": [245, 245, 244], ""0.1461411087113031"": [188, 144, 112], ""0.12096472282217423"": [121, 76, 51]}"
1980,June,https://architecturaldigest.blob.core.windows.net/architecturaldigest19800601thumbnails/Covers/0x600/19800601.jpg,"[{'title': 'RUSSELL LYNES OBSERVES', 'link': 'https://archive.architecturaldigest.com/article/1980/6/russell-lynes-observes'}, {'title': 'DESIGNED FOR READING', 'link': 'https://archive.architecturaldigest.com/article/1980/6/designed-for-reading'}, {'title': 'ARCHITECTURAL DIGEST VISITS: Mr. and Mrs. Mike Nichols', 'link': 'https://archive.architecturaldigest.com/article/1980/6/architectural-digest-visits-mr-and-mrs-mike-nichols'}]",Summer,tan,wheat,dimgrey,black,whitesmoke,"{""0.33731101511879047"": [245, 245, 236], ""0.25056875449964006"": [187, 171, 139], ""0.23300575953923686"": [226, 215, 177], ""0.13283657307415406"": [139, 112, 79], ""0.04627789776817855"": [37, 21, 15]}"
1980,July,https://architecturaldigest.blob.core.windows.net/architecturaldigest19800701thumbnails/Covers/0x600/19800701.jpg,"[{'title': 'GUEST SPEAKER', 'link': 'https://archive.architecturaldigest.com/article/1980/7/guest-speaker'}, {'title': 'Auras of Fantasy', 'link': 'https://archive.architecturaldigest.com/article/1980/7/auras-of-fantasy'}, {'title': 'Art: Paintings of Odalisques', 'link': 'https://archive.architecturaldigest.com/article/1980/7/art-paintings-of-odalisques'}]",Summer,black,darkslategrey,grey,silver,whitesmoke,"{""0.3075017998560115"": [243, 242, 239], ""0.24766738660907128"": [13, 8, 8], ""0.15459323254139667"": [74, 58, 52], ""0.15416126709863212"": [127, 115, 112], ""0.13607631389488842"": [206, 193, 181]}"
1980,September,https://architecturaldigest.blob.core.windows.net/architecturaldigest19800901thumbnails/Covers/0x600/19800901.jpg,"[{'title': 'OBJECTS', 'link': 'https://archive.architecturaldigest.com/article/1980/9/objects'}, {'title': 'PEOPLE ARE THE ISSUE', 'link': 'https://archive.architecturaldigest.com/article/1980/9/people-are-the-issue'}, {'title': ""ARTIST'S DIALOGUE"", 'link': 'https://archive.architecturaldigest.com/article/1980/9/artists-dialogue'}]",Fall,maroon,whitesmoke,brown,peru,black,"{""0.26490280777537795"": [28, 8, 10], ""0.24741180705543556"": [94, 24, 24], ""0.24020878329733622"": [245, 243, 242], ""0.17488840892728583"": [170, 58, 36], ""0.07258819294456444"": [212, 134, 92]}"
1980,October,https://architecturaldigest.blob.core.windows.net/architecturaldigest19801001thumbnails/Covers/0x600/19801001.jpg,"[{'title': 'GUEST SPEAKER', 'link': 'https://archive.architecturaldigest.com/article/1980/10/guest-speaker'}, {'title': 'OBJECTS', 'link': 'https://archive.architecturaldigest.com/article/1980/10/objects'}, {'title': ""DESIGNER'S TRAVEL NOTES"", 'link': 'https://archive.architecturaldigest.com/article/1980/10/designers-travel-notes'}]",Fall,peru,darkolivegreen,burlywood,black,whitesmoke,"{""0.23196544276457884"": [245, 244, 240], ""0.2202627789776818"": [183, 122, 74], ""0.21015838732901368"": [110, 75, 49], ""0.17583513318934485"": [218, 183, 133], ""0.16177825773938084"": [28, 16, 12]}"
1980,November,https://architecturaldigest.blob.core.windows.net/architecturaldigest19801101thumbnails/Covers/0x600/19801101.jpg,"[{'title': 'ANTIQUES NOTEBOOK', 'link': 'https://archive.architecturaldigest.com/article/1980/11/antiques-notebook'}, {'title': 'GUEST SPEAKER', 'link': 'https://archive.architecturaldigest.com/article/1980/11/guest-speaker'}, {'title': 'PEOPLE ARE THE ISSUE', 'link': 'https://archive.architecturaldigest.com/article/1980/11/people-are-the-issue'}]",Fall,whitesmoke,black,sienna,burlywood,darkslategrey,"{""0.31393088552915765"": [77, 41, 31], ""0.24907127429805614"": [245, 244, 243], ""0.20119870410367172"": [18, 9, 5], ""0.13494600431965442"": [137, 95, 65], ""0.10085313174946005"": [213, 171, 119]}"
1980,December,https://architecturaldigest.blob.core.windows.net/architecturaldigest19801201thumbnails/Covers/0x600/19801201.jpg,"[{'title': 'OBJECTS', 'link': 'https://archive.architecturaldigest.com/article/1980/12/objects'}, {'title': 'DESIGNED FOR READING', 'link': 'https://archive.architecturaldigest.com/article/1980/12/designed-for-reading'}, {'title': 'GUEST SPEAKER', 'link': 'https://archive.architecturaldigest.com/article/1980/12/guest-speaker'}]",Winter,whitesmoke,darkslategrey,rosybrown,steelblue,black,"{""0.48829373650107993"": [11, 8, 12], ""0.26441684665226783"": [243, 243, 243], ""0.15535637149028078"": [82, 59, 53], ""0.065"": [178, 140, 118], ""0.02693304535637149"": [70, 102, 177]}"
1981,January,https://architecturaldigest.blob.core.windows.net/architecturaldigest19810101thumbnails/Covers/0x600/19810101.jpg,"[{'title': 'INTERNATIONAL ART MARKET', 'link': 'https://archive.architecturaldigest.com/article/1981/1/international-art-market'}, {'title': 'The Collectors: Château de Groussay', 'link': 'https://archive.architecturaldigest.com/article/1981/1/the-collectors-chateau-de-groussay'}, {'title': 'Homage to Art', 'link': 'https://archive.architecturaldigest.com/article/1981/1/homage-to-art'}]",Winter,black,darkslategrey,dimgrey,darkkhaki,whitesmoke,"{""0.2943664506839453"": [245, 244, 244], ""0.256414686825054"": [21, 14, 12], ""0.22466162706983442"": [70, 55, 44], ""0.15634629229661626"": [127, 96, 74], ""0.06821094312455003"": [188, 166, 125]}"
1981,February,https://architecturaldigest.blob.core.windows.net/architecturaldigest19810201thumbnails/Covers/0x600/19810201.jpg,"[{'title': 'PEOPLE ARE THE ISSUE', 'link': 'https://archive.architecturaldigest.com/article/1981/2/people-are-the-issue'}, {'title': 'GUEST SPEAKER', 'link': 'https://archive.architecturaldigest.com/article/1981/2/guest-speaker'}, {'title': 'RUSSELL LYNES OBSERVES', 'link': 'https://archive.architecturaldigest.com/article/1981/2/russell-lynes-observes'}]",Winter,silver,rosybrown,black,darkolivegreen,whitesmoke,"{""0.3123182145428366"": [244, 242, 238], ""0.2519150467962563"": [202, 194, 191], ""0.18902087832973363"": [155, 145, 145], ""0.13542116630669546"": [14, 13, 12], ""0.11132469402447805"": [90, 83, 76]}"
1981,March,https://architecturaldigest.blob.core.windows.net/architecturaldigest19810301thumbnails/Covers/0x600/19810301.jpg,"[{'title': 'PEOPLE ARE THE ISSUE', 'link': 'https://archive.architecturaldigest.com/article/1981/3/people-are-the-issue'}, {'title': 'GUEST SPEAKER', 'link': 'https://archive.architecturaldigest.com/article/1981/3/guest-speaker'}, {'title': 'DESIGN DIALOGUE', 'link': 'https://archive.architecturaldigest.com/article/1981/3/design-dialogue'}]",Spring,whitesmoke,darkslategrey,dimgrey,darkgrey,black,"{""0.331036717062635"": [14, 9, 16], ""0.23988120950323974"": [243, 243, 244], ""0.16124190064794816"": [60, 53, 66], ""0.14917566594672427"": [108, 104, 129], ""0.11866450683945284"": [166, 164, 189]}"
1981,April,https://architecturaldigest.blob.core.windows.net/architecturaldigest19810401thumbnails/Covers/0x600/19810401.jpg,"[{'title': 'OBJECTS', 'link': 'https://archive.architecturaldigest.com/article/1981/4/objects'}, {'title': 'Gardens: A Subtropical Setting', 'link': 'https://archive.architecturaldigest.com/article/1981/4/gardens-a-subtropical-setting'}, {'title': 'PEOPLE ARE THE ISSUE', 'link': 'https://archive.architecturaldigest.com/article/1981/4/people-are-the-issue'}]",Spring,saddlebrown,whitesmoke,darkslategrey,burlywood,sienna,"{""0.2990640748740101"": [170, 111, 69], ""0.2892368610511159"": [122, 74, 44], ""0.23925125989920806"": [245, 244, 243], ""0.0874622030237581"": [61, 37, 22], ""0.08498560115190784"": [233, 180, 116]}"
1981,May,https://architecturaldigest.blob.core.windows.net/architecturaldigest19810501thumbnails/Covers/0x600/19810501.jpg,"[{'title': ""ARTIST'S DIALOGUE"", 'link': 'https://archive.architecturaldigest.com/article/1981/5/artists-dialogue'}, {'title': 'GUEST SPEAKER', 'link': 'https://archive.architecturaldigest.com/article/1981/5/guest-speaker'}, {'title': 'PEOPLE ARE THE ISSUE', 'link': 'https://archive.architecturaldigest.com/article/1981/5/people-are-the-issue'}]",Spring,black,whitesmoke,burlywood,darkolivegreen,sienna,"{""0.2676025917926566"": [182, 104, 59], ""0.2110655147588193"": [19, 16, 21], ""0.2081893448524118"": [245, 245, 242], ""0.17868250539956804"": [221, 195, 158], ""0.13446004319654428"": [90, 60, 47]}"
1981,June,https://architecturaldigest.blob.core.windows.net/architecturaldigest19810601thumbnails/Covers/0x600/19810601.jpg,"[{'title': 'IN THE SHOWROOMS', 'link': 'https://archive.architecturaldigest.com/article/1981/6/in-the-showrooms'}, {'title': ""ARTIST'S DIALOGUE"", 'link': 'https://archive.architecturaldigest.com/article/1981/6/artists-dialogue'}, {'title': 'GUEST SPEAKER', 'link': 'https://archive.architecturaldigest.com/article/1981/6/guest-speaker'}]",Summer,wheat,black,rosybrown,darkolivegreen,linen,"{""0.481979841612671"": [245, 244, 233], ""0.2370374370050396"": [232, 218, 187], ""0.18223902087832974"": [7, 4, 3], ""0.06163786897048236"": [177, 157, 128], ""0.037105831533477324"": [89, 70, 53]}"
1981,July,https://architecturaldigest.blob.core.windows.net/architecturaldigest19810701thumbnails/Covers/0x600/19810701.jpg,"[{'title': 'Russell Lynes Observes', 'link': 'https://archive.architecturaldigest.com/article/1981/7/russell-lynes-observes'}, {'title': ""ARCHITECTURAL DIGEST VISITS: Georgia O'Keeffe"", 'link': 'https://archive.architecturaldigest.com/article/1981/7/architectural-digest-visitsgeorgia-okeeffe'}, {'title': 'People Are the Issue', 'link': 'https://archive.architecturaldigest.com/article/1981/7/people-are-the-issue'}]",Summer,whitesmoke,rosybrown,darkolivegreen,black,grey,"{""0.3204859611231102"": [158, 121, 100], ""0.26163426925845934"": [245, 245, 245], ""0.1654031677465803"": [178, 153, 136], ""0.14855291576673865"": [107, 84, 69], ""0.10392368610511159"": [21, 14, 11]}"
1981,August,https://architecturaldigest.blob.core.windows.net/architecturaldigest19810801thumbnails/Covers/0x600/19810801.jpg,"[{'title': 'RUSSELL LYNES OBSERVES', 'link': 'https://archive.architecturaldigest.com/article/1981/8/russell-lynes-observes'}, {'title': 'Rural Grace', 'link': 'https://archive.architecturaldigest.com/article/1981/8/rural-grace'}, {'title': 'L’Hôtel de Charost', 'link': 'https://archive.architecturaldigest.com/article/1981/8/lhotel-de-charost'}]",Summer,grey,tan,black,darkolivegreen,whitesmoke,"{""0.26966162706983443"": [245, 244, 242], ""0.2265658747300216"": [162, 137, 108], ""0.2062455003599712"": [210, 184, 150], ""0.1533765298776098"": [25, 16, 13], ""0.144150467962563"": [91, 74, 60]}"
1981,September,https://architecturaldigest.blob.core.windows.net/architecturaldigest19810901thumbnails/Covers/0x600/19810901.jpg,"[{'title': 'PEOPLE ARE THE ISSUE', 'link': 'https://archive.architecturaldigest.com/article/1981/9/people-are-the-issue'}, {'title': 'GUEST SPEAKER', 'link': 'https://archive.architecturaldigest.com/article/1981/9/guest-speaker'}, {'title': ""ARTIST'S DIALOGUE"", 'link': 'https://archive.architecturaldigest.com/article/1981/9/artists-dialogue'}]",Fall,black,darkolivegreen,tan,grey,linen,"{""0.37322894168466525"": [238, 238, 235], ""0.20938444924406047"": [23, 18, 14], ""0.1823290136789057"": [82, 69, 51], ""0.11757739380849531"": [204, 190, 154], ""0.11748020158387329"": [154, 128, 90]}"
1981,October,https://architecturaldigest.blob.core.windows.net/architecturaldigest19811001thumbnails/Covers/0x600/19811001.jpg,"[{'title': 'RUSSELL LYNES OBSERVES', 'link': 'https://archive.architecturaldigest.com/article/1981/10/russell-lynes-observes'}, {'title': ""ARTIST'S DIALOGUE"", 'link': 'https://archive.architecturaldigest.com/article/1981/10/artists-dialogue'}, {'title': 'PEOPLE ARE THE ISSUE', 'link': 'https://archive.architecturaldigest.com/article/1981/10/people-are-the-issue'}]",Fall,whitesmoke,grey,tan,darkolivegreen,black,"{""0.2658171346292297"": [7, 5, 6], ""0.2381029517638589"": [245, 242, 240], ""0.2148668106551476"": [153, 126, 107], ""0.16146868250539956"": [204, 178, 163], ""0.1197444204463643"": [90, 76, 64]}"
1981,November,https://architecturaldigest.blob.core.windows.net/architecturaldigest19811101thumbnails/Covers/0x600/19811101.jpg,"[{'title': ""DESIGNER'S TRAVEL NOTES"", 'link': 'https://archive.architecturaldigest.com/article/1981/11/designers-travel-notes'}, {'title': ""ARTIST'S DIALOGUE"", 'link': 'https://archive.architecturaldigest.com/article/1981/11/artists-dialogue'}, {'title': 'DESIGNED FOR READING', 'link': 'https://archive.architecturaldigest.com/article/1981/11/designed-for-reading'}]",Fall,black,lightslategrey,silver,dimgrey,whitesmoke,"{""0.3152915766738661"": [241, 239, 241], ""0.179719222462203"": [23, 15, 17], ""0.17896688264938804"": [142, 137, 146], ""0.16877969762419007"": [193, 189, 198], ""0.15724262059035277"": [91, 79, 82]}"
1981,December,https://architecturaldigest.blob.core.windows.net/architecturaldigest19811201thumbnails/Covers/0x600/19811201.jpg,"[{'title': 'ARCHITECTURAL DIGEST VISITS: President and Mrs. Ronald Reagan at the White House', 'link': 'https://archive.architecturaldigest.com/article/1981/12/architectural-digest-visits-president-and-mrs-ronald-reagan-at-the-white-house'}, {'title': ""DESIGNER'S TRAVEL NOTES"", 'link': 'https://archive.architecturaldigest.com/article/1981/12/designers-travel-notes'}, {'title': 'ANTIQUES NOTEBOOK', 'link': 'https://archive.architecturaldigest.com/article/1981/12/antiques-notebook'}]",Winter,darkslategrey,black,dimgrey,darkgrey,lavender,"{""0.4006515478761699"": [231, 240, 243], ""0.2260943124550036"": [48, 44, 36], ""0.15866810655147587"": [13, 11, 10], ""0.11672786177105832"": [103, 85, 82], ""0.0978581713462923"": [155, 163, 175]}"
1982,January,https://architecturaldigest.blob.core.windows.net/architecturaldigest19820101thumbnails/Covers/0x600/19820101.jpg,"[{'title': ""ARTIST'S DIALOGUE"", 'link': 'https://archive.architecturaldigest.com/article/1982/1/artists-dialogue'}, {'title': 'The Collectors: Neo-Classical Splendor', 'link': 'https://archive.architecturaldigest.com/article/1982/1/the-collectors-neo-classical-splendor'}, {'title': 'Recollections of Old Santa Fe', 'link': 'https://archive.architecturaldigest.com/article/1982/1/recollections-of-old-santa-fe'}]",Winter,tan,darkolivegreen,grey,black,whitesmoke,"{""0.267548596112311"": [245, 245, 245], ""0.20733261339092873"": [188, 172, 135], ""0.18794816414686824"": [85, 77, 60], ""0.17277537796976242"": [135, 124, 95], ""0.1643952483801296"": [38, 32, 27]}"
1982,February,https://architecturaldigest.blob.core.windows.net/architecturaldigest19820201thumbnails/Covers/0x600/19820201.jpg,"[{'title': ""DESIGNER'S TRAVEL NOTES"", 'link': 'https://archive.architecturaldigest.com/article/1982/2/designers-travel-notes'}, {'title': ""ARTIST'S DIALOGUE"", 'link': 'https://archive.architecturaldigest.com/article/1982/2/artists-dialogue'}, {'title': 'The Collectors: Period Style', 'link': 'https://archive.architecturaldigest.com/article/1982/2/the-collectors-period-style'}]",Winter,whitesmoke,black,darkolivegreen,burlywood,peru,"{""0.21941684665226782"": [175, 136, 84], ""0.21670266378689704"": [245, 244, 243], ""0.21635349172066234"": [36, 23, 22], ""0.1759035277177826"": [106, 75, 52], ""0.1716234701223902"": [223, 188, 122]}"
1982,March,https://architecturaldigest.blob.core.windows.net/architecturaldigest19820301thumbnails/Covers/0x600/19820301.jpg,"[{'title': 'PEOPLE ARE THE ISSUE', 'link': 'https://archive.architecturaldigest.com/article/1982/3/people-are-the-issue'}, {'title': 'City and Country', 'link': 'https://archive.architecturaldigest.com/article/1982/3/city-and-country'}, {'title': 'GUEST SPEAKER', 'link': 'https://archive.architecturaldigest.com/article/1982/3/guest-speaker'}]",Spring,whitesmoke,darkolivegreen,peru,tan,black,"{""0.2753707703383729"": [31, 22, 13], ""0.2216594672426206"": [244, 243, 240], ""0.19748740100791937"": [101, 71, 42], ""0.188866090712743"": [181, 127, 69], ""0.11661627069834413"": [213, 184, 140]}"
1982,April,https://architecturaldigest.blob.core.windows.net/architecturaldigest19820401thumbnails/Covers/0x600/19820401.jpg,"[{'title': 'PEOPLE ARE THE ISSUE', 'link': 'https://archive.architecturaldigest.com/article/1982/4/people-are-the-issue'}, {'title': 'GUEST SPEAKER', 'link': 'https://archive.architecturaldigest.com/article/1982/4/guest-speaker'}, {'title': 'Tradition Redefined', 'link': 'https://archive.architecturaldigest.com/article/1982/4/tradition-redefined'}]",Spring,whitesmoke,black,sienna,darkkhaki,darkslategrey,"{""0.3048812095032397"": [59, 48, 35], ""0.24276457883369332"": [244, 243, 242], ""0.2213102951763859"": [21, 14, 14], ""0.1301151907847372"": [133, 101, 67], ""0.10092872570194385"": [200, 165, 118]}"
1982,May,https://architecturaldigest.blob.core.windows.net/architecturaldigest19820501thumbnails/Covers/0x600/19820501.jpg,"[{'title': 'PEOPLE ARE THE ISSUE', 'link': 'https://archive.architecturaldigest.com/article/1982/5/people-are-the-issue'}, {'title': 'ANTIQUES NOTEBOOK', 'link': 'https://archive.architecturaldigest.com/article/1982/5/antiques-notebook'}, {'title': ""DESIGNER'S TRAVEL NOTES"", 'link': 'https://archive.architecturaldigest.com/article/1982/5/designers-travel-notes'}]",Spring,whitesmoke,lightpink,darksalmon,black,sienna,"{""0.37859611231101514"": [174, 88, 45], ""0.24529517638588913"": [246, 241, 240], ""0.16316774658027358"": [241, 192, 166], ""0.13862850971922247"": [217, 147, 100], ""0.07431245500359972"": [56, 26, 15]}"
1982,June,https://architecturaldigest.blob.core.windows.net/architecturaldigest19820601thumbnails/Covers/0x600/19820601.jpg,"[{'title': 'The Collectors: A Unifying Aesthetic', 'link': 'https://archive.architecturaldigest.com/article/1982/6/the-collectors-a-unifying-aesthetic'}, {'title': ""ARTIST'S DIALOGUE"", 'link': 'https://archive.architecturaldigest.com/article/1982/6/artists-dialogue'}, {'title': 'Two Cultures', 'link': 'https://archive.architecturaldigest.com/article/1982/6/two-cultures'}]",Summer,whitesmoke,slategrey,darkgrey,black,darkslategrey,"{""0.2623758099352052"": [56, 62, 71], ""0.21555795536357092"": [244, 243, 244], ""0.20332253419726423"": [106, 126, 142], ""0.19912886969042476"": [163, 175, 200], ""0.11961483081353491"": [6, 6, 8]}"
1982,July,https://architecturaldigest.blob.core.windows.net/architecturaldigest19820701thumbnails/Covers/0x600/19820701.jpg,"[{'title': 'Historic Houses: Mark Twain in Hartford', 'link': 'https://archive.architecturaldigest.com/article/1982/7/historie-houses-mark-twain-in-hartford'}, {'title': 'Antiques: Chinese Export Silver', 'link': 'https://archive.architecturaldigest.com/article/1982/7/antiques-chinese-export-silver'}, {'title': 'Art: The Tea Hour', 'link': 'https://archive.architecturaldigest.com/article/1982/7/art-the-tea-hour'}]",Summer,whitesmoke,darkolivegreen,tan,sienna,black,"{""0.27446724262059036"": [32, 23, 17], ""0.24252339812814974"": [245, 243, 242], ""0.18029157667386608"": [93, 60, 39], ""0.175849532037437"": [210, 181, 161], ""0.12686825053995682"": [154, 108, 86]}"
1982,August,https://architecturaldigest.blob.core.windows.net/architecturaldigest19820801thumbnails/Covers/0x600/19820801.jpg,"[{'title': ""ARTIST'S DIALOGUE"", 'link': 'https://archive.architecturaldigest.com/article/1982/8/artists-dialogue'}, {'title': 'Art: Portrait of the Artist', 'link': 'https://archive.architecturaldigest.com/article/1982/8/art-portrait-of-the-artist'}, {'title': 'PEOPLE ARE THE ISSUE', 'link': 'https://archive.architecturaldigest.com/article/1982/8/people-are-the-issue'}]",Summer,whitesmoke,darkslategrey,dimgrey,darkgrey,black,"{""0.29320374370050395"": [10, 7, 9], ""0.24657667386609072"": [243, 241, 242], ""0.22420086393088554"": [58, 46, 46], ""0.16233261339092872"": [93, 84, 92], ""0.07368610511159107"": [153, 146, 158]}"
1982,September,https://architecturaldigest.blob.core.windows.net/architecturaldigest19820901thumbnails/Covers/0x600/19820901.jpg,"[{'title': 'People Are the Issue', 'link': 'https://archive.architecturaldigest.com/article/1982/9/people-are-the-issue'}, {'title': 'Design Dialogue', 'link': 'https://archive.architecturaldigest.com/article/1982/9/design-dialogue'}, {'title': 'Designed for Reading', 'link': 'https://archive.architecturaldigest.com/article/1982/9/designed-for-reading'}]",Fall,black,sienna,peru,tan,whitesmoke,"{""0.2887077033837293"": [245, 245, 244], ""0.24478041756659466"": [54, 34, 26], ""0.21881569474442045"": [134, 87, 56], ""0.16041756659467243"": [178, 131, 86], ""0.08727861771058315"": [204, 173, 130]}"
1982,October,https://architecturaldigest.blob.core.windows.net/architecturaldigest19821001thumbnails/Covers/0x600/19821001.jpg,"[{'title': ""Designer's Travel Notes"", 'link': 'https://archive.architecturaldigest.com/article/1982/10/designers-travel-notes'}, {'title': 'Designed for Reading', 'link': 'https://archive.architecturaldigest.com/article/1982/10/designed-for-reading'}, {'title': 'Guest Speaker', 'link': 'https://archive.architecturaldigest.com/article/1982/10/guest-speaker'}]",Fall,whitesmoke,peru,black,burlywood,darkolivegreen,"{""0.32234341252699783"": [101, 75, 50], ""0.21375089992800575"": [245, 243, 238], ""0.17773578113750899"": [176, 126, 75], ""0.1727069834413247"": [29, 18, 13], ""0.11346292296616271"": [221, 191, 139]}"
1982,November,https://architecturaldigest.blob.core.windows.net/architecturaldigest19821101thumbnails/Covers/0x600/19821101.jpg,"[{'title': 'ARCHITECTURAL DIGEST VISITS: Gene Hackman', 'link': 'https://archive.architecturaldigest.com/article/1982/11/architectural-digest-visits-gene-hackman'}, {'title': 'Antiques Notebook', 'link': 'https://archive.architecturaldigest.com/article/1982/11/antiques-notebook'}, {'title': 'The Collectors: Communicating a Love for Art', 'link': 'https://archive.architecturaldigest.com/article/1982/11/the-collectors-communicating-a-love-for-art'}]",Fall,whitesmoke,darkslategrey,dimgrey,darkgrey,black,"{""0.6207991360691145"": [7, 5, 7], ""0.28465442764578835"": [245, 245, 245], ""0.041519078473722104"": [52, 45, 44], ""0.02696904247660187"": [111, 102, 97], ""0.026058315334773218"": [179, 167, 162]}"
1982,December,https://architecturaldigest.blob.core.windows.net/architecturaldigest19821201thumbnails/Covers/0x600/19821201.jpg,"[{'title': 'People Are the Issue', 'link': 'https://archive.architecturaldigest.com/article/1982/12/people-are-the-issue'}, {'title': 'Guest Speaker', 'link': 'https://archive.architecturaldigest.com/article/1982/12/guest-speaker'}, {'title': 'Design Dialogue', 'link': 'https://archive.architecturaldigest.com/article/1982/12/design-dialogue'}]",Winter,lightgrey,darkgrey,dimgrey,black,whitesmoke,"{""0.5356839452843772"": [239, 238, 238], ""0.20807775377969762"": [206, 203, 205], ""0.13727141828653708"": [168, 163, 166], ""0.07841972642188624"": [111, 109, 113], ""0.0405471562275018"": [29, 28, 30]}"
1983,January,https://architecturaldigest.blob.core.windows.net/architecturaldigest19830101thumbnails/Covers/0x600/19830101.jpg,"[{'title': 'GUEST SPEAKER', 'link': 'https://archive.architecturaldigest.com/article/1983/1/guest-speaker'}, {'title': 'The Collectors: Connoisseurs Mise-en-Scène for Art', 'link': 'https://archive.architecturaldigest.com/article/1983/1/the-collectors-connoisseurs-mise-en-scene-for-art'}, {'title': 'ARCHITECTURAL DIGEST VISITS: Al Hirschfeld', 'link': 'https://archive.architecturaldigest.com/article/1983/1/architectural-digest-visits-al-hirschfeld'}]",Winter,black,darkslategrey,grey,silver,whitesmoke,"{""0.3252195824334053"": [242, 242, 240], ""0.23989200863930885"": [23, 15, 15], ""0.17641468682505398"": [74, 67, 67], ""0.14494960403167748"": [124, 118, 124], ""0.11352411807055436"": [183, 181, 179]}"
1983,February,https://architecturaldigest.blob.core.windows.net/architecturaldigest19830201thumbnails/Covers/0x600/19830201.jpg,"[{'title': 'GUEST SPEAKER', 'link': 'https://archive.architecturaldigest.com/article/1983/2/guest-speaker'}, {'title': 'Architecture: Charles Foreman Johnson', 'link': 'https://archive.architecturaldigest.com/article/1983/2/architecture-charles-foreman-johnson'}, {'title': ""Historic Houses: Charles Darwin's Home in Kent"", 'link': 'https://archive.architecturaldigest.com/article/1983/2/historic-housescharles-darwins-home-in-kent'}]",Winter,black,whitesmoke,dimgrey,rosybrown,darkslategrey,"{""0.2642260619150468"": [66, 56, 43], ""0.26156227501799856"": [27, 21, 15], ""0.22582433405327573"": [244, 243, 242], ""0.17172426205903527"": [110, 93, 74], ""0.07666306695464363"": [164, 142, 123]}"
1983,March,https://architecturaldigest.blob.core.windows.net/architecturaldigest19830301thumbnails/Covers/0x600/19830301.jpg,"[{'title': ""DESIGNER'S TRAVEL NOTES"", 'link': 'https://archive.architecturaldigest.com/article/1983/3/designers-travel-notes'}, {'title': 'DESIGNED FOR READING', 'link': 'https://archive.architecturaldigest.com/article/1983/3/designed-for-reading'}, {'title': 'Architecture: Robert Graham', 'link': 'https://archive.architecturaldigest.com/article/1983/3/architecture-robert-graham'}]",Spring,darkgrey,lightslategrey,black,dimgrey,whitesmoke,"{""0.3592044636429086"": [243, 244, 239], ""0.20307055435565155"": [182, 180, 173], ""0.16410007199424045"": [124, 130, 147], ""0.16053995680345573"": [31, 21, 28], ""0.1130849532037437"": [83, 83, 94]}"
1983,April,https://architecturaldigest.blob.core.windows.net/architecturaldigest19830401thumbnails/Covers/0x600/19830401.jpg,"[{'title': ""DESIGNER'S TRAVEL NOTES"", 'link': 'https://archive.architecturaldigest.com/article/1983/4/designers-travel-notes'}, {'title': 'IN THE SHOWROOMS', 'link': 'https://archive.architecturaldigest.com/article/1983/4/in-the-showrooms'}, {'title': 'FOR COLLECTORS', 'link': 'https://archive.architecturaldigest.com/article/1983/4/for-collectors'}]",Spring,grey,darkolivegreen,tan,darkslategrey,whitesmoke,"{""0.2727069834413247"": [244, 242, 241], ""0.22713102951763858"": [157, 121, 94], ""0.20874010079193664"": [106, 79, 57], ""0.15391648668106553"": [213, 180, 152], ""0.13750539956803456"": [49, 37, 27]}"
1983,May,https://architecturaldigest.blob.core.windows.net/architecturaldigest19830501thumbnails/Covers/0x600/19830501.jpg,"[{'title': 'GUEST SPEAKER', 'link': 'https://archive.architecturaldigest.com/article/1983/5/guest-speaker'}, {'title': 'ARCHITECTURAL DIGEST VISITS: Giorgio Armani', 'link': 'https://archive.architecturaldigest.com/article/1983/5/architectural-digest-visits-giorgio-armani'}, {'title': ""DESIGNER'S TRAVEL NOTES"", 'link': 'https://archive.architecturaldigest.com/article/1983/5/designers-travel-notes'}]",Spring,darkolivegreen,grey,black,tan,whitesmoke,"{""0.23866450683945284"": [244, 242, 240], ""0.233585313174946"": [103, 68, 48], ""0.22529877609791216"": [156, 121, 94], ""0.168113750899928"": [31, 17, 15], ""0.13433765298776099"": [199, 174, 149]}"
1983,June,https://architecturaldigest.blob.core.windows.net/architecturaldigest19830601thumbnails/Covers/0x600/19830601.jpg,"[{'title': ""Designer's Travel Notes"", 'link': 'https://archive.architecturaldigest.com/article/1983/6/designers-travel-notes'}, {'title': 'DESIGNED FOR READING', 'link': 'https://archive.architecturaldigest.com/article/1983/6/designed-for-reading'}, {'title': 'Architectural Approach', 'link': 'https://archive.architecturaldigest.com/article/1983/6/architectural-approach'}]",Summer,whitesmoke,dimgrey,darkgrey,black,slategrey,"{""0.322455003599712"": [117, 118, 148], ""0.29822534197264217"": [244, 244, 243], ""0.18340172786177106"": [93, 84, 87], ""0.17888768898488122"": [181, 170, 175], ""0.01703023758099352"": [11, 11, 10]}"
1983,July,https://architecturaldigest.blob.core.windows.net/architecturaldigest19830701thumbnails/Covers/0x600/19830701.jpg,"[{'title': 'PEOPLE ARE THE ISSUE', 'link': 'https://archive.architecturaldigest.com/article/1983/7/people-are-the-issue'}, {'title': 'IN THE SHOWROOMS', 'link': 'https://archive.architecturaldigest.com/article/1983/7/in-the-showrooms'}, {'title': ""ARTIST'S DIALOGUE"", 'link': 'https://archive.architecturaldigest.com/article/1983/7/artists-dialogue'}]",Summer,whitesmoke,darkslategrey,dimgrey,tan,black,"{""0.2423290136789057"": [35, 23, 19], ""0.23098632109431244"": [245, 243, 242], ""0.22542116630669545"": [79, 63, 64], ""0.18292656587473002"": [143, 104, 82], ""0.11833693304535638"": [199, 163, 147]}"
1983,August,https://architecturaldigest.blob.core.windows.net/architecturaldigest19830801thumbnails/Covers/0x600/19830801.jpg,"[{'title': 'GUEST SPEAKER', 'link': 'https://archive.architecturaldigest.com/article/1983/8/guest-speaker'}, {'title': ""Historic Houses: Thomas Jefferson's Monticello"", 'link': 'https://archive.architecturaldigest.com/article/1983/8/historic-houses-thomas-jeffersons-monticello'}, {'title': 'IN THE SHOWROOMS', 'link': 'https://archive.architecturaldigest.com/article/1983/8/in-the-showrooms'}]",Summer,darkolivegreen,black,tan,grey,whitesmoke,"{""0.36865370770338374"": [243, 242, 238], ""0.2107847372210223"": [79, 86, 54], ""0.14397048236141108"": [24, 26, 10], ""0.140755939524838"": [205, 164, 162], ""0.13583513318934484"": [131, 129, 100]}"
1983,September,https://architecturaldigest.blob.core.windows.net/architecturaldigest19830901thumbnails/Covers/0x600/19830901.jpg,"[{'title': 'GUEST SPEAKER', 'link': 'https://archive.architecturaldigest.com/article/1983/9/guest-speaker'}, {'title': ""Historic Houses: Carl Larsson's Lilla Hyttnäs"", 'link': 'https://archive.architecturaldigest.com/article/1983/9/historic-houses-carl-larssons-lilla-hyttnas'}, {'title': ""ARTIST'S DIALOGUE"", 'link': 'https://archive.architecturaldigest.com/article/1983/9/artists-dialogue'}]",Fall,whitesmoke,peru,darkolivegreen,black,sienna,"{""0.33500359971202304"": [149, 98, 58], ""0.21350611951043916"": [245, 242, 238], ""0.1644816414686825"": [197, 145, 91], ""0.16388048956083515"": [95, 63, 42], ""0.12312814974802015"": [24, 15, 13]}"
1983,October,https://architecturaldigest.blob.core.windows.net/architecturaldigest19831001thumbnails/Covers/0x600/19831001.jpg,"[{'title': 'Michael M. Thomas on The Company I Keep', 'link': 'https://archive.architecturaldigest.com/article/1983/10/guest-speaker'}, {'title': 'PEOPLE ARE THE ISSUE', 'link': 'https://archive.architecturaldigest.com/article/1983/10/people-are-the-issue'}, {'title': 'DESIGN DIALOGUE', 'link': 'https://archive.architecturaldigest.com/article/1983/10/design-dialogue'}]",Fall,black,grey,darkolivegreen,tan,linen,"{""0.22946724262059034"": [242, 237, 236], ""0.2081713462922966"": [22, 18, 15], ""0.2026601871850252"": [147, 118, 95], ""0.1942908567314615"": [89, 71, 58], ""0.16541036717062635"": [196, 171, 156]}"
1983,November,https://architecturaldigest.blob.core.windows.net/architecturaldigest19831101thumbnails/Covers/0x600/19831101.jpg,"[{'title': ""DESIGNER'S TRAVEL NOTES"", 'link': 'https://archive.architecturaldigest.com/article/1983/11/designers-travel-notes'}, {'title': 'PEOPLE ARE THE ISSUE', 'link': 'https://archive.architecturaldigest.com/article/1983/11/people-are-the-issue'}, {'title': ""ARTIST'S DIALOGUE"", 'link': 'https://archive.architecturaldigest.com/article/1983/11/artists-dialogue'}]",Fall,silver,rosybrown,dimgrey,black,whitesmoke,"{""0.38600431965442766"": [243, 242, 237], ""0.24194744420446365"": [218, 204, 177], ""0.2150467962562995"": [164, 144, 115], ""0.12951763858891288"": [125, 107, 82], ""0.027483801295896327"": [31, 24, 16]}"
1983,December,https://architecturaldigest.blob.core.windows.net/architecturaldigest19831201thumbnails/Covers/0x600/19831201.jpg,"[{'title': 'Architecture: Gwathmey Siegel and Associates', 'link': 'https://archive.architecturaldigest.com/article/1983/12/architecture-gwathmey-siegel-and-associates'}, {'title': 'ANTIQUES NOTEBOOK', 'link': 'https://archive.architecturaldigest.com/article/1983/12/antiques-notebook'}, {'title': ""ARTIST'S DIALOGUE"", 'link': 'https://archive.architecturaldigest.com/article/1983/12/artists-dialogue'}]",Winter,whitesmoke,darkslategrey,grey,darkslateblue,black,"{""0.3747840172786177"": [22, 11, 13], ""0.25124910007199425"": [243, 242, 240], ""0.194056875449964"": [70, 55, 54], ""0.1363678905687545"": [142, 119, 114], ""0.04354211663066954"": [52, 66, 129]}"
1984,January,https://architecturaldigest.blob.core.windows.net/architecturaldigest19840101thumbnails/Covers/0x600/19840101.jpg,"[{'title': ""ARTIST'S DIALOGUE"", 'link': 'https://archive.architecturaldigest.com/article/1984/1/artists-dialogue'}, {'title': 'GUEST SPEAKER', 'link': 'https://archive.architecturaldigest.com/article/1984/1/guest-speaker'}, {'title': 'ARCHITECTURAL DIGEST VISITS: Mr. and Mrs. Robert Motherwell', 'link': 'https://archive.architecturaldigest.com/article/1984/1/architectural-digest-visits-mr-and-mrs-robert-motherwell'}]",Winter,black,darkslategrey,darkgrey,dimgrey,whitesmoke,"{""0.32899568034557236"": [242, 241, 237], ""0.3005471562275018"": [22, 13, 11], ""0.17399568034557236"": [64, 52, 44], ""0.10192584593232541"": [181, 171, 169], ""0.09453563714902807"": [130, 113, 106]}"
1984,February,https://architecturaldigest.blob.core.windows.net/architecturaldigest19840201thumbnails/Covers/0x600/19840201.jpg,"[{'title': 'DESIGNED FOR READING', 'link': 'https://archive.architecturaldigest.com/article/1984/2/designed-for-reading'}, {'title': ""Historic Houses: Lord Melbourne's Family Home"", 'link': 'https://archive.architecturaldigest.com/article/1984/2/historic-houses-lord-melbournes-family-home'}, {'title': 'ANTIQUES NOTEBOOK', 'link': 'https://archive.architecturaldigest.com/article/1984/2/antiques-notebook'}]",Winter,whitesmoke,darkolivegreen,sienna,rosybrown,black,"{""0.39192584593232543"": [26, 10, 8], ""0.27970122390208785"": [245, 244, 244], ""0.1316234701223902"": [76, 50, 32], ""0.12314614830813535"": [125, 90, 59], ""0.0736033117350612"": [177, 140, 102]}"
1984,March,https://architecturaldigest.blob.core.windows.net/architecturaldigest19840301thumbnails/Covers/0x600/19840301.jpg,"[{'title': 'ARCHITECTURAL DIGEST VISITS: Jean Dubuffet', 'link': 'https://archive.architecturaldigest.com/article/1984/3/architectural-digest-visits-jean-dubuffet'}, {'title': 'Where Time Stands Still', 'link': 'https://archive.architecturaldigest.com/article/1984/3/where-time-stands-still'}, {'title': ""ARCHITECT'S TRAVEL NOTES"", 'link': 'https://archive.architecturaldigest.com/article/1984/3/architects-travel-notes'}]",Spring,darkslategrey,whitesmoke,darkolivegreen,sienna,black,"{""0.271036717062635"": [14, 6, 4], ""0.21640748740100793"": [59, 39, 26], ""0.20868250539956804"": [244, 243, 243], ""0.17649388048956083"": [103, 71, 48], ""0.12737940964722821"": [166, 110, 63]}"
1984,April,https://architecturaldigest.blob.core.windows.net/architecturaldigest19840401thumbnails/Covers/0x600/19840401.jpg,"[{'title': 'JOHN CANADAY: REFLECTIONS', 'link': 'https://archive.architecturaldigest.com/article/1984/4/john-canaday-reflections'}, {'title': ""DESIGNER'S TRAVEL NOTES"", 'link': 'https://archive.architecturaldigest.com/article/1984/4/designers-travel-notes'}, {'title': 'Architecture: Margaret McCurry Stanley Tigerman', 'link': 'https://archive.architecturaldigest.com/article/1984/4/architecture-margaret-mccurry-stanley-tigerman'}]",Spring,whitesmoke,darkolivegreen,grey,tan,black,"{""0.3228689704823614"": [32, 24, 16], ""0.24897408207343413"": [245, 242, 238], ""0.19967242620590353"": [81, 64, 46], ""0.1449532037437005"": [141, 122, 102], ""0.08353131749460044"": [203, 183, 163]}"
1984,May,https://architecturaldigest.blob.core.windows.net/architecturaldigest19840501thumbnails/Covers/0x600/19840501.jpg,"[{'title': ""ARTIST'S DIALOGUE"", 'link': 'https://archive.architecturaldigest.com/article/1984/5/artists-dialogue'}, {'title': 'GUEST SPEAKER: BEATRICE WOOD', 'link': 'https://archive.architecturaldigest.com/article/1984/5/guest-speaker-beatrice-wood'}, {'title': 'Tableau of an Era', 'link': 'https://archive.architecturaldigest.com/article/1984/5/tableau-of-an-era'}]",Spring,darkolivegreen,whitesmoke,tan,black,grey,"{""0.24420806335493161"": [143, 123, 110], ""0.21146148308135349"": [103, 82, 68], ""0.20826853851691865"": [242, 242, 239], ""0.18455003599712022"": [196, 174, 149], ""0.15151187904967603"": [23, 14, 13]}"
1984,June,https://architecturaldigest.blob.core.windows.net/architecturaldigest19840601thumbnails/Covers/0x600/19840601.jpg,"[{'title': 'Governor and Mrs. W. Averell Harriman', 'link': 'https://archive.architecturaldigest.com/article/1984/6/governor-and-mrs-w-averell-harriman'}, {'title': 'Designed for Reading', 'link': 'https://archive.architecturaldigest.com/article/1984/6/designed-for-reading'}, {'title': 'Architecture: Robert A. M. Stern', 'link': 'https://archive.architecturaldigest.com/article/1984/6/architecture-robert-a-m-stern'}]",Summer,darkslategrey,black,slategrey,darkgrey,whitesmoke,"{""0.2866234701223902"": [245, 245, 245], ""0.27464002879769617"": [61, 57, 62], ""0.2223974082073434"": [38, 33, 32], ""0.12834773218142548"": [107, 121, 157], ""0.0879913606911447"": [170, 170, 179]}"
1984,July,https://architecturaldigest.blob.core.windows.net/architecturaldigest19840701thumbnails/Covers/0x600/19840701.jpg,"[{'title': 'GUEST SPEAKER: BRASSAÏ', 'link': 'https://archive.architecturaldigest.com/article/1984/7/guest-speaker-brassai'}, {'title': 'Architecture: Charles Moore and William Turnbull, Jr.', 'link': 'https://archive.architecturaldigest.com/article/1984/7/architecture-charles-moore-and-william-turnbull-jr'}, {'title': 'ARCHITECTURAL DIGEST VISITS: Nedda and Joshua Logan', 'link': 'https://archive.architecturaldigest.com/article/1984/7/architectural-digest-visits-nedda-and-joshua-logan'}]",Summer,darkgrey,grey,saddlebrown,black,whitesmoke,"{""0.30056155507559396"": [240, 239, 238], ""0.25847732181425487"": [195, 176, 166], ""0.21155507559395248"": [162, 127, 110], ""0.15885529157667386"": [107, 68, 48], ""0.07055075593952484"": [44, 23, 18]}"
1984,August,https://architecturaldigest.blob.core.windows.net/architecturaldigest19840801thumbnails/Covers/0x600/19840801.jpg,"[{'title': 'Vincent Scully', 'link': 'https://archive.architecturaldigest.com/article/1984/8/vincent-scully'}, {'title': 'ARCHITECTURAL DIGEST VISITS: Marc Chagall', 'link': 'https://archive.architecturaldigest.com/article/1984/8/architectural-digest-visits-marc-chagall'}, {'title': 'Russell Lynes Observes', 'link': 'https://archive.architecturaldigest.com/article/1984/8/russell-lynes-observes'}]",Summer,black,whitesmoke,cornflowerblue,rosybrown,darkslategrey,"{""0.3510691144708423"": [64, 56, 57], ""0.3016486681065515"": [31, 26, 26], ""0.22816414686825054"": [243, 242, 243], ""0.06751979841612671"": [114, 155, 222], ""0.05159827213822894"": [166, 143, 140]}"
1984,September,https://architecturaldigest.blob.core.windows.net/architecturaldigest19840901thumbnails/Covers/0x600/19840901.jpg,"[{'title': ""Richard Meier's Framework for the Decorative Arts at the High Museum in Atlanta"", 'link': 'https://archive.architecturaldigest.com/article/1984/9/richard-meiers-framework-for-the-decorative-arts-at-the-high-museum-in-atlanta'}, {'title': 'Louis Auchincloss', 'link': 'https://archive.architecturaldigest.com/article/1984/9/louis-auchincloss'}, {'title': 'PEOPLE ARE THE ISSUE', 'link': 'https://archive.architecturaldigest.com/article/1984/9/people-are-the-issue'}]",Fall,tan,rosybrown,sienna,black,whitesmoke,"{""0.24780417566594673"": [245, 241, 241], ""0.22953923686105113"": [218, 171, 165], ""0.21639308855291578"": [179, 125, 117], ""0.1830093592512599"": [130, 83, 70], ""0.12325413966882649"": [36, 25, 21]}"
1984,October,https://architecturaldigest.blob.core.windows.net/architecturaldigest19841001thumbnails/Covers/0x600/19841001.jpg,"[{'title': 'People Are the Issue', 'link': 'https://archive.architecturaldigest.com/article/1984/10/people-are-the-issue'}, {'title': 'ARCHITECTURAL DIGEST VISITS: Johnny Carson', 'link': 'https://archive.architecturaldigest.com/article/1984/10/architectural-digest-visits-johnny-carson'}, {'title': 'Guest Speaker: Walker Percy', 'link': 'https://archive.architecturaldigest.com/article/1984/10/guest-speaker-walker-percy'}]",Fall,whitesmoke,sienna,black,burlywood,peru,"{""0.2763282937365011"": [178, 128, 79], ""0.26195824334053275"": [245, 245, 244], ""0.25224982001439883"": [126, 87, 50], ""0.13124910007199425"": [55, 35, 18], ""0.07821454283657307"": [227, 188, 132]}"
1984,November,https://architecturaldigest.blob.core.windows.net/architecturaldigest19841101thumbnails/Covers/0x600/19841101.jpg,"[{'title': ""Artist's Dialogue"", 'link': 'https://archive.architecturaldigest.com/article/1984/11/artists-dialogue'}, {'title': 'Guest Speaker: Arthur Miller', 'link': 'https://archive.architecturaldigest.com/article/1984/11/guest-speaker-arthurmiller'}, {'title': 'People Are the Issue', 'link': 'https://archive.architecturaldigest.com/article/1984/11/people-are-the-issue'}]",Fall,darkslategrey,whitesmoke,dimgrey,rosybrown,black,"{""0.34316414686825053"": [12, 8, 7], ""0.20598632109431245"": [70, 50, 39], ""0.2041900647948164"": [244, 242, 241], ""0.14654067674586033"": [134, 102, 88], ""0.10011879049676026"": [188, 164, 143]}"
1984,December,https://architecturaldigest.blob.core.windows.net/architecturaldigest19841201thumbnails/Covers/0x600/19841201.jpg,"[{'title': 'GUEST SPEAKER: DAVID HALBERSTAM', 'link': 'https://archive.architecturaldigest.com/article/1984/12/guest-speaker-david-halberstam'}, {'title': 'PEOPLE ARE THE ISSUE', 'link': 'https://archive.architecturaldigest.com/article/1984/12/people-are-the-issue'}, {'title': 'Vincent Scully', 'link': 'https://archive.architecturaldigest.com/article/1984/12/vincent-scully'}]",Winter,whitesmoke,dimgrey,rosybrown,black,silver,"{""0.3746868250539957"": [208, 201, 187], ""0.22946004319654428"": [244, 244, 242], ""0.19387329013678906"": [125, 103, 87], ""0.14574874010079195"": [162, 151, 138], ""0.05623110151187905"": [42, 36, 30]}"
1985,January,https://architecturaldigest.blob.core.windows.net/architecturaldigest19850101thumbnails/Covers/0x600/19850101.jpg,"[{'title': 'GUEST SPEAKER: JOHN UPDIKE', 'link': 'https://archive.architecturaldigest.com/article/1985/1/guest-speaker-john-updike'}, {'title': 'ARCHITECTURE IN CONTEXT', 'link': 'https://archive.architecturaldigest.com/article/1985/1/architecture-in-context'}, {'title': 'RUSSELL LYNES OBSERVES', 'link': 'https://archive.architecturaldigest.com/article/1985/1/russell-lynes-observes'}]",Winter,saddlebrown,darkslategrey,grey,tan,whitesmoke,"{""0.268772498200144"": [244, 243, 241], ""0.2573182145428366"": [121, 78, 53], ""0.21404967602591793"": [67, 36, 27], ""0.16304535637149029"": [160, 128, 102], ""0.09681425485961123"": [206, 185, 166]}"
1985,February,https://architecturaldigest.blob.core.windows.net/architecturaldigest19850201thumbnails/Covers/0x600/19850201.jpg,"[{'title': 'ARCHITECTURAL DIGEST VISITS: Barbara Cartland', 'link': 'https://archive.architecturaldigest.com/article/1985/2/architectural-digest-visits-barbara-cartland'}, {'title': 'ARCHITECTURE IN CONTEXT Vincent Scully', 'link': 'https://archive.architecturaldigest.com/article/1985/2/architecture-in-context-vincent-scully'}, {'title': 'FOR COLLECTORS', 'link': 'https://archive.architecturaldigest.com/article/1985/2/for-collectors'}]",Winter,darksalmon,peru,sienna,black,whitesmoke,"{""0.2944888408927286"": [245, 243, 238], ""0.279247660187185"": [232, 171, 115], ""0.26689704823614113"": [198, 132, 80], ""0.14028797696184306"": [145, 91, 51], ""0.01907847372210223"": [19, 13, 10]}"
1985,March,https://architecturaldigest.blob.core.windows.net/architecturaldigest19850301thumbnails/Covers/0x600/19850301.jpg,"[{'title': 'DESIGN DIALOGUE', 'link': 'https://archive.architecturaldigest.com/article/1985/3/design-dialogue'}, {'title': 'DESIGNED FOR READING', 'link': 'https://archive.architecturaldigest.com/article/1985/3/designed-for-reading'}, {'title': 'Architecture: Venturi, Rauch and Scott Brown', 'link': 'https://archive.architecturaldigest.com/article/1985/3/architecture-venturi-rauch-and-scott-brown'}]",Spring,darkslategrey,whitesmoke,dimgrey,darkgrey,black,"{""0.33415766738660907"": [15, 9, 10], ""0.26556875449964"": [66, 45, 36], ""0.23609791216702664"": [243, 243, 243], ""0.09368610511159108"": [112, 106, 108], ""0.07048956083513319"": [182, 172, 161]}"
1985,April,https://architecturaldigest.blob.core.windows.net/architecturaldigest19850401thumbnails/Covers/0x600/19850401.jpg,"[{'title': ""Historic Houses: Carl Sandburg's Mountain Years"", 'link': 'https://archive.architecturaldigest.com/article/1985/4/historic-houses-carl-sandburgs-mountain-years'}, {'title': 'FOR COLLECTORS', 'link': 'https://archive.architecturaldigest.com/article/1985/4/for-collectors'}, {'title': 'Romantic Saga', 'link': 'https://archive.architecturaldigest.com/article/1985/4/romantic-saga'}]",Spring,darkolivegreen,grey,black,silver,whitesmoke,"{""0.3586897048236141"": [243, 243, 239], ""0.22628509719222462"": [89, 79, 60], ""0.17975161987041036"": [144, 133, 111], ""0.11900647948164148"": [44, 35, 25], ""0.11626709863210943"": [200, 196, 177]}"
1985,May,https://architecturaldigest.blob.core.windows.net/architecturaldigest19850501thumbnails/Covers/0x600/19850501.jpg,"[{'title': 'Art Notebook', 'link': 'https://archive.architecturaldigest.com/article/1985/5/art-notebook'}, {'title': ""Terrestrial Sphere: Steven Spielberg's Hollywood Headquarters"", 'link': 'https://archive.architecturaldigest.com/article/1985/5/terrestrial-sphere'}, {'title': 'Design Dialogue: Sarah Tomerlin Lee', 'link': 'https://archive.architecturaldigest.com/article/1985/5/design-dialogue-sarah-tomerlin-lee'}]",Spring,whitesmoke,black,darkslategrey,dimgrey,lightslategrey,"{""0.29034557235421166"": [131, 153, 190], ""0.2358567314614831"": [239, 239, 240], ""0.18312814974802016"": [25, 20, 20], ""0.17003239740820733"": [61, 57, 55], ""0.12063714902807775"": [106, 108, 119]}"
1985,June,https://architecturaldigest.blob.core.windows.net/architecturaldigest19850601thumbnails/Covers/0x600/19850601.jpg,"[{'title': 'LITERARY LAIRS', 'link': 'https://archive.architecturaldigest.com/article/1985/6/literary-lairs'}, {'title': 'LADY DIANA COOPER', 'link': 'https://archive.architecturaldigest.com/article/1985/6/lady-diana-cooper'}, {'title': 'Illustrious Inhabitants', 'link': 'https://archive.architecturaldigest.com/article/1985/6/illustrious-inhabitants'}]",Summer,darkslategrey,whitesmoke,darkolivegreen,rosybrown,black,"{""0.312735781137509"": [14, 13, 9], ""0.2792188624910007"": [51, 48, 35], ""0.2166126709863211"": [245, 244, 243], ""0.15503239740820735"": [95, 82, 61], ""0.03640028797696184"": [161, 152, 140]}"
1985,July,https://architecturaldigest.blob.core.windows.net/architecturaldigest19850701thumbnails/Covers/0x600/19850701.jpg,"[{'title': 'ANTIQUES NOTEBOOK', 'link': 'https://archive.architecturaldigest.com/article/1985/7/antiques-notebook'}, {'title': 'RUSSELL LYNES OBSERVES', 'link': 'https://archive.architecturaldigest.com/article/1985/7/russell-lynes-observes'}, {'title': 'GUEST SPEAKER: BETTE BAO LORD', 'link': 'https://archive.architecturaldigest.com/article/1985/7/guest-speaker-bette-bao-lord'}]",Summer,sienna,peru,darkslategrey,khaki,whitesmoke,"{""0.2710007199424046"": [245, 245, 242], ""0.20775737940964722"": [143, 86, 55], ""0.186130309575234"": [207, 154, 89], ""0.17632469402447803"": [70, 42, 30], ""0.15878689704823615"": [237, 214, 139]}"
1985,August,https://architecturaldigest.blob.core.windows.net/architecturaldigest19850801thumbnails/Covers/0x600/19850801.jpg,"[{'title': 'Orient Expressions', 'link': 'https://archive.architecturaldigest.com/article/1985/8/orient-expressions'}, {'title': 'ARCHITECTURAL DIGEST VISITS: Dr. and Mrs. Armand Hammer', 'link': 'https://archive.architecturaldigest.com/article/1985/8/architectural-digest-visits'}, {'title': 'Architecture: Moore Ruble Yudell', 'link': 'https://archive.architecturaldigest.com/article/1985/8/architecture-moore-ruble-yudell'}]",Summer,whitesmoke,darkslategrey,darkslateblue,darkgrey,black,"{""0.28744780417566596"": [21, 22, 29], ""0.27179625629949605"": [241, 242, 243], ""0.21794816414686824"": [45, 54, 76], ""0.13871490280777538"": [78, 99, 142], ""0.08409287257019439"": [147, 163, 192]}"
1985,September,https://architecturaldigest.blob.core.windows.net/architecturaldigest19850901thumbnails/Covers/0x600/19850901.jpg,"[{'title': 'ART NOTEBOOK', 'link': 'https://archive.architecturaldigest.com/article/1985/9/art-notebook'}, {'title': 'Figures in a Tuscan Landscape', 'link': 'https://archive.architecturaldigest.com/article/1985/9/figures-in-a-tuscan-landscape'}, {'title': 'PEOPLE ARE THE ISSUE', 'link': 'https://archive.architecturaldigest.com/article/1985/9/people-are-the-issue'}]",Fall,whitesmoke,darkslategrey,sienna,rosybrown,black,"{""0.36881929445644346"": [26, 19, 18], ""0.21865370770338374"": [244, 243, 242], ""0.1961879049676026"": [70, 48, 35], ""0.14574154067674586"": [129, 87, 61], ""0.07059755219582434"": [184, 146, 117]}"
1985,October,https://architecturaldigest.blob.core.windows.net/architecturaldigest19851001thumbnails/Covers/0x600/19851001.jpg,"[{'title': 'DESIGNED FOR READING', 'link': 'https://archive.architecturaldigest.com/article/1985/10/designed-for-reading'}, {'title': 'VINCENT SCULLY', 'link': 'https://archive.architecturaldigest.com/article/1985/10/vincent-scully'}, {'title': 'PROFILES: Mary Lasker', 'link': 'https://archive.architecturaldigest.com/article/1985/10/profiles-mary-lasker'}]",Fall,whitesmoke,darkslategrey,saddlebrown,peru,black,"{""0.3101619870410367"": [20, 14, 13], ""0.2692836573074154"": [245, 244, 243], ""0.25921166306695465"": [64, 39, 25], ""0.11750539956803456"": [106, 67, 41], ""0.04383729301655868"": [180, 128, 94]}"
1985,November,https://architecturaldigest.blob.core.windows.net/architecturaldigest19851101thumbnails/Covers/0x600/19851101.jpg,"[{'title': 'DESIGN DIALOGUE: WILLIAM HODGINS', 'link': 'https://archive.architecturaldigest.com/article/1985/11/design-dialogue-william-hodgins'}, {'title': 'GUEST SPEAKER: MURIEL SPARK', 'link': 'https://archive.architecturaldigest.com/article/1985/11/guest-speaker-muriel-spark'}, {'title': 'PEOPLE ARE THE ISSUE', 'link': 'https://archive.architecturaldigest.com/article/1985/11/people-are-the-issue'}]",Fall,black,whitesmoke,sienna,burlywood,saddlebrown,"{""0.3482469402447804"": [112, 74, 47], ""0.22000719942404606"": [55, 33, 22], ""0.20446724262059035"": [245, 245, 244], ""0.15129949604031678"": [167, 114, 70], ""0.07597912167026638"": [227, 193, 133]}"
1985,December,https://architecturaldigest.blob.core.windows.net/architecturaldigest19851201thumbnails/Covers/0x600/19851201.jpg,"[{'title': ""ARTIST'S DIALOGUE: ERIC FISCHL"", 'link': 'https://archive.architecturaldigest.com/article/1985/12/artists-dialogue-eric-fischl'}, {'title': 'ARCHITECTURAL DIGEST VISITS', 'link': 'https://archive.architecturaldigest.com/article/1985/12/architectural-digest-visits'}, {'title': 'PEOPLE ARE THE ISSUE', 'link': 'https://archive.architecturaldigest.com/article/1985/12/people-are-the-issue'}]",Winter,darkolivegreen,sienna,darkseagreen,black,whitesmoke,"{""0.42392008639308854"": [238, 240, 236], ""0.27771058315334773"": [105, 120, 69], ""0.13598632109431247"": [169, 70, 38], ""0.1340856731461483"": [162, 165, 129], ""0.02829733621310295"": [29, 21, 14]}"
1986,January,https://architecturaldigest.blob.core.windows.net/architecturaldigest19860101thumbnails/Covers/0x600/19860101.jpg,"[{'title': 'Two Arts Entwined', 'link': 'https://archive.architecturaldigest.com/article/1986/1/two-arts-entwined'}, {'title': 'Winfield House', 'link': 'https://archive.architecturaldigest.com/article/1986/1/winfield-house'}, {'title': 'TRAVEL NOTES: FRANÇOISE SAGAN', 'link': 'https://archive.architecturaldigest.com/article/1986/1/travel-notes-francoise-sagan'}]",Winter,darkolivegreen,whitesmoke,grey,darkslateblue,black,"{""0.36577753779697625"": [30, 24, 23], ""0.3414254859611231"": [72, 78, 54], ""0.20716342692584594"": [244, 243, 242], ""0.06302015838732901"": [140, 130, 104], ""0.0226133909287257"": [42, 64, 142]}"
1986,February,https://architecturaldigest.blob.core.windows.net/architecturaldigest19860201thumbnails/Covers/0x600/19860201.jpg,"[{'title': 'GUEST SPEAKER: JOHN IRVING', 'link': 'https://archive.architecturaldigest.com/article/1986/2/guest-speaker-john-irving'}, {'title': 'PROFILES: Mr. and Mrs. Roger L. Stevens', 'link': 'https://archive.architecturaldigest.com/article/1986/2/profiles-mr-and-mrs-roger-l-stevens'}, {'title': 'Frontier Villa', 'link': 'https://archive.architecturaldigest.com/article/1986/2/frontier-villa'}]",Winter,grey,darkolivegreen,darkslategrey,tan,whitesmoke,"{""0.29299136069114473"": [244, 243, 239], ""0.27700503959683226"": [152, 127, 90], ""0.21279337652987762"": [111, 91, 63], ""0.120377969762419"": [54, 43, 29], ""0.09683225341972643"": [200, 182, 153]}"
1986,March,https://architecturaldigest.blob.core.windows.net/architecturaldigest19860301thumbnails/Covers/0x600/19860301.jpg,"[{'title': 'Guest Speaker: Ashton Hawkins', 'link': 'https://archive.architecturaldigest.com/article/1986/3/guest-speaker-ashton-hawkins'}, {'title': 'ARCHITECTURAL DIGEST VISITS: Leonor Fini', 'link': 'https://archive.architecturaldigest.com/article/1986/3/architectural-digest-visits-leonor-fini'}, {'title': 'Historic Houses: Lawrence of Arabia', 'link': 'https://archive.architecturaldigest.com/article/1986/3/historic-houses-lawrence-of-arabia'}]",Spring,whitesmoke,darkslategrey,darkolivegreen,grey,black,"{""0.38633549316054716"": [7, 4, 4], ""0.263772498200144"": [244, 244, 244], ""0.18401727861771058"": [49, 45, 34], ""0.12230381569474442"": [91, 86, 64], ""0.04357091432685385"": [157, 148, 118]}"
1986,April,https://architecturaldigest.blob.core.windows.net/architecturaldigest19860401thumbnails/Covers/0x600/19860401.jpg,"[{'title': 'GUEST SPEAKER: ROBERT A.M. STERN', 'link': 'https://archive.architecturaldigest.com/article/1986/4/guest-speaker-robert-am-stern'}, {'title': ""ARTIST'S DIALOGUE: PAT STEIR"", 'link': 'https://archive.architecturaldigest.com/article/1986/4/artists-dialogue-pat-steir'}, {'title': 'DESIGN DIALOGUE: JON BANNENBERG', 'link': 'https://archive.architecturaldigest.com/article/1986/4/design-dialogue-jon-bannenberg'}]",Spring,whitesmoke,darkslategrey,darkolivegreen,rosybrown,black,"{""0.34037437005039595"": [9, 7, 3], ""0.22754499640028797"": [245, 244, 243], ""0.20077753779697624"": [53, 50, 28], ""0.16468322534197263"": [100, 97, 65], ""0.06661987041036717"": [166, 149, 119]}"
1986,May,https://architecturaldigest.blob.core.windows.net/architecturaldigest19860501thumbnails/Covers/0x600/19860501.jpg,"[{'title': 'Profiles: Brooke Astor', 'link': 'https://archive.architecturaldigest.com/article/1986/5/profiles-brooke-astor'}, {'title': 'People Are the Issue', 'link': 'https://archive.architecturaldigest.com/article/1986/5/people-are-the-issue'}, {'title': 'Historic Architecture: Le Corbusier', 'link': 'https://archive.architecturaldigest.com/article/1986/5/historic-architecture-le-corbusier'}]",Spring,darkslategrey,whitesmoke,dimgrey,rosybrown,black,"{""0.3923686105111591"": [14, 8, 5], ""0.2188300935925126"": [69, 51, 34], ""0.18521958243340533"": [244, 243, 243], ""0.13273218142548596"": [132, 114, 94], ""0.070849532037437"": [188, 167, 138]}"
1986,June,https://architecturaldigest.blob.core.windows.net/architecturaldigest19860601thumbnails/Covers/0x600/19860601.jpg,"[{'title': 'An Eminent Victorian', 'link': 'https://archive.architecturaldigest.com/article/1986/6/an-eminent-victorian'}, {'title': 'Betsy and Andrew Wyeth in Maine', 'link': 'https://archive.architecturaldigest.com/article/1986/6/betsy-and-andrew-wyeth-in-maine'}, {'title': 'PEOPLE ARE THE ISSUE', 'link': 'https://archive.architecturaldigest.com/article/1986/6/people-are-the-issue'}]",Summer,whitesmoke,black,tan,grey,darkslateblue,"{""0.27404247660187186"": [48, 71, 133], ""0.26680705543556515"": [245, 245, 245], ""0.21544996400287977"": [41, 30, 27], ""0.15991720662347012"": [211, 183, 159], ""0.0837832973362131"": [145, 116, 95]}"
1986,July,https://architecturaldigest.blob.core.windows.net/architecturaldigest19860701thumbnails/Covers/0x600/19860701.jpg,"[{'title': ""Historic Houses: The Lord Mayor's Mansion"", 'link': 'https://archive.architecturaldigest.com/article/1986/7/historic-houses-the-lord-mayors-mansion'}, {'title': 'Alternate States', 'link': 'https://archive.architecturaldigest.com/article/1986/7/alternate-states'}, {'title': 'Russell Lynes Observes', 'link': 'https://archive.architecturaldigest.com/article/1986/7/russell-lynes-observes'}]",Summer,black,sienna,darkslategrey,tan,linen,"{""0.29375089992800574"": [244, 241, 236], ""0.28963642908567316"": [11, 7, 10], ""0.15287616990640748"": [148, 101, 81], ""0.1459611231101512"": [72, 47, 43], ""0.11777537796976242"": [205, 176, 153]}"
1986,August,https://architecturaldigest.blob.core.windows.net/architecturaldigest19860801thumbnails/Covers/0x600/19860801.jpg,"[{'title': 'PROFILES: Iris Love', 'link': 'https://archive.architecturaldigest.com/article/1986/8/profiles-iris-love'}, {'title': ""Artist's Dialogue: Donald Judd"", 'link': 'https://archive.architecturaldigest.com/article/1986/8/artists-dialogue-donald-judd'}, {'title': 'Cliveden Revisited', 'link': 'https://archive.architecturaldigest.com/article/1986/8/cliveden-revisited'}]",Summer,sienna,saddlebrown,sandybrown,black,whitesmoke,"{""0.28570194384449243"": [245, 243, 239], ""0.22451763858891288"": [161, 113, 52], ""0.21120950323974083"": [104, 69, 36], ""0.1470266378689705"": [223, 158, 73], ""0.13154427645788336"": [38, 24, 15]}"
1986,September,https://architecturaldigest.blob.core.windows.net/architecturaldigest19860901thumbnails/Covers/0x600/19860901.jpg,"[{'title': 'ART NOTEBOOK', 'link': 'https://archive.architecturaldigest.com/article/1986/9/art-notebook'}, {'title': 'Historic Houses: Maurice Ravel at Le Belvédère', 'link': 'https://archive.architecturaldigest.com/article/1986/9/historic-houses-maurice-ravel-at-le-belvedere'}, {'title': 'ARCHITECTURAL DIGEST VISITS: Martina Navratilova', 'link': 'https://archive.architecturaldigest.com/article/1986/9/architectural-digest-visits-martina-navratilova'}]",Fall,whitesmoke,rosybrown,dimgrey,darkslategrey,black,"{""0.45406047516198705"": [3, 1, 2], ""0.1992656587473002"": [243, 242, 242], ""0.13005039596832255"": [180, 141, 103], ""0.12204463642908567"": [125, 92, 73], ""0.09457883369330454"": [60, 45, 43]}"
1986,October,https://architecturaldigest.blob.core.windows.net/architecturaldigest19861001thumbnails/Covers/0x600/19861001.jpg,"[{'title': 'VINCENT SCULLY', 'link': 'https://archive.architecturaldigest.com/article/1986/10/vincent-scully'}, {'title': 'Historic Houses: Admiral Peary', 'link': 'https://archive.architecturaldigest.com/article/1986/10/historic-houses-admiral-peary'}, {'title': ""Kasteel van's Gravenwezel"", 'link': 'https://archive.architecturaldigest.com/article/1986/10/kasteel-vans-gravenwezel'}]",Fall,whitesmoke,,darkolivegreen,darkkhaki,black,"{""0.416979841612671"": [8, 4, 5], ""0.19961123110151188"": [245, 244, 241], ""0.18274658027357812"": [45, 34, 29], ""0.11486681065514759"": [89, 91, 60], ""0.08579553635709143"": [162, 165, 105]}"
1986,November,https://architecturaldigest.blob.core.windows.net/architecturaldigest19861101thumbnails/Covers/0x600/19861101.jpg,"[{'title': 'Philip Johnson', 'link': 'https://archive.architecturaldigest.com/article/1986/11/philip-johnson'}, {'title': 'Sash Windows on the Sea', 'link': 'https://archive.architecturaldigest.com/article/1986/11/sash-windows-on-the-sea'}, {'title': 'Brooks and Kate Firestone', 'link': 'https://archive.architecturaldigest.com/article/1986/11/brooks-and-kate-firestone'}]",Fall,darkolivegreen,black,grey,silver,snow,"{""0.28780777537796975"": [252, 251, 247], ""0.2706299496040317"": [95, 86, 68], ""0.22605831533477322"": [37, 28, 29], ""0.11938804895608351"": [160, 118, 107], ""0.09611591072714183"": [213, 186, 173]}"
1986,December,https://architecturaldigest.blob.core.windows.net/architecturaldigest19861201thumbnails/Covers/0x600/19861201.jpg,"[{'title': 'A Charmed Life', 'link': 'https://archive.architecturaldigest.com/article/1986/12/a-charmed-life'}, {'title': 'Queen Margrethe II and Prince Henrik of Denmark', 'link': 'https://archive.architecturaldigest.com/article/1986/12/queen-margrethe-ii-and-prince-henrik-of-denmark'}, {'title': 'Aesthetic Intelligence', 'link': 'https://archive.architecturaldigest.com/article/1986/12/aesthetic-intelligence'}]",Winter,whitesmoke,darkslategrey,sienna,tan,black,"{""0.28520518358531316"": [19, 11, 11], ""0.2741972642188625"": [245, 244, 243], ""0.18540676745860332"": [75, 53, 42], ""0.16649748020158386"": [152, 106, 83], ""0.08869330453563715"": [198, 174, 145]}"
1987,January,https://architecturaldigest.blob.core.windows.net/architecturaldigest19870101thumbnails/Covers/0x600/19870101.jpg,"[{'title': 'King Hussein and Queen Noor of Jordan', 'link': 'https://archive.architecturaldigest.com/article/1987/1/king-hussein-and-queen-noor-of-jordan'}, {'title': 'The Highlander', 'link': 'https://archive.architecturaldigest.com/article/1987/1/the-highlander'}, {'title': 'PEOPLE ARE THE ISSUE', 'link': 'https://archive.architecturaldigest.com/article/1987/1/people-are-the-issue'}]",Winter,whitesmoke,peru,black,burlywood,darkolivegreen,"{""0.27935565154787617"": [105, 71, 49], ""0.2522858171346292"": [245, 244, 243], ""0.18161627069834413"": [167, 117, 81], ""0.1623686105111591"": [34, 20, 15], ""0.12437365010799135"": [218, 184, 131]}"
1987,February,https://architecturaldigest.blob.core.windows.net/architecturaldigest19870201thumbnails/Covers/0x600/19870201.jpg,"[{'title': 'Thor Heyerdahl', 'link': 'https://archive.architecturaldigest.com/article/1987/2/thor-heyerdahl'}, {'title': 'PEOPLE ARE THE ISSUE', 'link': 'https://archive.architecturaldigest.com/article/1987/2/people-are-the-issue'}, {'title': 'ART NOTEBOOK', 'link': 'https://archive.architecturaldigest.com/article/1987/2/art-notebook'}]",Winter,whitesmoke,maroon,sienna,darkkhaki,black,"{""0.38104391648668107"": [25, 5, 3], ""0.22210943124550037"": [245, 244, 244], ""0.2066702663786897"": [82, 38, 21], ""0.14415766738660907"": [134, 76, 50], ""0.0460187185025198"": [190, 146, 106]}"
1987,March,https://architecturaldigest.blob.core.windows.net/architecturaldigest19870301thumbnails/Covers/0x600/19870301.jpg,"[{'title': 'VALENTINE LAWFORD', 'link': 'https://archive.architecturaldigest.com/article/1987/3/valentine-lawford'}, {'title': 'A Rare Aesthetic', 'link': 'https://archive.architecturaldigest.com/article/1987/3/a-rare-aesthetic'}, {'title': 'Ricardo Legorreta', 'link': 'https://archive.architecturaldigest.com/article/1987/3/ricardo-legorreta'}]",Spring,saddlebrown,whitesmoke,tan,black,peru,"{""0.30791936645068396"": [180, 127, 91], ""0.20581353491720664"": [117, 76, 51], ""0.2030957523398128"": [245, 244, 244], ""0.19166666666666668"": [220, 172, 147], ""0.09150467962562996"": [42, 25, 17]}"
1987,April,https://architecturaldigest.blob.core.windows.net/architecturaldigest19870401thumbnails/Covers/0x600/19870401.jpg,"[{'title': 'Historic Architecture: Joseph Maria Olbrich', 'link': 'https://archive.architecturaldigest.com/article/1987/4/joseph-maria-olbrich'}, {'title': 'A Practiced Eye', 'link': 'https://archive.architecturaldigest.com/article/1987/4/a-practiced-eye'}, {'title': 'PEOPLE ARE THE ISSUE', 'link': 'https://archive.architecturaldigest.com/article/1987/4/people-are-the-issue'}]",Spring,darkolivegreen,grey,black,silver,whitesmoke,"{""0.27278617710583153"": [245, 244, 243], ""0.24905327573794098"": [91, 72, 51], ""0.19344132469402447"": [135, 123, 102], ""0.15577033837293017"": [43, 29, 20], ""0.12894888408927285"": [191, 185, 169]}"
1987,May,https://architecturaldigest.blob.core.windows.net/architecturaldigest19870501thumbnails/Covers/0x600/19870501.jpg,"[{'title': 'Denton A. Cooley, M.D.', 'link': 'https://archive.architecturaldigest.com/article/1987/5/denton-a-cooley-md'}, {'title': 'PEOPLE ARE THE ISSUE', 'link': 'https://archive.architecturaldigest.com/article/1987/5/people-are-the-issue'}, {'title': 'ARCHITECTURAL DIGEST VISITS: Robert Wagner', 'link': 'https://archive.architecturaldigest.com/article/1987/5/robert-wagner'}]",Spring,whitesmoke,darkslategrey,wheat,grey,black,"{""0.3179841612670986"": [22, 23, 17], ""0.2543196544276458"": [245, 244, 238], ""0.2157451403887689"": [70, 68, 47], ""0.11772858171346293"": [218, 203, 173], ""0.09422246220302376"": [142, 126, 96]}"
1987,June,https://architecturaldigest.blob.core.windows.net/architecturaldigest19870601thumbnails/Covers/0x600/19870601.jpg,"[{'title': 'ROBERT A.M. STERN', 'link': 'https://archive.architecturaldigest.com/article/1987/6/robert-am-stern'}, {'title': 'PEOPLE ARE THE ISSUE', 'link': 'https://archive.architecturaldigest.com/article/1987/6/people-are-the-issue'}, {'title': 'Architecture: David Sellers', 'link': 'https://archive.architecturaldigest.com/article/1987/6/david-sellers'}]",Summer,whitesmoke,darkolivegreen,grey,darkslategrey,black,"{""0.2560007199424046"": [26, 17, 14], ""0.23611591072714183"": [239, 239, 241], ""0.22506839452843772"": [80, 57, 44], ""0.14326853851691865"": [157, 123, 96], ""0.1395464362850972"": [59, 81, 92]}"
1987,July,https://architecturaldigest.blob.core.windows.net/architecturaldigest19870701thumbnails/Covers/0x600/19870701.jpg,"[{'title': 'PEOPLE ARE THE ISSUE', 'link': 'https://archive.architecturaldigest.com/article/1987/7/people-are-the-issue'}, {'title': 'Ricardo Bofill', 'link': 'https://archive.architecturaldigest.com/article/1987/7/ricardo-bofill'}, {'title': 'Badminton House', 'link': 'https://archive.architecturaldigest.com/article/1987/7/badminton-house'}]",Summer,whitesmoke,darkslategrey,dimgrey,grey,black,"{""0.31148308135349173"": [21, 10, 14], ""0.2657343412526998"": [245, 245, 244], ""0.16430885529157668"": [58, 43, 43], ""0.14630669546436284"": [98, 84, 80], ""0.11216702663786897"": [145, 135, 137]}"
1987,August,https://architecturaldigest.blob.core.windows.net/architecturaldigest19870801thumbnails/Covers/0x600/19870801.jpg,"[{'title': 'Profiles: Ethel Kennedy', 'link': 'https://archive.architecturaldigest.com/article/1987/8/profiles-ethel-kennedy'}, {'title': 'SETTINGS OF A LIFETIME', 'link': 'https://archive.architecturaldigest.com/article/1987/8/settings-of-a-lifetime'}, {'title': 'PEOPLE ARE THE ISSUE', 'link': 'https://archive.architecturaldigest.com/article/1987/8/people-are-the-issue'}]",Summer,whitesmoke,darkolivegreen,black,dimgrey,rosybrown,"{""0.2804643628509719"": [194, 161, 136], ""0.22512958963282936"": [245, 244, 243], ""0.17781497480201583"": [77, 63, 44], ""0.15994960403167746"": [24, 16, 8], ""0.1566414686825054"": [141, 114, 93]}"
1987,September,https://architecturaldigest.blob.core.windows.net/architecturaldigest19870901thumbnails/Covers/0x600/19870901.jpg,"[{'title': 'PEOPLE ARE THE ISSUE', 'link': 'https://archive.architecturaldigest.com/article/1987/9/people-are-the-issue'}, {'title': 'THROUGH ANTIPODEAN EYES', 'link': 'https://archive.architecturaldigest.com/article/1987/9/through-antipodean-eyes'}, {'title': 'Architectural Digest Visits: Paul Simon', 'link': 'https://archive.architecturaldigest.com/article/1987/9/paul-simon'}]",Fall,darkslategrey,whitesmoke,darkslateblue,darkgrey,black,"{""0.2896976241900648"": [9, 13, 33], ""0.25136429085673145"": [34, 48, 84], ""0.24260619150467963"": [241, 243, 245], ""0.14679985601151907"": [71, 95, 140], ""0.06953203743700503"": [157, 169, 191]}"
1987,October,https://architecturaldigest.blob.core.windows.net/architecturaldigest19871001thumbnails/Covers/0x600/19871001.jpg,"[{'title': ""AN ANTIQUES DEALER'S SECRET SOURCES"", 'link': 'https://archive.architecturaldigest.com/article/1987/10/antiques-dealers-secret-sources'}, {'title': 'PEOPLE ARE THE ISSUE', 'link': 'https://archive.architecturaldigest.com/article/1987/10/people-are-the-issue'}, {'title': 'ISAMU NOGUCHI', 'link': 'https://archive.architecturaldigest.com/article/1987/10/isamu-noguchi'}]",Fall,tan,grey,darkolivegreen,black,linen,"{""0.27006119510439164"": [244, 243, 235], ""0.25645788336933045"": [204, 179, 129], ""0.19706263498920087"": [144, 119, 91], ""0.19019078473722104"": [91, 71, 59], ""0.08622750179985601"": [30, 17, 15]}"
1987,November,https://architecturaldigest.blob.core.windows.net/architecturaldigest19871101thumbnails/Covers/0x600/19871101.jpg,"[{'title': 'GAY TALESE', 'link': 'https://archive.architecturaldigest.com/article/1987/11/gay-talese'}, {'title': 'PEOPLE ARE THE ISSUE', 'link': 'https://archive.architecturaldigest.com/article/1987/11/people-are-the-issue'}, {'title': 'EDITH WHARTON', 'link': 'https://archive.architecturaldigest.com/article/1987/11/edith-wharton'}]",Fall,dimgrey,darkslategrey,whitesmoke,rosybrown,black,"{""0.2648308135349172"": [32, 14, 13], ""0.23911087113030957"": [125, 84, 87], ""0.22428005759539238"": [84, 51, 49], ""0.21514398848092153"": [244, 243, 243], ""0.056634269258459324"": [179, 146, 134]}"
1987,December,https://architecturaldigest.blob.core.windows.net/architecturaldigest19871201thumbnails/Covers/0x600/19871201.jpg,"[{'title': 'GAY TALESE', 'link': 'https://archive.architecturaldigest.com/article/1987/12/gay-talese'}, {'title': ""Historic Houses: Le Corbusier's Cabanon"", 'link': 'https://archive.architecturaldigest.com/article/1987/12/le-corbusiers-cabanon'}, {'title': ""COLLECTORS' FINDS IN PARIS"", 'link': 'https://archive.architecturaldigest.com/article/1987/12/collectors-finds-in-paris'}]",Winter,whitesmoke,darkgrey,darkslategrey,black,steelblue,"{""0.3049280057595392"": [83, 108, 167], ""0.2893808495320374"": [241, 241, 241], ""0.17463642908567314"": [177, 178, 184], ""0.11757739380849531"": [68, 69, 75], ""0.11347732181425486"": [17, 11, 18]}"
1988,January,https://architecturaldigest.blob.core.windows.net/architecturaldigest19880101thumbnails/Covers/0x600/19880101.jpg,"[{'title': 'Art Nouveau Legacy', 'link': 'https://archive.architecturaldigest.com/article/1988/1/art-nouveau-legacy'}, {'title': 'MARIO BOTTA', 'link': 'https://archive.architecturaldigest.com/article/1988/1/mario-botta'}, {'title': 'A Modern Repertoire', 'link': 'https://archive.architecturaldigest.com/article/1988/1/a-modern-repertoire'}]",Winter,black,grey,tan,darkslategrey,whitesmoke,"{""0.25884089272858174"": [243, 241, 240], ""0.21039236861051117"": [20, 15, 19], ""0.19487401007919367"": [144, 122, 107], ""0.1694060475161987"": [202, 182, 159], ""0.16648668106551476"": [85, 69, 65]}"
1988,February,https://architecturaldigest.blob.core.windows.net/architecturaldigest19880201thumbnails/Covers/0x600/19880201.jpg,"[{'title': 'ALICE WINN', 'link': 'https://archive.architecturaldigest.com/article/1988/2/alice-winn'}, {'title': 'JULIANA FORCE', 'link': 'https://archive.architecturaldigest.com/article/1988/2/juliana-force'}, {'title': 'PEOPLE ARE THE ISSUE', 'link': 'https://archive.architecturaldigest.com/article/1988/2/people-are-the-issue'}]",Winter,whitesmoke,black,dimgrey,rosybrown,darkolivegreen,"{""0.32782577393808493"": [94, 59, 42], ""0.2307739380849532"": [243, 242, 241], ""0.1833405327573794"": [48, 28, 23], ""0.1655291576673866"": [131, 103, 94], ""0.09253059755219582"": [173, 151, 144]}"
1988,March,https://architecturaldigest.blob.core.windows.net/architecturaldigest19880301thumbnails/Covers/0x600/19880301.jpg,"[{'title': 'TREASURE HUNTING IN CHINA', 'link': 'https://archive.architecturaldigest.com/article/1988/3/treasure-hunting-in-china'}, {'title': ""ARTIST'S DIALOGUE: KENNETH NOLAND"", 'link': 'https://archive.architecturaldigest.com/article/1988/3/kenneth-noland'}, {'title': 'ANTIQUES NOTEBOOK', 'link': 'https://archive.architecturaldigest.com/article/1988/3/antiques-notebook'}]",Spring,whitesmoke,darkslategrey,dimgrey,darkgrey,black,"{""0.37547516198704106"": [17, 13, 12], ""0.33536357091432684"": [243, 243, 243], ""0.1308963282937365"": [71, 59, 47], ""0.09529517638588914"": [120, 109, 99], ""0.06296976241900648"": [174, 172, 174]}"
1988,April,https://architecturaldigest.blob.core.windows.net/architecturaldigest19880401thumbnails/Covers/0x600/19880401.jpg,"[{'title': 'ARCHITECTURAL DIGEST VISITS: Diandra and Michael Douglas', 'link': 'https://archive.architecturaldigest.com/article/1988/4/diandra-and-michael-douglas'}, {'title': 'DESIGN DIALOGUE: IRVINE & FLEMING', 'link': 'https://archive.architecturaldigest.com/article/1988/4/irvine-fleming'}, {'title': 'People Are the Issue', 'link': 'https://archive.architecturaldigest.com/article/1988/4/people-are-the-issue'}]",Spring,whitesmoke,darkslategrey,dimgrey,rosybrown,black,"{""0.3229121670266379"": [35, 17, 17], ""0.2914470842332613"": [243, 243, 243], ""0.15676025917926567"": [78, 52, 44], ""0.1340208783297336"": [116, 97, 85], ""0.09485961123110151"": [179, 158, 145]}"
1988,May,https://architecturaldigest.blob.core.windows.net/architecturaldigest19880501thumbnails/Covers/0x600/19880501.jpg,"[{'title': 'Architecture: Gwathmey Siegel & Associates', 'link': 'https://archive.architecturaldigest.com/article/1988/5/gwathmey-siegel-associates'}, {'title': 'Architectural Digest Visits: Hal Prince on Majorca', 'link': 'https://archive.architecturaldigest.com/article/1988/5/hal-prince-on-majorca'}, {'title': 'THE POLLOCK-KRASNER HOUSE', 'link': 'https://archive.architecturaldigest.com/article/1988/5/the-pollock-krasner-house'}]",Spring,whitesmoke,wheat,darkolivegreen,rosybrown,black,"{""0.2521778257739381"": [30, 16, 14], ""0.24624910007199424"": [245, 244, 242], ""0.21557595392368611"": [228, 204, 165], ""0.1654427645788337"": [109, 73, 53], ""0.12055435565154787"": [176, 139, 107]}"
1988,June,https://architecturaldigest.blob.core.windows.net/architecturaldigest19880601thumbnails/Covers/0x600/19880601.jpg,"[{'title': 'PEOPLE ARE THE ISSUE', 'link': 'https://archive.architecturaldigest.com/article/1988/6/people-are-the-issue'}, {'title': 'The Insight Chaparral', 'link': 'https://archive.architecturaldigest.com/article/1988/6/the-insight-chaparral'}, {'title': 'Folk Art Idyll', 'link': 'https://archive.architecturaldigest.com/article/1988/6/folk-art-idyll'}]",Summer,whitesmoke,darkslategrey,,grey,black,"{""0.2549352051835853"": [10, 15, 7], ""0.24884449244060475"": [243, 242, 240], ""0.21772858171346293"": [61, 89, 69], ""0.19516558675305976"": [43, 53, 29], ""0.08332613390928725"": [146, 141, 117]}"
1988,July,https://architecturaldigest.blob.core.windows.net/architecturaldigest19880701thumbnails/Covers/0x600/19880701.jpg,"[{'title': 'The Collectors: Baron Hans Heinrich Thyssen-Bornemisza', 'link': 'https://archive.architecturaldigest.com/article/1988/7/baron-hans-heinrich-thyssen-bornemisza'}, {'title': 'Charles Ryskamp', 'link': 'https://archive.architecturaldigest.com/article/1988/7/charles-ryskamp'}, {'title': 'Art Notebook', 'link': 'https://archive.architecturaldigest.com/article/1988/7/art-notebook'}]",Summer,whitesmoke,rosybrown,darkslategrey,slategrey,silver,"{""0.26643988480921527"": [213, 201, 178], ""0.25562634989200866"": [244, 243, 240], ""0.20156947444204465"": [177, 152, 115], ""0.15942764578833693"": [53, 53, 39], ""0.11693664506839453"": [94, 124, 158]}"
1988,August,https://architecturaldigest.blob.core.windows.net/architecturaldigest19880801thumbnails/Covers/0x600/19880801.jpg,"[{'title': 'Ad-At-Large', 'link': 'https://archive.architecturaldigest.com/article/1988/8/ad-at-large'}, {'title': 'People Are the Issue', 'link': 'https://archive.architecturaldigest.com/article/1988/8/people-are-the-issue'}, {'title': 'Champagne and Roses', 'link': 'https://archive.architecturaldigest.com/article/1988/8/champagne-and-roses'}]",Summer,silver,darkgrey,dimgrey,black,whitesmoke,"{""0.3368034557235421"": [241, 242, 243], ""0.30937365010799134"": [186, 185, 186], ""0.2631785457163427"": [152, 149, 150], ""0.0701691864650828"": [88, 95, 103], ""0.020475161987041038"": [18, 17, 15]}"
1988,September,https://architecturaldigest.blob.core.windows.net/architecturaldigest19880901thumbnails/Covers/0x600/19880901.jpg,"[{'title': 'Ad-At-Large', 'link': 'https://archive.architecturaldigest.com/article/1988/9/ad-at-large'}, {'title': 'A Look Back in Fashion', 'link': 'https://archive.architecturaldigest.com/article/1988/9/a-look-back-in-fashion'}, {'title': 'People Are the Issue', 'link': 'https://archive.architecturaldigest.com/article/1988/9/people-are-the-issue'}]",Fall,darkslategrey,black,silver,grey,whitesmoke,"{""0.3562670986321094"": [241, 241, 241], ""0.2391324694024478"": [55, 56, 53], ""0.18902087832973363"": [6, 6, 6], ""0.11719942404607632"": [193, 193, 191], ""0.09838012958963283"": [146, 128, 124]}"
1988,October,https://architecturaldigest.blob.core.windows.net/architecturaldigest19881001thumbnails/Covers/0x600/19881001.jpg,"[{'title': 'AD-AT-LARGE', 'link': 'https://archive.architecturaldigest.com/article/1988/10/ad-at-large'}, {'title': 'Blair House', 'link': 'https://archive.architecturaldigest.com/article/1988/10/blair-house'}, {'title': 'SIR JOHN POPE-HENNESSY', 'link': 'https://archive.architecturaldigest.com/article/1988/10/sir-john-pope-hennessy'}]",Fall,black,silver,darkslategrey,grey,whitesmoke,"{""0.26921526277897767"": [240, 242, 241], ""0.22948524118070554"": [18, 20, 26], ""0.21321454283657307"": [181, 184, 178], ""0.14579553635709144"": [72, 76, 80], ""0.14228941684665228"": [122, 127, 131]}"
1988,November,https://architecturaldigest.blob.core.windows.net/architecturaldigest19881101thumbnails/Covers/0x600/19881101.jpg,"[{'title': 'Ad-At-Large', 'link': 'https://archive.architecturaldigest.com/article/1988/11/ad-at-large'}, {'title': 'Suzanne Stephens', 'link': 'https://archive.architecturaldigest.com/article/1988/11/suzanne-stephens'}, {'title': 'Kurt Andersen', 'link': 'https://archive.architecturaldigest.com/article/1988/11/kurt-andersen'}]",Fall,darkslategrey,black,sienna,peru,whitesmoke,"{""0.2657307415406767"": [244, 244, 244], ""0.24952483801295897"": [81, 53, 60], ""0.23763138948884088"": [44, 15, 15], ""0.14140028797696183"": [155, 85, 48], ""0.10571274298056156"": [216, 153, 85]}"
1988,December,https://architecturaldigest.blob.core.windows.net/architecturaldigest19881201thumbnails/Covers/0x600/19881201.jpg,"[{'title': 'AD-At-Large', 'link': 'https://archive.architecturaldigest.com/article/1988/12/ad-at-large'}, {'title': 'Antiques Notebook', 'link': 'https://archive.architecturaldigest.com/article/1988/12/antiques-notebook'}, {'title': 'Jean Simmons', 'link': 'https://archive.architecturaldigest.com/article/1988/12/jean-simmons'}]",Winter,sienna,whitesmoke,black,rosybrown,saddlebrown,"{""0.25993880489560833"": [94, 61, 32], ""0.21873290136789056"": [141, 106, 67], ""0.20871130309575234"": [245, 244, 243], ""0.19228581713462922"": [28, 16, 8], ""0.12033117350611951"": [190, 160, 122]}"
1989,January,https://architecturaldigest.blob.core.windows.net/architecturaldigest19890101thumbnails/Covers/0x600/19890101.jpg,"[{'title': 'Historic Houses: Henri de Toulouse-Lautrec', 'link': 'https://archive.architecturaldigest.com/article/1989/1/historic-houses-henri-de-toulouse-lautrec'}, {'title': 'The Hôtel Ritz', 'link': 'https://archive.architecturaldigest.com/article/1989/1/the-hotel-ritz'}, {'title': 'AD-AT-LARGE', 'link': 'https://archive.architecturaldigest.com/article/1989/1/ad-at-large'}]",Winter,whitesmoke,darkslategrey,dimgrey,rosybrown,black,"{""0.3159899208063355"": [27, 17, 17], ""0.27498920086393086"": [244, 244, 243], ""0.24285097192224622"": [75, 55, 44], ""0.11713462922966163"": [122, 98, 78], ""0.04903527717782578"": [180, 163, 143]}"
1989,February,https://architecturaldigest.blob.core.windows.net/architecturaldigest19890201thumbnails/Covers/0x600/19890201.jpg,"[{'title': 'Living the History of Modern Russia', 'link': 'https://archive.architecturaldigest.com/article/1989/2/living-the-history-of-modern-russia'}, {'title': ""PORTRAIT OF PICASSO'S TAILOR"", 'link': 'https://archive.architecturaldigest.com/article/1989/2/portrait-of-picassos-tailor'}, {'title': 'AD-AT-LARGE', 'link': 'https://archive.architecturaldigest.com/article/1989/2/ad-at-large'}]",Winter,black,saddlebrown,darkslategrey,rosybrown,whitesmoke,"{""0.2678473722102232"": [245, 245, 244], ""0.2599316054715623"": [17, 8, 8], ""0.23460763138948884"": [116, 67, 41], ""0.19292656587473003"": [70, 36, 26], ""0.04468682505399568"": [181, 149, 112]}"
1989,March,https://architecturaldigest.blob.core.windows.net/architecturaldigest19890301thumbnails/Covers/0x600/19890301.jpg,"[{'title': 'BARCELONA BEAUTY', 'link': 'https://archive.architecturaldigest.com/article/1989/3/barcelona-beauty'}, {'title': 'Arata Isozaki', 'link': 'https://archive.architecturaldigest.com/article/1989/3/arata-isozaki'}, {'title': 'ARCHITECTURAL DIGEST VISITS: Cher', 'link': 'https://archive.architecturaldigest.com/article/1989/3/cher'}]",Spring,whitesmoke,darkolivegreen,sienna,rosybrown,black,"{""0.25655147588192945"": [20, 11, 9], ""0.21985601151907846"": [244, 243, 241], ""0.21296976241900648"": [90, 59, 39], ""0.21265298776097913"": [151, 102, 64], ""0.09796976241900648"": [175, 163, 146]}"
1989,April,https://architecturaldigest.blob.core.windows.net/architecturaldigest19890401thumbnails/Covers/0x600/19890401.jpg,"[{'title': ""ARCHITECTS' DIALOGUE"", 'link': 'https://archive.architecturaldigest.com/article/1989/4/architects-dialogue'}, {'title': 'Robert Redford at Sundance', 'link': 'https://archive.architecturaldigest.com/article/1989/4/robert-redford-at-sundance'}, {'title': 'AD-AT-LARGE', 'link': 'https://archive.architecturaldigest.com/article/1989/4/ad-at-large'}]",Spring,whitesmoke,darkolivegreen,sienna,silver,black,"{""0.29016558675305976"": [21, 13, 13], ""0.24535997120230382"": [245, 243, 241], ""0.1930849532037437"": [99, 69, 51], ""0.1886501079913607"": [168, 108, 71], ""0.08273938084953204"": [213, 191, 174]}"
1989,May,https://architecturaldigest.blob.core.windows.net/architecturaldigest19890501thumbnails/Covers/0x600/19890501.jpg,"[{'title': 'Steven Spielberg and Amy Irving', 'link': 'https://archive.architecturaldigest.com/article/1989/5/steven-spielberg-and-amy-irving'}, {'title': 'AD-AT-LARGE', 'link': 'https://archive.architecturaldigest.com/article/1989/5/ad-at-large'}, {'title': 'M. F. K. FISHER', 'link': 'https://archive.architecturaldigest.com/article/1989/5/m-f-k-fisher'}]",Spring,dimgrey,black,steelblue,darkgrey,whitesmoke,"{""0.30957163426925843"": [236, 239, 239], ""0.19618070554355652"": [105, 105, 79], ""0.19374010079193665"": [41, 37, 30], ""0.17545716342692586"": [93, 138, 185], ""0.12505039596832254"": [170, 180, 185]}"
1989,June,https://architecturaldigest.blob.core.windows.net/architecturaldigest19890601thumbnails/Covers/0x600/19890601.jpg,"[{'title': 'AD-AT-LARGE', 'link': 'https://archive.architecturaldigest.com/article/1989/6/ad-at-large'}, {'title': 'PEOPLE ARE THE ISSUE', 'link': 'https://archive.architecturaldigest.com/article/1989/6/people-are-the-issue'}, {'title': 'CHRISTOPHER BUCKLEY', 'link': 'https://archive.architecturaldigest.com/article/1989/6/christopher-buckley'}]",Summer,darkslategrey,black,dimgrey,lightsteelblue,whitesmoke,"{""0.2789416846652268"": [243, 244, 244], ""0.2735169186465083"": [74, 79, 63], ""0.19940964722822174"": [21, 20, 17], ""0.16025197984161266"": [119, 124, 106], ""0.08787976961843053"": [155, 186, 206]}"
1989,July,https://architecturaldigest.blob.core.windows.net/architecturaldigest19890701thumbnails/Covers/0x600/19890701.jpg,"[{'title': 'AD-AT-LARGE', 'link': 'https://archive.architecturaldigest.com/article/1989/7/ad-at-large'}, {'title': 'Charles Bronson and Jill Ireland', 'link': 'https://archive.architecturaldigest.com/article/1989/7/charles-bronson-and-jill-ireland'}, {'title': 'The Ruspoli Legacy in Italy', 'link': 'https://archive.architecturaldigest.com/article/1989/7/the-ruspoli-legacy-in-italy'}]",Summer,whitesmoke,rosybrown,darkolivegreen,black,sienna,"{""0.2508783297336213"": [154, 104, 79], ""0.23501439884809217"": [243, 241, 241], ""0.2062922966162707"": [187, 157, 144], ""0.18549676025917927"": [96, 59, 45], ""0.12231821454283658"": [21, 11, 12]}"
1989,August,https://architecturaldigest.blob.core.windows.net/architecturaldigest19890801thumbnails/Covers/0x600/19890801.jpg,"[{'title': 'AD-AT-LARGE', 'link': 'https://archive.architecturaldigest.com/article/1989/8/ad-at-large'}, {'title': 'Caro Country', 'link': 'https://archive.architecturaldigest.com/article/1989/8/caro-country'}, {'title': 'BATHS', 'link': 'https://archive.architecturaldigest.com/article/1989/8/baths'}]",Summer,whitesmoke,darkolivegreen,grey,silver,black,"{""0.2821778257739381"": [32, 24, 19], ""0.24652267818574514"": [243, 243, 242], ""0.19627069834413247"": [83, 71, 57], ""0.15485241180705545"": [147, 130, 114], ""0.12017638588912886"": [191, 185, 184]}"
1989,September,https://architecturaldigest.blob.core.windows.net/architecturaldigest19890901thumbnails/Covers/0x600/19890901.jpg,"[{'title': 'Alan Flusser Upstate', 'link': 'https://archive.architecturaldigest.com/article/1989/9/alan-flusser-upstate'}, {'title': 'AD-AT-LARGE', 'link': 'https://archive.architecturaldigest.com/article/1989/9/ad-at-large'}, {'title': 'PEOPLE ARE THE ISSUE', 'link': 'https://archive.architecturaldigest.com/article/1989/9/people-are-the-issue'}]",Fall,black,silver,dimgrey,lightslategrey,whitesmoke,"{""0.31114110871130307"": [242, 241, 243], ""0.2334629229661627"": [34, 28, 35], ""0.190093592512599"": [195, 193, 206], ""0.13760979121670266"": [87, 83, 94], ""0.12769258459323254"": [140, 139, 154]}"
1989,October,https://architecturaldigest.blob.core.windows.net/architecturaldigest19891001thumbnails/Covers/0x600/19891001.jpg,"[{'title': 'PRINCE CHARLES', 'link': 'https://archive.architecturaldigest.com/article/1989/10/prince-charles'}, {'title': 'INSIDE THE DROUOT AUCTIONS', 'link': 'https://archive.architecturaldigest.com/article/1989/10/inside-the-drouot-auctions'}, {'title': 'ANTIQUING IN SCOTLAND', 'link': 'https://archive.architecturaldigest.com/article/1989/10/antiquing-in-scotland'}]",Fall,black,whitesmoke,dimgrey,darkkhaki,darkolivegreen,"{""0.29786537077033837"": [93, 72, 52], ""0.22375089992800576"": [44, 30, 24], ""0.2080273578113751"": [245, 244, 241], ""0.1915298776097912"": [135, 110, 82], ""0.07882649388048957"": [197, 166, 114]}"
1989,November,https://architecturaldigest.blob.core.windows.net/architecturaldigest19891101thumbnails/Covers/0x600/19891101.jpg,"[{'title': ""NEW YORK DESIGNERS' FAVORITE SHOPS"", 'link': 'https://archive.architecturaldigest.com/article/1989/11/new-york-designers-favorite-shops'}, {'title': 'NEW YORK: PETER MATTHIESSEN', 'link': 'https://archive.architecturaldigest.com/article/1989/11/peter-matthiessen'}, {'title': ""INSIDER'S GUIDE TO NEW YORK'S SPECIAL PLACES"", 'link': 'https://archive.architecturaldigest.com/article/1989/11/insiders-guide-to-new-yorks-special-places'}]",Fall,whitesmoke,darkslategrey,dimgrey,darkgrey,black,"{""0.2683117350611951"": [15, 15, 15], ""0.2521526277897768"": [243, 243, 242], ""0.25069474442044637"": [50, 50, 50], ""0.15611591072714182"": [98, 90, 88], ""0.07272498200143988"": [157, 153, 151]}"
1989,December,https://architecturaldigest.blob.core.windows.net/architecturaldigest19891201thumbnails/Covers/0x600/19891201.jpg,"[{'title': 'PAUL THEROUX', 'link': 'https://archive.architecturaldigest.com/article/1989/12/paul-theroux'}, {'title': 'AD-AT-LARGE', 'link': 'https://archive.architecturaldigest.com/article/1989/12/ad-at-large'}, {'title': 'A Spanish Heritage', 'link': 'https://archive.architecturaldigest.com/article/1989/12/a-spanish-heritage'}]",Winter,whitesmoke,darkslategrey,sienna,darkkhaki,black,"{""0.3229841612670986"": [26, 15, 12], ""0.24942044636429087"": [243, 243, 243], ""0.24050395968322535"": [69, 51, 37], ""0.14494600431965443"": [124, 91, 66], ""0.04214542836573074"": [188, 158, 114]}"
1990,January,https://architecturaldigest.blob.core.windows.net/architecturaldigest19900101thumbnails/Covers/0x600/19900101.jpg,"[{'title': 'Sandro Chia in Tuscany', 'link': 'https://archive.architecturaldigest.com/article/1990/1/sandro-chia-in-tuscany'}, {'title': 'Ad-At-Large', 'link': 'https://archive.architecturaldigest.com/article/1990/1/ad-at-large'}, {'title': 'Luciano Pavarotti', 'link': 'https://archive.architecturaldigest.com/article/1990/1/luciano-pavarotti'}]",Winter,sienna,peru,darkolivegreen,tan,whitesmoke,"{""0.24568394528437726"": [244, 244, 243], ""0.23678545716342692"": [128, 91, 49], ""0.20476601871850253"": [170, 131, 78], ""0.20051475881929445"": [80, 55, 27], ""0.11224982001439884"": [210, 178, 122]}"
1990,February,https://architecturaldigest.blob.core.windows.net/architecturaldigest19900201thumbnails/Covers/0x600/19900201.jpg,"[{'title': ""Architects' Forum"", 'link': 'https://archive.architecturaldigest.com/article/1990/2/architects-forum'}, {'title': 'Ad-At-Large', 'link': 'https://archive.architecturaldigest.com/article/1990/2/ad-at-large'}, {'title': 'Villa Mairea', 'link': 'https://archive.architecturaldigest.com/article/1990/2/villa-mairea'}]",Winter,maroon,saddlebrown,sienna,tan,whitesmoke,"{""0.26331533477321817"": [246, 244, 243], ""0.2614614830813535"": [64, 22, 11], ""0.2578041756659467"": [133, 45, 28], ""0.16288336933045355"": [172, 84, 62], ""0.05453563714902808"": [216, 171, 150]}"
1990,March,https://architecturaldigest.blob.core.windows.net/architecturaldigest19900301thumbnails/Covers/0x600/19900301.jpg,"[{'title': 'A TASTE OF THE DUCAL LIFE AT LISMORE', 'link': 'https://archive.architecturaldigest.com/article/1990/3/a-taste-of-the-ducal-life-at-lismore'}, {'title': 'SIR JOHN POPE-HENNESSY', 'link': 'https://archive.architecturaldigest.com/article/1990/3/sir-john-pope-hennessy'}, {'title': 'AD-AT-LARGE', 'link': 'https://archive.architecturaldigest.com/article/1990/3/ad-at-large'}]",Spring,black,darkolivegreen,darkgrey,dimgrey,lavender,"{""0.34960043196544277"": [236, 236, 239], ""0.19610871130309576"": [37, 25, 16], ""0.17537437005039597"": [83, 71, 49], ""0.16681425485961124"": [181, 173, 158], ""0.11210223182145429"": [130, 121, 97]}"
1990,April,https://architecturaldigest.blob.core.windows.net/architecturaldigest19900401thumbnails/Covers/0x600/19900401.jpg,"[{'title': 'AD-AT-LARGE', 'link': 'https://archive.architecturaldigest.com/article/1990/4/ad-at-large'}, {'title': 'ARCHITECTS TO THE STARS', 'link': 'https://archive.architecturaldigest.com/article/1990/4/architects-to-the-stars'}, {'title': 'CEDRIC GIBBONS AND THE MGM STYLE', 'link': 'https://archive.architecturaldigest.com/article/1990/4/cedric-gibbons-and-the-mgm-style'}]",Spring,whitesmoke,silver,darkslategrey,grey,black,"{""0.34008999280057595"": [17, 17, 17], ""0.25940964722822174"": [245, 245, 244], ""0.14769618430525558"": [195, 195, 195], ""0.13773218142548596"": [72, 71, 69], ""0.11507199424046076"": [139, 139, 138]}"
1990,May,https://architecturaldigest.blob.core.windows.net/architecturaldigest19900501thumbnails/Covers/0x600/19900501.jpg,"[{'title': 'WILFRID SHEED', 'link': 'https://archive.architecturaldigest.com/article/1990/5/wilfrid-sheed'}, {'title': ""A COLLECTOR'S SANTA FE"", 'link': 'https://archive.architecturaldigest.com/article/1990/5/a-collectors-santa-fe'}, {'title': 'ENROLLING AT WEST DEAN', 'link': 'https://archive.architecturaldigest.com/article/1990/5/enrolling-at-west-dean'}]",Spring,darkolivegreen,black,grey,silver,whitesmoke,"{""0.40191144708423326"": [241, 241, 239], ""0.16217062634989202"": [85, 76, 67], ""0.15576313894888408"": [32, 25, 23], ""0.14079913606911448"": [138, 128, 121], ""0.13935565154787616"": [196, 185, 180]}"
1990,June,https://architecturaldigest.blob.core.windows.net/architecturaldigest19900601thumbnails/Covers/0x600/19900601.jpg,"[{'title': 'AD-AT-LARGE', 'link': 'https://archive.architecturaldigest.com/article/1990/6/ad-at-large'}, {'title': 'American Country Zen', 'link': 'https://archive.architecturaldigest.com/article/1990/6/american-country-zen'}, {'title': 'WILLIAM WEAVER: SEASONS IN TUSCANY', 'link': 'https://archive.architecturaldigest.com/article/1990/6/seasons-in-tuscany'}]",Summer,whitesmoke,darkslategrey,darkolivegreen,darkgrey,black,"{""0.31205183585313173"": [13, 17, 12], ""0.26933405327573795"": [244, 245, 245], ""0.19485961123110151"": [46, 53, 38], ""0.14425845932325415"": [86, 99, 75], ""0.07949604031677465"": [153, 152, 145]}"
1990,July,https://architecturaldigest.blob.core.windows.net/architecturaldigest19900701thumbnails/Covers/0x600/19900701.jpg,"[{'title': ""Jann Wenner's Retreat"", 'link': 'https://archive.architecturaldigest.com/article/1990/7/jann-wenners-retreat'}, {'title': 'Ad-At-Large', 'link': 'https://archive.architecturaldigest.com/article/1990/7/ad-at-large'}, {'title': 'Stephen Pearce', 'link': 'https://archive.architecturaldigest.com/article/1990/7/stephen-pearce'}]",Summer,black,darkolivegreen,dimgrey,darkgrey,whitesmoke,"{""0.2554895608351332"": [243, 243, 241], ""0.2372354211663067"": [15, 12, 10], ""0.2085385169186465"": [75, 63, 44], ""0.1572750179985601"": [130, 119, 100], ""0.14146148308135348"": [182, 169, 156]}"
1990,August,https://architecturaldigest.blob.core.windows.net/architecturaldigest19900801thumbnails/Covers/0x600/19900801.jpg,"[{'title': 'AD-AT-LARGE', 'link': 'https://archive.architecturaldigest.com/article/1990/8/ad-at-large'}, {'title': 'PAUL THEROUX', 'link': 'https://archive.architecturaldigest.com/article/1990/8/paul-theroux'}, {'title': 'Wreck House in Bermuda', 'link': 'https://archive.architecturaldigest.com/article/1990/8/wreck-house-in-bermuda'}]",Summer,whitesmoke,lightsteelblue,black,darkslategrey,steelblue,"{""0.31157307415406765"": [81, 112, 174], ""0.275943124550036"": [243, 244, 245], ""0.19375089992800576"": [166, 191, 222], ""0.13720302375809934"": [16, 15, 27], ""0.08152987760979122"": [58, 68, 94]}"
1990,September,https://architecturaldigest.blob.core.windows.net/architecturaldigest19900901thumbnails/Covers/0x600/19900901.jpg,"[{'title': 'Brendan Gill', 'link': 'https://archive.architecturaldigest.com/article/1990/9/brendan-gill'}, {'title': 'Maximilian Schell', 'link': 'https://archive.architecturaldigest.com/article/1990/9/maximilian-schell'}, {'title': 'Ad-At-Large', 'link': 'https://archive.architecturaldigest.com/article/1990/9/ad-at-large'}]",Fall,whitesmoke,darkslategrey,dimgrey,rosybrown,black,"{""0.44974082073434124"": [19, 11, 10], ""0.22831533477321814"": [243, 243, 243], ""0.16684665226781858"": [65, 47, 41], ""0.10441684665226782"": [134, 95, 84], ""0.050680345572354214"": [184, 154, 147]}"
1990,October,https://architecturaldigest.blob.core.windows.net/architecturaldigest19901001thumbnails/Covers/0x600/19901001.jpg,"[{'title': 'AD AT THE SMITHSONIAN', 'link': 'https://archive.architecturaldigest.com/article/1990/10/ad-at-the-smithsonian'}, {'title': 'COUNTRY HOUSE IDYLLS IN ENGLAND', 'link': 'https://archive.architecturaldigest.com/article/1990/10/country-house-idylls-in-england'}, {'title': 'MIES VAN DER ROHE', 'link': 'https://archive.architecturaldigest.com/article/1990/10/mies-van-der-rohe'}]",Fall,darkolivegreen,whitesmoke,peru,sandybrown,black,"{""0.27446364290856734"": [29, 18, 13], ""0.22217782577393808"": [87, 61, 37], ""0.19487401007919367"": [245, 242, 242], ""0.17457883369330454"": [171, 112, 72], ""0.1339056875449964"": [234, 188, 91]}"
1990,November,https://architecturaldigest.blob.core.windows.net/architecturaldigest19901101thumbnails/Covers/0x600/19901101.jpg,"[{'title': ""New York Designers' Favorite Shops"", 'link': 'https://archive.architecturaldigest.com/article/1990/11/new-york-designers-favorite-shops'}, {'title': ""Insider's Guide to the Best of Manhattan"", 'link': 'https://archive.architecturaldigest.com/article/1990/11/insiders-guide-to-the-best-of-manhattan'}, {'title': 'Historic District: Tribeca', 'link': 'https://archive.architecturaldigest.com/article/1990/11/historic-district-tribeca'}]",Fall,whitesmoke,darkslategrey,dimgrey,darkkhaki,black,"{""0.40767098632109433"": [17, 26, 32], ""0.2938120950323974"": [244, 245, 245], ""0.1495392368610511"": [51, 72, 59], ""0.09035997120230381"": [113, 130, 84], ""0.05861771058315335"": [190, 191, 98]}"
1990,December,https://architecturaldigest.blob.core.windows.net/architecturaldigest19901201thumbnails/Covers/0x600/19901201.jpg,"[{'title': 'Architectural Dialogue', 'link': 'https://archive.architecturaldigest.com/article/1990/12/architectural-dialogue'}, {'title': 'Custom Details', 'link': 'https://archive.architecturaldigest.com/article/1990/12/custom-details'}, {'title': 'Ad-At-Large', 'link': 'https://archive.architecturaldigest.com/article/1990/12/ad-at-large'}]",Winter,whitesmoke,tan,dimgrey,brown,darkslategrey,"{""0.3646832253419726"": [42, 45, 54], ""0.29497840172786177"": [243, 242, 241], ""0.17905687544996401"": [202, 182, 163], ""0.10866810655147588"": [115, 113, 116], ""0.0526133909287257"": [173, 44, 37]}"
1991,January,https://architecturaldigest.blob.core.windows.net/architecturaldigest19910101thumbnails/Covers/0x600/19910101.jpg,"[{'title': 'AD-AT-LARGE', 'link': 'https://archive.architecturaldigest.com/article/1991/1/ad-at-large'}, {'title': 'A Rejuvenated Althorp', 'link': 'https://archive.architecturaldigest.com/article/1991/1/a-rejuvenated-althorp'}, {'title': 'Drayton House Revisited', 'link': 'https://archive.architecturaldigest.com/article/1991/1/drayton-house-revisited'}]",Winter,black,darkslategrey,darkolivegreen,rosybrown,lavender,"{""0.3746508279337653"": [231, 238, 240], ""0.31889848812095034"": [6, 7, 4], ""0.1397444204463643"": [46, 49, 32], ""0.10446364290856731"": [116, 100, 66], ""0.06224262059035277"": [171, 160, 127]}"
1991,February,https://architecturaldigest.blob.core.windows.net/architecturaldigest19910201thumbnails/Covers/0x600/19910201.jpg,"[{'title': 'The Rebirth of Spencer House', 'link': 'https://archive.architecturaldigest.com/article/1991/2/the-rebirth-of-spencer-house'}, {'title': 'ROGER G. KENNEDY', 'link': 'https://archive.architecturaldigest.com/article/1991/2/roger-g-kennedy'}, {'title': 'AD-at-Large', 'link': 'https://archive.architecturaldigest.com/article/1991/2/ad-at-large'}]",Winter,darkolivegreen,whitesmoke,grey,tan,black,"{""0.279528437724982"": [22, 12, 7], ""0.22885169186465082"": [96, 67, 37], ""0.22710943124550037"": [246, 244, 242], ""0.16829373650107993"": [158, 124, 89], ""0.0962167026637869"": [210, 188, 160]}"
1991,March,https://architecturaldigest.blob.core.windows.net/architecturaldigest19910301thumbnails/Covers/0x600/19910301.jpg,"[{'title': 'AN INSIDE GUIDE TO TOKYO ANTIQUES', 'link': 'https://archive.architecturaldigest.com/article/1991/3/an-inside-guide-to-tokyo-antiques'}, {'title': 'AD-AT-LARGE', 'link': 'https://archive.architecturaldigest.com/article/1991/3/ad-at-large'}, {'title': 'Architecture: Charles Moore', 'link': 'https://archive.architecturaldigest.com/article/1991/3/charles-moore'}]",Spring,peru,tan,saddlebrown,black,whitesmoke,"{""0.27758099352051835"": [243, 241, 240], ""0.23483441324694024"": [166, 132, 90], ""0.17118070554355652"": [198, 172, 150], ""0.1693664506839453"": [115, 80, 48], ""0.1470374370050396"": [43, 25, 18]}"
1991,April,https://architecturaldigest.blob.core.windows.net/architecturaldigest19910401thumbnails/Covers/0x600/19910401.jpg,"[{'title': 'AD-AT-LARGE', 'link': 'https://archive.architecturaldigest.com/article/1991/4/ad-at-large'}, {'title': 'ART NOTEBOOK', 'link': 'https://archive.architecturaldigest.com/article/1991/4/art-notebook'}, {'title': 'Hudson Valley Legacy', 'link': 'https://archive.architecturaldigest.com/article/1991/4/hudson-valley-legacy'}]",Spring,dimgrey,rosybrown,black,darkslategrey,whitesmoke,"{""0.3258315334773218"": [241, 241, 241], ""0.17797336213102952"": [118, 110, 100], ""0.1759719222462203"": [163, 153, 147], ""0.17247660187185027"": [27, 18, 15], ""0.14774658027357812"": [76, 64, 50]}"
1991,May,https://architecturaldigest.blob.core.windows.net/architecturaldigest19910501thumbnails/Covers/0x600/19910501.jpg,"[{'title': 'AD-AT-LARGE', 'link': 'https://archive.architecturaldigest.com/article/1991/5/ad-at-large'}, {'title': ""HERB CAEN'S TAHOE"", 'link': 'https://archive.architecturaldigest.com/article/1991/5/herb-caens-tahoe'}, {'title': 'Vintage California Design', 'link': 'https://archive.architecturaldigest.com/article/1991/5/vintage-california-design'}]",Spring,darkslategrey,grey,black,lightsteelblue,whitesmoke,"{""0.37329733621310296"": [240, 243, 245], ""0.25656947444204464"": [79, 77, 79], ""0.17056155507559395"": [128, 130, 132], ""0.10335493160547156"": [33, 26, 28], ""0.0962167026637869"": [185, 194, 216]}"
1991,June,https://architecturaldigest.blob.core.windows.net/architecturaldigest19910601thumbnails/Covers/0x600/19910601.jpg,"[{'title': 'Sandro Chia at Enterprise Farm', 'link': 'https://archive.architecturaldigest.com/article/1991/6/sandro-chia-at-enterprise-farm'}, {'title': 'Mary Tyler Moore', 'link': 'https://archive.architecturaldigest.com/article/1991/6/mary-tyler-moore'}, {'title': 'PEOPLE ARE THE ISSUE', 'link': 'https://archive.architecturaldigest.com/article/1991/6/people-are-the-issue'}]",Summer,whitesmoke,black,grey,darkolivegreen,tan,"{""0.31651547876169905"": [208, 191, 163], ""0.2612634989200864"": [243, 243, 240], ""0.15328653707703382"": [25, 22, 17], ""0.15012598992080634"": [157, 140, 109], ""0.11880849532037437"": [93, 75, 57]}"
1991,July,https://architecturaldigest.blob.core.windows.net/architecturaldigest19910701thumbnails/Covers/0x600/19910701.jpg,"[{'title': 'AD-AT-LARGE', 'link': 'https://archive.architecturaldigest.com/article/1991/7/ad-at-large'}, {'title': 'HISTORIC ARCHITECTURE: THE OCTAGON', 'link': 'https://archive.architecturaldigest.com/article/1991/7/the-octagon'}, {'title': ""John Loring's Paris Match"", 'link': 'https://archive.architecturaldigest.com/article/1991/7/john-lorings-paris-match'}]",Summer,darkgrey,grey,darkolivegreen,black,whitesmoke,"{""0.35538876889848814"": [238, 238, 237], ""0.1902159827213823"": [186, 171, 154], ""0.18855291576673866"": [145, 123, 96], ""0.18561555075593952"": [98, 83, 63], ""0.0802267818574514"": [36, 28, 21]}"
1991,August,https://architecturaldigest.blob.core.windows.net/architecturaldigest19910801thumbnails/Covers/0x600/19910801.jpg,"[{'title': 'Ad-At-Large', 'link': 'https://archive.architecturaldigest.com/article/1991/8/ad-at-large'}, {'title': 'Hammersmith Farm', 'link': 'https://archive.architecturaldigest.com/article/1991/8/hammersmith-farm'}, {'title': 'Lawrence Durrell', 'link': 'https://archive.architecturaldigest.com/article/1991/8/lawrence-durrell'}]",Summer,whitesmoke,slategrey,darkslategrey,,black,"{""0.2896328293736501"": [7, 2, 7], ""0.27183225341972644"": [243, 243, 243], ""0.2105183585313175"": [103, 107, 148], ""0.1252735781137509"": [64, 61, 89], ""0.10274298056155508"": [47, 30, 37]}"
1991,September,https://architecturaldigest.blob.core.windows.net/architecturaldigest19910901thumbnails/Covers/0x600/19910901.jpg,"[{'title': 'AD-AT-LARGE', 'link': 'https://archive.architecturaldigest.com/article/1991/9/ad-at-large'}, {'title': 'ANTIQUES NOTEBOOK', 'link': 'https://archive.architecturaldigest.com/article/1991/9/antiques-notebook'}, {'title': 'Country Spirit on the Coast', 'link': 'https://archive.architecturaldigest.com/article/1991/9/country-spirit-on-the-coast'}]",Fall,black,darkolivegreen,sienna,grey,whitesmoke,"{""0.2921238300935925"": [244, 244, 244], ""0.2614254859611231"": [45, 25, 16], ""0.23925845932325415"": [99, 67, 39], ""0.1414434845212383"": [180, 94, 49], ""0.06574874010079193"": [148, 138, 87]}"
1991,October,https://architecturaldigest.blob.core.windows.net/architecturaldigest19911001thumbnails/Covers/0x600/19911001.jpg,"[{'title': 'Contemporary British Architecture', 'link': 'https://archive.architecturaldigest.com/article/1991/10/contemporary-british-architecture'}, {'title': 'AD at the Smithsonian', 'link': 'https://archive.architecturaldigest.com/article/1991/10/ad-at-the-smithsonian'}, {'title': 'Bobby Short at the Villa Manhattan', 'link': 'https://archive.architecturaldigest.com/article/1991/10/bobby-short-at-the-villa-manhattan'}]",Fall,silver,whitesmoke,sienna,darkslategrey,rosybrown,"{""0.22749820014398847"": [174, 140, 124], ""0.21422606191504678"": [218, 190, 181], ""0.20893448524118072"": [245, 242, 242], ""0.19019438444924405"": [134, 93, 69], ""0.15914686825053995"": [74, 44, 36]}"
1991,November,https://architecturaldigest.blob.core.windows.net/architecturaldigest19911101thumbnails/Covers/0x600/19911101.jpg,"[{'title': 'THE FRICK ART REFERENCE LIBRARY — An Art-Historical Legacy on East 71st Street', 'link': 'https://archive.architecturaldigest.com/article/1991/11/the-frick-art-reference-library---an-art-historical-legacy-on-east-71st-street'}, {'title': 'AD-AT-LARGE', 'link': 'https://archive.architecturaldigest.com/article/1991/11/ad-at-large---inside-the-design-world'}, {'title': 'ARCHITECTURAL DIGEST VISITS: Madonna', 'link': 'https://archive.architecturaldigest.com/article/1991/11/architectural-digest-visits-madonna'}]",Fall,whitesmoke,darkslategrey,black,darkgrey,dimgrey,"{""0.23814614830813535"": [120, 102, 102], ""0.20931605471562276"": [244, 244, 244], ""0.20443124550035996"": [69, 54, 51], ""0.18423326133909287"": [17, 10, 12], ""0.16387329013678906"": [172, 171, 195]}"
1991,December,https://architecturaldigest.blob.core.windows.net/architecturaldigest19911201thumbnails/Covers/0x600/19911201.jpg,"[{'title': 'AD ART AND ANTIQUES SURVEY — A Ten-Year Review Reveals Significant Gains in a Volatile Market', 'link': 'https://archive.architecturaldigest.com/article/1991/12/ad-art-and-antiques-survey---a-ten-year-review-reveals-significant-gains-in-a-volatile-market'}, {'title': ""HISTORIC ARCHITECTURE: THE BAUHAUS — Revisiting Walter Gropius's Seminal Buildings in Dessau, Germany"", 'link': 'https://archive.architecturaldigest.com/article/1991/12/historic-architecture-the-bauhaus---revisiting-walter-gropiuss-seminal-buildings-in-dessau-germany'}, {'title': 'ART NOTEBOOK — American Regionalist Painting Moves to the Fore', 'link': 'https://archive.architecturaldigest.com/article/1991/12/art-notebook---american-regionalist-painting-moves-to-the-fore'}]",Winter,sienna,darkolivegreen,darkkhaki,black,whitesmoke,"{""0.2819042476601872"": [243, 243, 240], ""0.23887688984881209"": [146, 113, 72], ""0.18685025197984162"": [106, 76, 43], ""0.1498848092152628"": [186, 155, 108], ""0.14248380129589633"": [37, 24, 13]}"
1992,January,https://architecturaldigest.blob.core.windows.net/architecturaldigest19920101thumbnails/Covers/0x600/19920101.jpg,"[{'title': 'AD-AT-LARGE', 'link': 'https://archive.architecturaldigest.com/article/1992/1/ad-at-large'}, {'title': 'ART NOTEBOOK', 'link': 'https://archive.architecturaldigest.com/article/1992/1/art-notebook'}, {'title': 'PEOPLE ARE THE ISSUE', 'link': 'https://archive.architecturaldigest.com/article/1992/1/people-are-the-issue'}]",Winter,darkslategrey,whitesmoke,darkgrey,peru,dimgrey,"{""0.3156119510439165"": [93, 93, 109], ""0.24963642908567316"": [47, 38, 41], ""0.23910007199424047"": [245, 243, 241], ""0.1355111591072714"": [170, 161, 166], ""0.06014038876889849"": [196, 114, 70]}"
1992,February,https://architecturaldigest.blob.core.windows.net/architecturaldigest19920201thumbnails/Covers/0x600/19920201.jpg,"[{'title': 'Ad-At-Large', 'link': 'https://archive.architecturaldigest.com/article/1992/2/ad-at-large'}, {'title': 'New York Renaissance', 'link': 'https://archive.architecturaldigest.com/article/1992/2/new-york-renaissance'}, {'title': 'Urban Evolution', 'link': 'https://archive.architecturaldigest.com/article/1992/2/urban-evolution'}]",Winter,sienna,darkslategrey,black,tan,whitesmoke,"{""0.29039236861051115"": [243, 242, 237], ""0.20092872570194384"": [142, 107, 66], ""0.19440964722822174"": [71, 51, 45], ""0.1796688264938805"": [16, 7, 4], ""0.13460043196544277"": [198, 170, 132]}"
1992,March,https://architecturaldigest.blob.core.windows.net/architecturaldigest19920301thumbnails/Covers/0x600/19920301.jpg,"[{'title': 'Antiques Notebook: Frames', 'link': 'https://archive.architecturaldigest.com/article/1992/3/antiques-notebook-frames'}, {'title': 'Portrait: Charles Baskerville', 'link': 'https://archive.architecturaldigest.com/article/1992/3/portrait-charles-baskerville'}, {'title': 'Shaker Spirit', 'link': 'https://archive.architecturaldigest.com/article/1992/3/shaker-spirit'}]",Spring,rosybrown,tan,sienna,black,whitesmoke,"{""0.27120230381569477"": [244, 243, 240], ""0.2331245500359971"": [180, 144, 109], ""0.2189164866810655"": [212, 188, 157], ""0.17953203743700505"": [138, 96, 68], ""0.09722462203023759"": [51, 35, 26]}"
1992,April,https://architecturaldigest.blob.core.windows.net/architecturaldigest19920401thumbnails/Covers/0x600/19920401.jpg,"[{'title': 'DRESSING ROOMS OF THE STARS', 'link': 'https://archive.architecturaldigest.com/article/1992/4/dressing-rooms-of-the-stars'}, {'title': 'Garson Kanin and Ruth Gordon', 'link': 'https://archive.architecturaldigest.com/article/1992/4/garson-kanin-and-rutk-gordon'}, {'title': 'Leland Hayward and Margaret Sullavan', 'link': 'https://archive.architecturaldigest.com/article/1992/4/leland-hayward-and-margaret-sullavan'}]",Spring,darkolivegreen,rosybrown,black,silver,linen,"{""0.33790136789056874"": [242, 240, 231], ""0.22026997840172785"": [99, 93, 73], ""0.15448524118070556"": [163, 149, 112], ""0.15398488120950324"": [38, 32, 22], ""0.1333585313174946"": [198, 191, 166]}"
1992,May,https://architecturaldigest.blob.core.windows.net/architecturaldigest19920501thumbnails/Covers/0x600/19920501.jpg,"[{'title': 'Patron Saints', 'link': 'https://archive.architecturaldigest.com/article/1992/5/patron-saints'}, {'title': 'Shopping in Paris With François Catroux', 'link': 'https://archive.architecturaldigest.com/article/1992/5/shopping-in-paris-with-francois-catroux'}, {'title': 'Guest Speaker: Roger G. Kennedy', 'link': 'https://archive.architecturaldigest.com/article/1992/5/guest-speaker-roger-g-kennedy'}]",Spring,whitesmoke,black,sienna,tan,saddlebrown,"{""0.2584053275737941"": [108, 70, 41], ""0.22631389488840892"": [245, 242, 240], ""0.21595032397408206"": [50, 25, 13], ""0.1949244060475162"": [156, 116, 74], ""0.10440604751619871"": [202, 175, 138]}"
1992,June,https://architecturaldigest.blob.core.windows.net/architecturaldigest19920601thumbnails/Covers/0x600/19920601.jpg,"[{'title': 'AD-AT-LARGE', 'link': 'https://archive.architecturaldigest.com/article/1992/6/ad-at-large'}, {'title': 'THE WILD WEST: THOMAS MCGUANE', 'link': 'https://archive.architecturaldigest.com/article/1992/6/the-wild-west-thomas-mcguane'}, {'title': 'THE WILD WEST: BRENDAN GILL', 'link': 'https://archive.architecturaldigest.com/article/1992/6/the-wild-west-brendan-gill'}]",Summer,whitesmoke,darkolivegreen,grey,silver,black,"{""0.35221022318214545"": [36, 23, 16], ""0.3049496040316775"": [245, 244, 240], ""0.17146868250539957"": [96, 70, 52], ""0.10946364290856732"": [129, 132, 102], ""0.06190784737221022"": [209, 207, 169]}"
1992,July,https://architecturaldigest.blob.core.windows.net/architecturaldigest19920701thumbnails/Covers/0x600/19920701.jpg,"[{'title': 'Historic Houses: Emily Dickinson', 'link': 'https://archive.architecturaldigest.com/article/1992/7/historic-houses-emily-dickinson'}, {'title': 'AD-at-Large', 'link': 'https://archive.architecturaldigest.com/article/1992/7/ad-at-large'}, {'title': 'Ambassador and Mrs. Edward N. Ney in Canada', 'link': 'https://archive.architecturaldigest.com/article/1992/7/ambassador-and-mrs-edward-n-ney-in-canada'}]",Summer,whitesmoke,darkslategrey,dimgrey,rosybrown,black,"{""0.32628869690424767"": [25, 17, 8], ""0.25159107271418285"": [243, 243, 243], ""0.23095032397408208"": [66, 51, 31], ""0.13104031677465802"": [99, 94, 83], ""0.060129589632829376"": [169, 159, 140]}"
1992,August,https://architecturaldigest.blob.core.windows.net/architecturaldigest19920801thumbnails/Covers/0x600/19920801.jpg,"[{'title': 'Ad-At-Large', 'link': 'https://archive.architecturaldigest.com/article/1992/8/ad-at-large'}, {'title': 'People Are the Issue', 'link': 'https://archive.architecturaldigest.com/article/1992/8/people-are-the-issue'}, {'title': 'Historic Houses: Andre Derain', 'link': 'https://archive.architecturaldigest.com/article/1992/8/historic-houses-andre-derain'}]",Summer,grey,black,darkslategrey,steelblue,linen,"{""0.36272858171346295"": [237, 233, 230], ""0.19778977681785456"": [144, 123, 102], ""0.18386969042476603"": [27, 14, 16], ""0.17437365010799136"": [81, 61, 60], ""0.08123830093592513"": [73, 117, 187]}"
1992,September,https://architecturaldigest.blob.core.windows.net/architecturaldigest19920901thumbnails/Covers/0x600/19920901.jpg,"[{'title': 'AD-AT-LARGE', 'link': 'https://archive.architecturaldigest.com/article/1992/9/ad-at-large'}, {'title': 'ARCHITECTURAL DIGEST VISITS: David Bowie', 'link': 'https://archive.architecturaldigest.com/article/1992/9/architectural-digest-visits-david-bowie'}, {'title': 'AD TRAVELS: THE BARBADOS NATIONAL TRUST', 'link': 'https://archive.architecturaldigest.com/article/1992/9/ad-travels-the-barbados-national-trust'}]",Fall,whitesmoke,darkslategrey,dimgrey,lightslategrey,black,"{""0.3378797696184305"": [16, 10, 9], ""0.24207343412526997"": [243, 244, 244], ""0.20646868250539957"": [55, 45, 39], ""0.1519150467962563"": [101, 88, 79], ""0.06166306695464363"": [137, 142, 148]}"
1992,October,https://architecturaldigest.blob.core.windows.net/architecturaldigest19921001thumbnails/Covers/0x600/19921001.jpg,"[{'title': 'Sol LeWitt: Artist in Residence', 'link': 'https://archive.architecturaldigest.com/article/1992/10/sol-lewitt-artist-in-residence'}, {'title': 'AD TRAVELS: ANTIQUING IN PORTUGAL', 'link': 'https://archive.architecturaldigest.com/article/1992/10/ad-travels-antiquing-in-portugal'}, {'title': 'AD AT THE SMITHSONIAN', 'link': 'https://archive.architecturaldigest.com/article/1992/10/ad-at-the-smithsonian'}]",Fall,whitesmoke,tan,black,grey,darkolivegreen,"{""0.22431605471562274"": [87, 67, 44], ""0.21372930165586754"": [244, 244, 241], ""0.1928113750899928"": [211, 193, 152], ""0.1925845932325414"": [20, 12, 8], ""0.17655867530597552"": [152, 125, 85]}"
1992,November,https://architecturaldigest.blob.core.windows.net/architecturaldigest19921101thumbnails/Covers/0x600/19921101.jpg,"[{'title': 'AD-AT-LARGE', 'link': 'https://archive.architecturaldigest.com/article/1992/11/ad-at-large'}, {'title': 'GUEST SPEAKER: E. L. DOCTOROW', 'link': 'https://archive.architecturaldigest.com/article/1992/11/guest-speaker-e-l-doctorow'}, {'title': 'BRENDAN GILL: COOPER UNION', 'link': 'https://archive.architecturaldigest.com/article/1992/11/brendan-gill-cooper-union'}]",Fall,sienna,whitesmoke,sandybrown,black,darkolivegreen,"{""0.2626061915046796"": [95, 62, 64], ""0.2598380129589633"": [158, 97, 57], ""0.2447444204463643"": [245, 244, 242], ""0.12360691144708423"": [227, 176, 88], ""0.10920446364290856"": [43, 27, 17]}"
1992,December,https://architecturaldigest.blob.core.windows.net/architecturaldigest19921201thumbnails/Covers/0x600/19921201.jpg,"[{'title': 'ART NOTEBOOK', 'link': 'https://archive.architecturaldigest.com/article/1992/12/art-notebook'}, {'title': 'AD TRAVELS: PARIS UNDER GLASS', 'link': 'https://archive.architecturaldigest.com/article/1992/12/ad-travels-paris-under-glass'}, {'title': 'AD-AT-LARGE', 'link': 'https://archive.architecturaldigest.com/article/1992/12/ad-at-large'}]",Winter,saddlebrown,whitesmoke,sienna,darkkhaki,black,"{""0.24868250539956804"": [23, 9, 6], ""0.2419438444924406"": [80, 46, 28], ""0.24011159107271418"": [245, 243, 241], ""0.19444204463642908"": [135, 88, 52], ""0.0748200143988481"": [195, 158, 103]}"
1993,January,https://architecturaldigest.blob.core.windows.net/architecturaldigest19930101thumbnails/Covers/0x600/19930101.jpg,"[{'title': 'ARCHITECTURAL DIGEST VISITS: Elton John', 'link': 'https://archive.architecturaldigest.com/article/1993/1/architectural-digest-visits-elton-john'}, {'title': ""Mary McFadden's Passage to India"", 'link': 'https://archive.architecturaldigest.com/article/1993/1/mary-mcfaddens-passage-to-india'}, {'title': ""England's Frogmore"", 'link': 'https://archive.architecturaldigest.com/article/1993/1/englands-frogmore'}]",Winter,whitesmoke,darkolivegreen,dimgrey,rosybrown,black,"{""0.3255867530597552"": [8, 14, 8], ""0.27258819294456443"": [244, 244, 243], ""0.17899928005759538"": [78, 59, 27], ""0.11221022318214542"": [129, 112, 74], ""0.11061555075593953"": [172, 164, 139]}"
1993,February,https://architecturaldigest.blob.core.windows.net/architecturaldigest19930201thumbnails/Covers/0x600/19930201.jpg,"[{'title': 'AD-AT-LARGE', 'link': 'https://archive.architecturaldigest.com/article/1993/2/ad-at-large'}, {'title': 'An Architectural Alliance', 'link': 'https://archive.architecturaldigest.com/article/1993/2/an-architectural-alliance'}, {'title': 'HISTORIC ARCHITECTURE: RESCUING WRIGHT', 'link': 'https://archive.architecturaldigest.com/article/1993/2/historic-architecture-rescuing-wright'}]",Winter,linen,dimgrey,darkslategrey,midnightblue,darkgrey,"{""0.3307595392368611"": [173, 163, 151], ""0.3300395968322534"": [237, 236, 236], ""0.1924442044636429"": [120, 103, 87], ""0.11431245500359971"": [57, 44, 37], ""0.032444204463642906"": [27, 51, 142]}"
1993,March,https://architecturaldigest.blob.core.windows.net/architecturaldigest19930301thumbnails/Covers/0x600/19930301.jpg,"[{'title': 'ARCHITECTURAL DIGEST VISITS: Oliver Stone', 'link': 'https://archive.architecturaldigest.com/article/1993/3/architectural-digest-visits-oliver-stone'}, {'title': 'AD-AT-LARGE', 'link': 'https://archive.architecturaldigest.com/article/1993/3/ad-at-large'}, {'title': 'ARCHITECTURE: THE DRAWINGS OF RICHARD NEUTRA', 'link': 'https://archive.architecturaldigest.com/article/1993/3/architecture-the-drawings-of-richard-neutra'}]",Spring,whitesmoke,black,dimgrey,darkgrey,darkslategrey,"{""0.2578653707703384"": [65, 74, 49], ""0.24861051115910726"": [243, 244, 244], ""0.22159107271418285"": [15, 14, 10], ""0.20654067674586032"": [105, 114, 79], ""0.06539236861051116"": [166, 164, 140]}"
1993,April,https://architecturaldigest.blob.core.windows.net/architecturaldigest19930401thumbnails/Covers/0x600/19930401.jpg,"[{'title': 'AD TRAVELS: ANTIQUING IN THE HUDSON VALLEY', 'link': 'https://archive.architecturaldigest.com/article/1993/4/ad-travels-antiquing-in-the-hudson-valley'}, {'title': 'PORTRAIT: ROGER NORRINGTON', 'link': 'https://archive.architecturaldigest.com/article/1993/4/portrait-roger-norrington'}, {'title': 'AD-AT-LARGE', 'link': 'https://archive.architecturaldigest.com/article/1993/4/ad-at-large'}]",Spring,whitesmoke,cornflowerblue,rosybrown,darkolivegreen,black,"{""0.28699424046076316"": [14, 11, 15], ""0.27760259179265656"": [241, 242, 243], ""0.2651043916486681"": [135, 160, 204], ""0.08949964002879769"": [163, 139, 119], ""0.08079913606911447"": [98, 80, 71]}"
1993,May,https://architecturaldigest.blob.core.windows.net/architecturaldigest19930501thumbnails/Covers/0x600/19930501.jpg,"[{'title': 'ARCHITECTURE: RECONSIDERING LLOYD WRIGHT', 'link': 'https://archive.architecturaldigest.com/article/1993/5/architecture-reconsidering-lloyd-wright'}, {'title': 'The Maharaja of Jodhpur at Umaid Bhawan', 'link': 'https://archive.architecturaldigest.com/article/1993/5/the-maharaja-of-jodhpur-at-umaid-bhawan'}, {'title': 'AD TRAVELS: LITERARY LAIRS IN FRANCE', 'link': 'https://archive.architecturaldigest.com/article/1993/5/ad-travels-literary-lairs-in-france'}]",Spring,black,darkslategrey,steelblue,dimgrey,whitesmoke,"{""0.2834053275737941"": [238, 239, 238], ""0.22217062634989201"": [16, 16, 12], ""0.17827933765298776"": [67, 65, 55], ""0.17529517638588912"": [99, 141, 195], ""0.140849532037437"": [115, 111, 105]}"
1993,June,https://architecturaldigest.blob.core.windows.net/architecturaldigest19930601thumbnails/Covers/0x600/19930601.jpg,"[{'title': ""Millicent Rogers' New Mexico Legacy"", 'link': 'https://archive.architecturaldigest.com/article/1993/6/millicent-rogers-new-mexico-legacy'}, {'title': 'AD AT-LARGE', 'link': 'https://archive.architecturaldigest.com/article/1993/6/ad-at-large'}, {'title': 'PORTRAIT: ROBERT REDFORD', 'link': 'https://archive.architecturaldigest.com/article/1993/6/portrait-robert-redford'}]",Summer,whitesmoke,black,peru,steelblue,saddlebrown,"{""0.29509719222462205"": [106, 67, 36], ""0.24113750899928005"": [244, 243, 242], ""0.17494600431965443"": [28, 15, 7], ""0.17189344852411806"": [168, 116, 68], ""0.11692584593232541"": [68, 102, 170]}"
1993,July,https://architecturaldigest.blob.core.windows.net/architecturaldigest19930701thumbnails/Covers/0x600/19930701.jpg,"[{'title': ""Ad Travels: Carleton Varney's Irish Eye"", 'link': 'https://archive.architecturaldigest.com/article/1993/7/ad-travels-carleton-varneys-irish-eye'}, {'title': 'People Are the Issue', 'link': 'https://archive.architecturaldigest.com/article/1993/7/people-are-the-issue'}, {'title': 'AD-At-Large', 'link': 'https://archive.architecturaldigest.com/article/1993/7/ad-at-large'}]",Summer,black,darkolivegreen,tan,grey,whitesmoke,"{""0.268585313174946"": [243, 242, 240], ""0.22287257019438445"": [25, 14, 8], ""0.18555435565154788"": [76, 72, 46], ""0.16544996400287976"": [193, 180, 156], ""0.1575377969762419"": [147, 129, 95]}"
1993,August,https://architecturaldigest.blob.core.windows.net/architecturaldigest19930801thumbnails/Covers/0x600/19930801.jpg,"[{'title': ""Ad Travels: Britain's Secret Gardens"", 'link': 'https://archive.architecturaldigest.com/article/1993/8/ad-travels-britains-secret-gardens'}, {'title': 'Guest Speaker: Paul Mellon', 'link': 'https://archive.architecturaldigest.com/article/1993/8/guest-speaker-paul-mellon'}, {'title': ""Howard Baker's Capital View"", 'link': 'https://archive.architecturaldigest.com/article/1993/8/howard-bakers-capital-view'}]",Summer,whitesmoke,black,sienna,wheat,rosybrown,"{""0.28206983441324696"": [180, 150, 111], ""0.24043196544276457"": [244, 245, 243], ""0.21614470842332614"": [53, 37, 18], ""0.1938300935925126"": [152, 96, 42], ""0.06752339812814975"": [220, 208, 179]}"
1993,September,https://architecturaldigest.blob.core.windows.net/architecturaldigest19930901thumbnails/Covers/0x600/19930901.jpg,"[{'title': 'THE VANISHING: JIM THOMPSON IN THAILAND', 'link': 'https://archive.architecturaldigest.com/article/1993/9/the-vanishing-jim-thompson-in-thailand'}, {'title': 'THE GARRICK CLUB IN LONDON', 'link': 'https://archive.architecturaldigest.com/article/1993/9/the-garrick-club-in-london'}, {'title': 'PEOPLE ARE THE ISSUE', 'link': 'https://archive.architecturaldigest.com/article/1993/9/people-are-the-issue'}]",Fall,whitesmoke,darkkhaki,silver,black,sienna,"{""0.3144132469402448"": [131, 93, 61], ""0.24427645788336932"": [245, 243, 240], ""0.23809935205183586"": [179, 151, 106], ""0.11704103671706263"": [195, 181, 168], ""0.0861699064074874"": [51, 31, 20]}"
1993,October,https://architecturaldigest.blob.core.windows.net/architecturaldigest19931001thumbnails/Covers/0x600/19931001.jpg,"[{'title': 'The Museum at Warm Springs', 'link': 'https://archive.architecturaldigest.com/article/1993/10/ad-travels-the-museum-at-warm-springs'}, {'title': 'Ad-At-Large', 'link': 'https://archive.architecturaldigest.com/article/1993/10/ad-at-large'}, {'title': 'Barthelemy Lafon', 'link': 'https://archive.architecturaldigest.com/article/1993/10/roger-g-kennedy-barthelemy-lafon'}]",Fall,dimgrey,darkolivegreen,silver,black,lavender,"{""0.2909359251259899"": [229, 239, 244], ""0.21356011519078474"": [135, 120, 92], ""0.20698704103671706"": [85, 71, 54], ""0.15890208783297335"": [182, 189, 204], ""0.12961483081353492"": [24, 21, 14]}"
1993,November,https://architecturaldigest.blob.core.windows.net/architecturaldigest19931101thumbnails/Covers/0x600/19931101.jpg,"[{'title': 'AD TRAVELS: ANTIQUING IN NEW ORLEANS', 'link': 'https://archive.architecturaldigest.com/article/1993/11/ad-travels-antiquing-in-new-orleans'}, {'title': 'AD-AT-LARGE', 'link': 'https://archive.architecturaldigest.com/article/1993/11/ad-at-large'}, {'title': 'BRENDAN GILL: GILLETTE CASTLE', 'link': 'https://archive.architecturaldigest.com/article/1993/11/brendan-gill-gillette-castle'}]",Fall,whitesmoke,sienna,tan,black,saddlebrown,"{""0.2655507559395248"": [99, 62, 37], ""0.24602231821454285"": [246, 244, 243], ""0.17390208783297337"": [150, 118, 78], ""0.16564434845212384"": [199, 174, 134], ""0.14888048956083513"": [34, 16, 9]}"
1993,December,https://architecturaldigest.blob.core.windows.net/architecturaldigest19931201thumbnails/Covers/0x600/19931201.jpg,"[{'title': ""Frank Lloyd Wright's Auldbrass"", 'link': 'https://archive.architecturaldigest.com/article/1993/12/frank-lloyd-wright-auldbrass'}, {'title': 'HISTORIC HOUSES: DYLAN THOMAS', 'link': 'https://archive.architecturaldigest.com/article/1993/12/historic-houses-dylan-thomas'}, {'title': 'AD WIRED', 'link': 'https://archive.architecturaldigest.com/article/1993/12/ad-wired'}]",Winter,grey,black,darkolivegreen,darkgrey,whitesmoke,"{""0.3535385169186465"": [238, 239, 238], ""0.19495680345572355"": [137, 124, 105], ""0.18796976241900648"": [17, 9, 6], ""0.14596472282217424"": [93, 71, 56], ""0.11757019438444924"": [186, 173, 153]}"
1994,January,https://architecturaldigest.blob.core.windows.net/architecturaldigest19940101thumbnails/Covers/0x600/19940101.jpg,"[{'title': 'GUEST SPEAKER: UMBERTO ECO', 'link': 'https://archive.architecturaldigest.com/article/1994/1/umberto-eco'}, {'title': ""AD TRAVELS: AN INSIDER'S ORVIETO"", 'link': 'https://archive.architecturaldigest.com/article/1994/1/an-insiders-orvieto'}, {'title': 'On the Grand Canal', 'link': 'https://archive.architecturaldigest.com/article/1994/1/on-the-grand-canal'}]",Winter,dimgrey,rosybrown,tan,darkslategrey,whitesmoke,"{""0.27134269258459326"": [246, 244, 244], ""0.26469402447804175"": [127, 113, 94], ""0.1961987041036717"": [171, 146, 125], ""0.1448956083513319"": [214, 186, 168], ""0.12286897048236141"": [42, 47, 37]}"
1994,February,https://architecturaldigest.blob.core.windows.net/architecturaldigest19940201thumbnails/Covers/0x600/19940201.jpg,"[{'title': 'RESCUING A RHODE ISLAND LANDMARK', 'link': 'https://archive.architecturaldigest.com/article/1994/2/rescuing-a-rhode-island-landmark'}, {'title': 'AD-AT-LARGE', 'link': 'https://archive.architecturaldigest.com/article/1994/2/ad-at-large'}, {'title': 'REIMAGINING PARK AVENUE STYLE', 'link': 'https://archive.architecturaldigest.com/article/1994/2/reimagining-park-avenue-style'}]",Winter,tan,whitesmoke,darkslategrey,midnightblue,grey,"{""0.3179049676025918"": [164, 135, 104], ""0.2797552195824334"": [197, 176, 158], ""0.24510799136069114"": [243, 242, 242], ""0.13469402447804177"": [78, 66, 55], ""0.022537796976241902"": [30, 45, 142]}"
1994,March,https://architecturaldigest.blob.core.windows.net/architecturaldigest19940301thumbnails/Covers/0x600/19940301.jpg,"[{'title': 'AD TRAVELS: SAN FRANCISCO SOURCES', 'link': 'https://archive.architecturaldigest.com/article/1994/3/san-francisco-sources'}, {'title': ""EDITH WHARTON'S FRENCH LANDSCAPES"", 'link': 'https://archive.architecturaldigest.com/article/1994/3/edith-whartons-french-landscapes'}, {'title': 'ARCHITECTURE: ANTOINE PREDOCK', 'link': 'https://archive.architecturaldigest.com/article/1994/3/antoine-predock'}]",Spring,saddlebrown,black,peru,sandybrown,whitesmoke,"{""0.29038156947444205"": [244, 244, 240], ""0.24812095032397408"": [104, 69, 32], ""0.19709143268538518"": [59, 36, 17], ""0.14634269258459323"": [158, 128, 63], ""0.11806335493160547"": [222, 183, 98]}"
1994,April,https://architecturaldigest.blob.core.windows.net/architecturaldigest19940401thumbnails/Covers/0x600/19940401.jpg,"[{'title': ""Marion Davies' Ocean House"", 'link': 'https://archive.architecturaldigest.com/article/1994/4/marion-davies-ocean-house---the-santa-monica-palace-ruled-by-hearsts-mistress'}, {'title': 'Fay Wray', 'link': 'https://archive.architecturaldigest.com/article/1994/4/fay-wray---king-kongs-favorite-costar-at-home-in-los-angeles'}, {'title': 'Designing Films: William Cameron Menzies', 'link': 'https://archive.architecturaldigest.com/article/1994/4/designing-films-william-cameron-menzies---vivid-images-from-a-master-art-director'}]",Spring,whitesmoke,black,grey,darkred,silver,"{""0.2968754499640029"": [193, 190, 190], ""0.263203743700504"": [244, 243, 243], ""0.1919618430525558"": [33, 33, 33], ""0.15865370770338372"": [122, 118, 118], ""0.08930525557955364"": [152, 12, 10]}"
1994,May,https://architecturaldigest.blob.core.windows.net/architecturaldigest19940501thumbnails/Covers/0x600/19940501.jpg,"[{'title': 'Rudyard Kipling in Vermont', 'link': 'https://archive.architecturaldigest.com/article/1994/5/rudyard-kipling-in-vermont'}, {'title': 'Ad-At-Large', 'link': 'https://archive.architecturaldigest.com/article/1994/5/ad-at-large'}, {'title': 'Antiques Notebook', 'link': 'https://archive.architecturaldigest.com/article/1994/5/antiques-notebook'}]",Spring,whitesmoke,darkkhaki,saddlebrown,sienna,black,"{""0.2811627069834413"": [21, 6, 5], ""0.22956443484521238"": [246, 244, 242], ""0.16714902807775378"": [198, 158, 99], ""0.1653671706263499"": [77, 41, 23], ""0.15675665946724263"": [147, 93, 50]}"
1994,June,https://architecturaldigest.blob.core.windows.net/architecturaldigest19940601thumbnails/Covers/0x600/19940601.jpg,"[{'title': 'AD TRAVELS: MAINE CHANCES', 'link': 'https://archive.architecturaldigest.com/article/1994/6/maine-chances'}, {'title': 'Ad Wired', 'link': 'https://archive.architecturaldigest.com/article/1994/6/ad-wired'}, {'title': 'Ad -At-Large', 'link': 'https://archive.architecturaldigest.com/article/1994/6/ad--at-large'}]",Summer,whitesmoke,sienna,black,midnightblue,peru,"{""0.322638588912887"": [210, 148, 88], ""0.2855867530597552"": [245, 242, 238], ""0.23262419006479482"": [136, 82, 48], ""0.1288012958963283"": [47, 21, 15], ""0.030349172066234702"": [6, 31, 70]}"
1994,July,https://architecturaldigest.blob.core.windows.net/architecturaldigest19940701thumbnails/Covers/0x600/19940701.jpg,"[{'title': 'PORTRAIT: FRANK STELLA', 'link': 'https://archive.architecturaldigest.com/article/1994/7/portrait-frank-stella'}, {'title': 'PEOPLE ARE THE ISSUE', 'link': 'https://archive.architecturaldigest.com/article/1994/7/people-are-the-issue'}, {'title': 'AD-AT-LARGE', 'link': 'https://archive.architecturaldigest.com/article/1994/7/ad-at-large'}]",Summer,sienna,black,tan,darkolivegreen,linen,"{""0.4006407487401008"": [239, 238, 231], ""0.20366090712742982"": [177, 79, 37], ""0.18450323974082072"": [22, 14, 13], ""0.11385529157667387"": [206, 179, 142], ""0.09733981281497481"": [91, 74, 75]}"
1994,August,https://architecturaldigest.blob.core.windows.net/architecturaldigest19940801thumbnails/Covers/0x600/19940801.jpg,"[{'title': 'Ad Travels: Wyoming Windfalls', 'link': 'https://archive.architecturaldigest.com/article/1994/8/ad-travels-wyoming-windfalls'}, {'title': 'Ad Wired', 'link': 'https://archive.architecturaldigest.com/article/1994/8/ad-wired'}, {'title': 'People Are the Issue', 'link': 'https://archive.architecturaldigest.com/article/1994/8/people-are-the-issue'}]",Summer,silver,grey,sienna,black,whitesmoke,"{""0.2927069834413247"": [243, 241, 238], ""0.26900287976961845"": [197, 184, 179], ""0.22574154067674587"": [150, 133, 125], ""0.10706263498920086"": [139, 74, 47], ""0.10548596112311015"": [36, 16, 12]}"
1994,September,https://architecturaldigest.blob.core.windows.net/architecturaldigest19940901thumbnails/Covers/0x600/19940901.jpg,"[{'title': 'Ad Travels: Connecticut Connections', 'link': 'https://archive.architecturaldigest.com/article/1994/9/ad-travels-connecticut-connections'}, {'title': 'Ad Wired', 'link': 'https://archive.architecturaldigest.com/article/1994/9/ad-wired'}, {'title': 'Historic House: Isamu Noguchi', 'link': 'https://archive.architecturaldigest.com/article/1994/9/historic-house-isamu-noguchi'}]",Fall,whitesmoke,dimgrey,lightslategrey,darkgrey,black,"{""0.3045824334053276"": [36, 41, 29], ""0.25855291576673867"": [242, 243, 242], ""0.23048596112311015"": [79, 100, 94], ""0.12773218142548595"": [129, 150, 193], ""0.07864650827933765"": [169, 166, 143]}"
1994,October,https://architecturaldigest.blob.core.windows.net/architecturaldigest19941001thumbnails/Covers/0x600/19941001.jpg,"[{'title': 'AD WIRED', 'link': 'https://archive.architecturaldigest.com/article/1994/10/ad-wired'}, {'title': 'FASHION LEGENDS: CHRISTIAN DIOR', 'link': 'https://archive.architecturaldigest.com/article/1994/10/fashion-legends-christian-dior'}, {'title': 'FOR COLLECTORS: BEVERLEY BIRKS', 'link': 'https://archive.architecturaldigest.com/article/1994/10/for-collectors-beverley-birks'}]",Fall,chocolate,burlywood,sandybrown,black,linen,"{""0.39010799136069113"": [243, 241, 233], ""0.20760259179265658"": [194, 78, 41], ""0.14891288696904248"": [236, 200, 138], ""0.13696904247660188"": [219, 179, 89], ""0.11640748740100793"": [25, 23, 18]}"
1994,November,https://architecturaldigest.blob.core.windows.net/architecturaldigest19941101thumbnails/Covers/0x600/19941101.jpg,"[{'title': 'AD TRAVELS: SEATTLE SOURCES', 'link': 'https://archive.architecturaldigest.com/article/1994/11/ad-travels-seattle-sources'}, {'title': 'TO THE TRADE ONLY', 'link': 'https://archive.architecturaldigest.com/article/1994/11/to-the-trade-only'}, {'title': 'AD-AT-LARGE', 'link': 'https://archive.architecturaldigest.com/article/1994/11/ad-at-large'}]",Fall,darkslategrey,dimgrey,rosybrown,silver,whitesmoke,"{""0.2814362850971922"": [243, 244, 242], ""0.19720662347012238"": [56, 50, 50], ""0.19460403167746582"": [127, 107, 78], ""0.18784377249820014"": [166, 161, 126], ""0.13890928725701943"": [205, 208, 175]}"
1994,December,https://architecturaldigest.blob.core.windows.net/architecturaldigest19941201thumbnails/Covers/0x600/19941201.jpg,"[{'title': 'ANTIQUES NOTEBOOK: GOTHIC ROMANCE', 'link': 'https://archive.architecturaldigest.com/article/1994/12/antiques-notebook-gothic-romance'}, {'title': 'AD TRAVELS: SHOPPING CHICAGO', 'link': 'https://archive.architecturaldigest.com/article/1994/12/ad-travels-shopping-chicago'}, {'title': 'TAKING A RIDE ON GARDEN RAILROADS', 'link': 'https://archive.architecturaldigest.com/article/1994/12/taking-a-ride-on-garden-railroads'}]",Winter,grey,tan,black,darkolivegreen,whitesmoke,"{""0.26168826493880487"": [245, 243, 240], ""0.2072462203023758"": [160, 138, 90], ""0.19059035277177827"": [188, 179, 141], ""0.17682865370770337"": [43, 21, 11], ""0.16364650827933766"": [112, 80, 45]}"
1995,January,https://architecturaldigest.blob.core.windows.net/architecturaldigest19950101thumbnails/Covers/0x600/19950101.jpg,"[{'title': 'London Secrets', 'link': 'https://archive.architecturaldigest.com/article/1995/1/london-secrets'}, {'title': 'Architecture: Jewels in the Crown', 'link': 'https://archive.architecturaldigest.com/article/1995/1/jewels-in-the-crown'}, {'title': 'People Are the Issue', 'link': 'https://archive.architecturaldigest.com/article/1995/1/people-are-the-issue'}]",Winter,whitesmoke,darkslategrey,black,grey,lightslategrey,"{""0.2815874730021598"": [112, 130, 192], ""0.28043916486681064"": [237, 237, 240], ""0.17595752339812815"": [74, 71, 74], ""0.15117350611951044"": [26, 23, 21], ""0.11084233261339092"": [149, 124, 111]}"
1995,February,https://architecturaldigest.blob.core.windows.net/architecturaldigest19950201thumbnails/Covers/0x600/19950201.jpg,"[{'title': 'GUEST SPEAKER: PAUL GOLDBERGER', 'link': 'https://archive.architecturaldigest.com/article/1995/2/guest-speaker-paul-goldberger---robert-a-m-stern-takes-on-the-critics-modernist-box'}, {'title': 'SHARP STYLE ON CENTRAL PARK', 'link': 'https://archive.architecturaldigest.com/article/1995/2/sharp-style-on-central-park---a-fresh-aesthetic-reanimates-a-new-york-apartment'}, {'title': 'AD-AT-LARGE', 'link': 'https://archive.architecturaldigest.com/article/1995/2/ad-at-large---architectural-digest-inside-the-design-world'}]",Winter,whitesmoke,tan,sienna,darkslategrey,darkkhaki,"{""0.297264218862491"": [193, 155, 106], ""0.2352915766738661"": [243, 243, 242], ""0.21015478761699063"": [216, 191, 155], ""0.14561915046796256"": [141, 107, 67], ""0.11167026637868971"": [61, 54, 56]}"
1995,March,https://architecturaldigest.blob.core.windows.net/architecturaldigest19950301thumbnails/Covers/0x600/19950301.jpg,"[{'title': ""AD Travels: Inside the Roycrofters' World"", 'link': 'https://archive.architecturaldigest.com/article/1995/3/inside-the-roycrofters-world'}, {'title': 'Kentucky Pride at Calumet Farm', 'link': 'https://archive.architecturaldigest.com/article/1995/3/kentucky-pride-at-calumet-farm'}, {'title': 'Architecture: Antoine Predock', 'link': 'https://archive.architecturaldigest.com/article/1995/3/antoine-predock'}]",Spring,whitesmoke,darkslategrey,sienna,rosybrown,black,"{""0.30345572354211664"": [21, 19, 18], ""0.21245500359971203"": [244, 243, 242], ""0.20155507559395247"": [68, 57, 47], ""0.15712023038156947"": [125, 85, 63], ""0.12541396688264939"": [162, 146, 124]}"
1995,April,https://architecturaldigest.blob.core.windows.net/architecturaldigest19950401thumbnails/Covers/0x600/19950401.jpg,"[{'title': ""ENGLAND'S MUNNINGS MUSEUM"", 'link': 'https://archive.architecturaldigest.com/article/1995/4/englands-munnings-museum'}, {'title': 'AD ELECTRONICA', 'link': 'https://archive.architecturaldigest.com/article/1995/4/ad-electronica'}, {'title': 'PRODUCTION VALUES IN LOS ANGELES', 'link': 'https://archive.architecturaldigest.com/article/1995/4/production-values-in-los-angeles'}]",Spring,whitesmoke,tan,darkolivegreen,wheat,darkkhaki,"{""0.46492080633549315"": [173, 152, 102], ""0.21169906407487402"": [244, 245, 244], ""0.17794096472282217"": [188, 176, 148], ""0.08356731461483081"": [94, 86, 55], ""0.06187185025197984"": [222, 217, 182]}"
1995,May,https://architecturaldigest.blob.core.windows.net/architecturaldigest19950501thumbnails/Covers/0x600/19950501.jpg,"[{'title': 'AD TRAVELS: BOSTON PROSPECTS', 'link': 'https://archive.architecturaldigest.com/article/1995/5/boston-prospects'}, {'title': 'AD-AT-LARGE', 'link': 'https://archive.architecturaldigest.com/article/1995/5/ad-at-large'}, {'title': 'TO THE TRADE ONLY: CHICAGO', 'link': 'https://archive.architecturaldigest.com/article/1995/5/chicago'}]",Spring,black,whitesmoke,darkolivegreen,steelblue,rosybrown,"{""0.24012958963282938"": [172, 143, 107], ""0.21923326133909288"": [43, 29, 22], ""0.21697624190064796"": [243, 243, 243], ""0.21533837293016558"": [109, 87, 66], ""0.10832253419726422"": [88, 124, 191]}"
1995,June,https://architecturaldigest.blob.core.windows.net/architecturaldigest19950601thumbnails/Covers/0x600/19950601.jpg,"[{'title': 'AD TRAVELS: DISCOVERING UTAH', 'link': 'https://archive.architecturaldigest.com/article/1995/6/discovering-utah'}, {'title': 'THOMAS MOLESWORTH IN CODY', 'link': 'https://archive.architecturaldigest.com/article/1995/6/thomas-molesworth-in-cody'}, {'title': 'AVOIDING THE TRAPS OF HOME SECURITY', 'link': 'https://archive.architecturaldigest.com/article/1995/6/avoiding-the-traps-of-home-security'}]",Summer,whitesmoke,rosybrown,sienna,darkslategrey,silver,"{""0.25661267098632107"": [187, 179, 187], ""0.25087113030957525"": [241, 240, 241], ""0.20929085673146147"": [162, 145, 140], ""0.1547372210223182"": [137, 95, 74], ""0.12848812095032397"": [69, 43, 33]}"
1995,July,https://architecturaldigest.blob.core.windows.net/architecturaldigest19950701thumbnails/Covers/0x600/19950701.jpg,"[{'title': 'ARCHITECTURE: MUSEUMS AS ART', 'link': 'https://archive.architecturaldigest.com/article/1995/7/museums-as-art'}, {'title': 'AD-AT-LARGE', 'link': 'https://archive.architecturaldigest.com/article/1995/7/ad-at-large'}, {'title': 'AD ELECTRONICA', 'link': 'https://archive.architecturaldigest.com/article/1995/7/ad-electronica'}]",Summer,whitesmoke,saddlebrown,peru,darkslategrey,sienna,"{""0.2762994960403168"": [180, 106, 43], ""0.2711915046796256"": [244, 245, 243], ""0.2060007199424046"": [133, 80, 40], ""0.1563858891288697"": [212, 140, 65], ""0.09012239020878329"": [65, 46, 27]}"
1995,August,https://architecturaldigest.blob.core.windows.net/architecturaldigest19950801thumbnails/Covers/0x600/19950801.jpg,"[{'title': 'AD-AT-LARGE', 'link': 'https://archive.architecturaldigest.com/article/1995/8/ad-at-large'}, {'title': 'BONNIE DUNE REVISITED', 'link': 'https://archive.architecturaldigest.com/article/1995/8/bonnie-dune-revisited'}, {'title': 'PORTRAIT: SIR NORMAN FOSTER', 'link': 'https://archive.architecturaldigest.com/article/1995/8/sir-norman-foster'}]",Summer,darkolivegreen,silver,sienna,black,whitesmoke,"{""0.3704787616990641"": [239, 239, 240], ""0.19470842332613392"": [96, 66, 41], ""0.17895608351331893"": [195, 185, 179], ""0.1521310295176386"": [143, 103, 70], ""0.10372570194384449"": [32, 19, 16]}"
1995,September,https://architecturaldigest.blob.core.windows.net/architecturaldigest19950901thumbnails/Covers/0x600/19950901.jpg,"[{'title': 'The AD 100', 'link': 'https://archive.architecturaldigest.com/article/1995/9/the-ad-100'}, {'title': 'AD-AT-LARGE', 'link': 'https://archive.architecturaldigest.com/article/1995/9/ad-at-large'}, {'title': 'GARDENS: A NEW ZEALAND TRIO', 'link': 'https://archive.architecturaldigest.com/article/1995/9/a-new-zealand-trio'}]",Fall,darkslategrey,steelblue,black,grey,whitesmoke,"{""0.2862562994960403"": [239, 238, 240], ""0.21685025197984162"": [77, 76, 65], ""0.19891288696904247"": [82, 114, 188], ""0.18312455003599712"": [28, 26, 21], ""0.11485601151907847"": [157, 118, 99]}"
1995,October,https://architecturaldigest.blob.core.windows.net/architecturaldigest19951001thumbnails/Covers/0x600/19951001.jpg,"[{'title': 'ARCHITECTURAL DIGEST VISITS: LEO CASTELLI', 'link': 'https://archive.architecturaldigest.com/article/1995/10/leo-castelli'}, {'title': 'GARDENS: FREDERICK LAW OLMSTED', 'link': 'https://archive.architecturaldigest.com/article/1995/10/frederick-law-olmsted'}, {'title': 'ART: 19TH-CENTURY FRENCH WALLPAPER', 'link': 'https://archive.architecturaldigest.com/article/1995/10/19th-century-french-wallpaper'}]",Fall,saddlebrown,black,peru,steelblue,whitesmoke,"{""0.2712383009359251"": [241, 243, 244], ""0.2148848092152628"": [129, 82, 38], ""0.20807775377969762"": [49, 30, 27], ""0.1683117350611951"": [199, 137, 64], ""0.13748740100791937"": [73, 109, 167]}"
1995,November,https://architecturaldigest.blob.core.windows.net/architecturaldigest19951101thumbnails/Covers/0x600/19951101.jpg,"[{'title': 'BROADWAY LEGENDS: MOSS HART', 'link': 'https://archive.architecturaldigest.com/article/1995/11/broadway-legends-moss-hart---the-playwrights-fairview-farm-in-pennsylvania'}, {'title': ""HISTORIC HOUSES: EUGENE O'NEILL"", 'link': 'https://archive.architecturaldigest.com/article/1995/11/historic-houses-eugene-oneill---restoring-the-playwrights-childhood-home-in-connecticut'}, {'title': 'ARCHITECTURE: THE NEW AMSTERDAM THEATER', 'link': 'https://archive.architecturaldigest.com/article/1995/11/architecture-the-new-amsterdam-theater---hardy-holzman-pfeiffer-revives-broadways-faded-star'}]",Fall,black,darkslategrey,sienna,rosybrown,whitesmoke,"{""0.28421166306695467"": [245, 242, 239], ""0.24413246940244782"": [14, 10, 9], ""0.22078473722102232"": [67, 49, 40], ""0.17845932325413966"": [139, 89, 68], ""0.07241180705543557"": [188, 165, 152]}"
1995,December,https://architecturaldigest.blob.core.windows.net/architecturaldigest19951201thumbnails/Covers/0x600/19951201.jpg,"[{'title': ""GEORGIA O'KEEFFE"", 'link': 'https://archive.architecturaldigest.com/article/1995/12/georgia-okeeffe'}, {'title': 'OUT WEST WITH GERRY SPENCE', 'link': 'https://archive.architecturaldigest.com/article/1995/12/out-west-with-gerry-spence'}, {'title': 'NEW YORK DISCOVERIES', 'link': 'https://archive.architecturaldigest.com/article/1995/12/new-york-discoveries'}]",Winter,black,saddlebrown,burlywood,peru,whitesmoke,"{""0.2709791216702664"": [246, 242, 238], ""0.2458315334773218"": [16, 6, 7], ""0.18623830093592514"": [113, 53, 30], ""0.15406047516198704"": [218, 180, 126], ""0.14289056875449965"": [176, 121, 71]}"
1996,January,https://architecturaldigest.blob.core.windows.net/architecturaldigest19960101thumbnails/Covers/0x600/19960101.jpg,"[{'title': 'STING', 'link': 'https://archive.architecturaldigest.com/article/1996/1/sting'}, {'title': 'ALDO ROSSI', 'link': 'https://archive.architecturaldigest.com/article/1996/1/aldo-rossi'}, {'title': 'ZAHA HADID', 'link': 'https://archive.architecturaldigest.com/article/1996/1/zaha-hadid'}]",Winter,linen,tan,black,teal,sienna,"{""0.2749820014398848"": [126, 100, 66], ""0.27274298056155505"": [237, 238, 235], ""0.20329733621310295"": [192, 175, 133], ""0.18634629229661628"": [42, 30, 26], ""0.0626313894888409"": [36, 101, 130]}"
1996,February,https://architecturaldigest.blob.core.windows.net/architecturaldigest19960201thumbnails/Covers/0x600/19960201.jpg,"[{'title': ""A WRITER'S TALE"", 'link': 'https://archive.architecturaldigest.com/article/1996/2/a-writers-tale'}, {'title': 'BANK BAIL-OUT IN WASHINGTON, D.C.', 'link': 'https://archive.architecturaldigest.com/article/1996/2/bank-bail-out-in-washington-dc'}, {'title': 'A ONE-ROOM WONDER', 'link': 'https://archive.architecturaldigest.com/article/1996/2/a-one-room-wonder'}]",Winter,linen,rosybrown,sienna,darkslategrey,wheat,"{""0.3067818574514039"": [236, 206, 166], ""0.2856335493160547"": [245, 241, 234], ""0.17601511879049675"": [193, 152, 115], ""0.11640388768898488"": [127, 88, 64], ""0.11516558675305975"": [48, 34, 40]}"
1996,March,https://architecturaldigest.blob.core.windows.net/architecturaldigest19960301thumbnails/Covers/0x600/19960301.jpg,"[{'title': 'AD TRAVELS: SHOPPING IN SOHO AND TRIBECA', 'link': 'https://archive.architecturaldigest.com/article/1996/3/shopping-in-soho-and-tribeca'}, {'title': 'NOTES FOR ROBERT ADAM', 'link': 'https://archive.architecturaldigest.com/article/1996/3/notes-for-robert-adam'}, {'title': 'Ad-At-Large', 'link': 'https://archive.architecturaldigest.com/article/1996/3/ad-at-large'}]",Spring,whitesmoke,darkslateblue,darkolivegreen,darkgrey,black,"{""0.26959323254139667"": [30, 28, 32], ""0.2136501079913607"": [243, 244, 245], ""0.19605831533477322"": [58, 87, 150], ""0.17543196544276457"": [105, 89, 70], ""0.14526637868970482"": [175, 166, 148]}"
1996,April,https://architecturaldigest.blob.core.windows.net/architecturaldigest19960401thumbnails/Covers/0x600/19960401.jpg,"[{'title': 'Anjelica Huston and Robert Graham', 'link': 'https://archive.architecturaldigest.com/article/1996/4/anjelica-huston-and-robert-graham'}, {'title': 'Joan Bennett', 'link': 'https://archive.architecturaldigest.com/article/1996/4/joan-bennett'}, {'title': ""ARCHITECTURE: RICHARD NEUTRA'S HOLLYWOOD"", 'link': 'https://archive.architecturaldigest.com/article/1996/4/richard-neutras-hollywood'}]",Spring,lightslategrey,dimgrey,silver,darkslategrey,whitesmoke,"{""0.2943484521238301"": [239, 241, 243], ""0.2803023758099352"": [130, 146, 162], ""0.17552555795536356"": [87, 99, 112], ""0.1459539236861051"": [179, 185, 195], ""0.10386969042476601"": [41, 42, 46]}"
1996,May,https://architecturaldigest.blob.core.windows.net/architecturaldigest19960501thumbnails/Covers/0x600/19960501.jpg,"[{'title': 'AD TRAVELS: HOMES AWAY FROM HOME', 'link': 'https://archive.architecturaldigest.com/article/1996/5/homes-away-from-home'}, {'title': 'HISTORIC GARDENS: STOWE IN ENGLAND', 'link': 'https://archive.architecturaldigest.com/article/1996/5/stowe-in-england'}, {'title': ""Richard Branson's Virgin Paradise"", 'link': 'https://archive.architecturaldigest.com/article/1996/5/richard-bransons-virgin-paradise'}]",Spring,grey,dimgrey,darkslategrey,darkgrey,whitesmoke,"{""0.26921166306695465"": [240, 241, 239], ""0.26699424046076314"": [162, 136, 115], ""0.20720302375809935"": [125, 94, 73], ""0.14748740100791938"": [57, 41, 35], ""0.1091036717062635"": [189, 174, 162]}"
1996,June,https://architecturaldigest.blob.core.windows.net/architecturaldigest19960601thumbnails/Covers/0x600/19960601.jpg,"[{'title': 'AD-AT-LARGE', 'link': 'https://archive.architecturaldigest.com/article/1996/6/ad-at-large'}, {'title': 'MIDWESTERN FARMHOUSE WITH A MODERN SOUL', 'link': 'https://archive.architecturaldigest.com/article/1996/6/midwestern-farmhouse-with-a-modern-soul'}, {'title': ""REVISITING BIG SUR'S WILD BIRD"", 'link': 'https://archive.architecturaldigest.com/article/1996/6/revisiting-big-surs-wild-bird'}]",Summer,whitesmoke,tan,dimgrey,brown,black,"{""0.2601259899208063"": [46, 40, 25], ""0.2506299496040317"": [245, 242, 239], ""0.2004355651547876"": [192, 167, 131], ""0.16250539956803456"": [143, 116, 80], ""0.1263030957523398"": [149, 42, 20]}"
1996,July,https://architecturaldigest.blob.core.windows.net/architecturaldigest19960701thumbnails/Covers/0x600/19960701.jpg,"[{'title': 'SANTA BARBARA SELECTIONS', 'link': 'https://archive.architecturaldigest.com/article/1996/7/santa-barbara-selections'}, {'title': 'OF MOUSE OR PEN', 'link': 'https://archive.architecturaldigest.com/article/1996/7/of-mouse-or-pen'}, {'title': 'SETH STEIN', 'link': 'https://archive.architecturaldigest.com/article/1996/7/seth-stein'}]",Summer,grey,darkslategrey,darkolivegreen,darkgrey,whitesmoke,"{""0.31078833693304536"": [235, 240, 242], ""0.22448524118070554"": [147, 140, 133], ""0.20521958243340532"": [51, 33, 30], ""0.13824694024478043"": [96, 77, 71], ""0.12125989920806335"": [149, 170, 194]}"
1996,August,https://architecturaldigest.blob.core.windows.net/architecturaldigest19960801thumbnails/Covers/0x600/19960801.jpg,"[{'title': 'Hemingway in Cuba', 'link': 'https://archive.architecturaldigest.com/article/1996/8/hemingway-in-cuba'}, {'title': 'AD at LARGE', 'link': 'https://archive.architecturaldigest.com/article/1996/8/ad-at-large'}, {'title': 'ART: NEW MEXICO MODERNIST WATERCOLORS', 'link': 'https://archive.architecturaldigest.com/article/1996/8/new-mexico-modernist-watercolors'}]",Summer,linen,sienna,rosybrown,darkslategrey,silver,"{""0.2778689704823614"": [206, 193, 188], ""0.27758099352051835"": [241, 237, 237], ""0.16439164866810654"": [121, 87, 60], ""0.1560475161987041"": [167, 152, 141], ""0.12411087113030958"": [45, 34, 34]}"
1996,September,https://architecturaldigest.blob.core.windows.net/architecturaldigest19960901thumbnails/Covers/0x600/19960901.jpg,"[{'title': 'DESIGN RESOURCES', 'link': 'https://archive.architecturaldigest.com/article/1996/9/design-resources'}, {'title': 'AD at Large', 'link': 'https://archive.architecturaldigest.com/article/1996/9/ad-at-large'}, {'title': 'HISTORIC DESIGN: STEPHANE BOUDIN', 'link': 'https://archive.architecturaldigest.com/article/1996/9/stephane-boudin'}]",Fall,peru,whitesmoke,tan,darkslategrey,darkolivegreen,"{""0.26926565874730024"": [118, 87, 51], ""0.24629589632829374"": [162, 128, 78], ""0.1878869690424766"": [244, 242, 237], ""0.18056155507559396"": [203, 178, 131], ""0.1159899208063355"": [60, 42, 28]}"
1996,October,https://architecturaldigest.blob.core.windows.net/architecturaldigest19961001thumbnails/Covers/0x600/19961001.jpg,"[{'title': 'GUEST SPEAKER: ROBERT STONE', 'link': 'https://archive.architecturaldigest.com/article/1996/10/robert-stone'}, {'title': 'AD at LARGE', 'link': 'https://archive.architecturaldigest.com/article/1996/10/ad-at-large'}, {'title': 'AD SHOPPING: UNCOVERING THE BEST OF SAN FRANCISCO', 'link': 'https://archive.architecturaldigest.com/article/1996/10/uncovering-the-best-of-san-francisco'}]",Fall,black,whitesmoke,dimgrey,tan,darkolivegreen,"{""0.3230021598272138"": [84, 60, 39], ""0.2504355651547876"": [28, 18, 13], ""0.1703383729301656"": [245, 243, 241], ""0.15904967602591794"": [134, 111, 90], ""0.09717422606191504"": [210, 175, 129]}"
1996,November,https://architecturaldigest.blob.core.windows.net/architecturaldigest19961101thumbnails/Covers/0x600/19961101.jpg,"[{'title': 'AD ELECTRONICA: A COMPUTER IS DRIVING YOUR CAR', 'link': 'https://archive.architecturaldigest.com/article/1996/11/a-computer-is-driving-your-car'}, {'title': 'Apsley House Restored', 'link': 'https://archive.architecturaldigest.com/article/1996/11/apsley-house-restored'}, {'title': 'AD SHOPPING: DOING THE CHARLESTON', 'link': 'https://archive.architecturaldigest.com/article/1996/11/doing-the-charleston'}]",Fall,tan,whitesmoke,black,darkslategrey,peru,"{""0.2570482361411087"": [165, 124, 76], ""0.2096904247660187"": [192, 175, 153], ""0.19342692584593232"": [240, 241, 243], ""0.17944564434845212"": [39, 29, 25], ""0.16038876889848813"": [84, 77, 77]}"
1996,December,https://architecturaldigest.blob.core.windows.net/architecturaldigest19961201thumbnails/Covers/0x600/19961201.jpg,"[{'title': ""ARCHITECTURE: THE AMERICAN ACADEMY'S RARE BOOK ROOM"", 'link': 'https://archive.architecturaldigest.com/article/1996/12/the-american-academys-rare-book-room'}, {'title': 'AD ELECTRONICA: MANAGING MONEY ON THE NET', 'link': 'https://archive.architecturaldigest.com/article/1996/12/managing-money-on-the-net'}, {'title': 'ARCHITECTURE: FRANK ISRAEL', 'link': 'https://archive.architecturaldigest.com/article/1996/12/frank-israel'}]",Winter,whitesmoke,darkkhaki,sienna,black,darkolivegreen,"{""0.2251115910727142"": [82, 50, 31], ""0.2136033117350612"": [245, 244, 242], ""0.20475881929445644"": [191, 149, 102], ""0.19298776097912168"": [133, 99, 72], ""0.16353851691864651"": [22, 10, 7]}"
1997,January,https://architecturaldigest.blob.core.windows.net/architecturaldigest19970101thumbnails/Covers/0x600/19970101.jpg,"[{'title': 'GUEST SPEAKER: DEREK WALCOTT', 'link': 'https://archive.architecturaldigest.com/article/1997/1/derek-walcott'}, {'title': 'AD SHOPPING: ROAD TO MOROCCO', 'link': 'https://archive.architecturaldigest.com/article/1997/1/road-to-morocco'}, {'title': 'CARIBBEAN POINT OF VIEW', 'link': 'https://archive.architecturaldigest.com/article/1997/1/caribbean-point-of-view'}]",Winter,dimgrey,darkslategrey,darkgrey,darkslateblue,linen,"{""0.2458027357811375"": [237, 234, 234], ""0.23811735061195105"": [120, 104, 86], ""0.212264218862491"": [47, 42, 39], ""0.20832613390928725"": [158, 152, 162], ""0.09548956083513319"": [76, 91, 134]}"
1997,February,https://architecturaldigest.blob.core.windows.net/architecturaldigest19970201thumbnails/Covers/0x600/19970201.jpg,"[{'title': 'CALIFORNIA CLASSIC', 'link': 'https://archive.architecturaldigest.com/article/1997/2/california-classic'}, {'title': 'MAKING IT NEW IN SOHO', 'link': 'https://archive.architecturaldigest.com/article/1997/2/making-it-new-in-soho'}, {'title': 'RESCUE ON KIAWAH ISLAND', 'link': 'https://archive.architecturaldigest.com/article/1997/2/rescue-on-kiawah-island'}]",Winter,wheat,tan,sienna,darkolivegreen,whitesmoke,"{""0.45153347732181426"": [245, 244, 238], ""0.1818394528437725"": [237, 219, 172], ""0.15863930885529157"": [204, 175, 131], ""0.10689704823614112"": [163, 115, 79], ""0.10109071274298057"": [74, 53, 34]}"
1997,March,https://architecturaldigest.blob.core.windows.net/architecturaldigest19970301thumbnails/Covers/0x600/19970301.jpg,"[{'title': 'VINTAGE VERMONT', 'link': 'https://archive.architecturaldigest.com/article/1997/3/vintage-vermont'}, {'title': 'HELP!', 'link': 'https://archive.architecturaldigest.com/article/1997/3/help'}, {'title': 'MANHATTAN GRANDEUR', 'link': 'https://archive.architecturaldigest.com/article/1997/3/manhattan-grandeur'}]",Spring,sienna,rosybrown,silver,darkolivegreen,whitesmoke,"{""0.29096832253419724"": [241, 241, 241], ""0.2256983441324694"": [159, 111, 67], ""0.19875809935205183"": [165, 156, 146], ""0.19637508999280057"": [197, 192, 188], ""0.08820014398848092"": [105, 85, 58]}"
1997,April,https://architecturaldigest.blob.core.windows.net/architecturaldigest19970401thumbnails/Covers/0x600/19970401.jpg,"[{'title': 'GUEST SPEAKER: BRENDAN GILL', 'link': 'https://archive.architecturaldigest.com/article/1997/4/brendan-gill'}, {'title': 'AD ELECTRONICA: COMPUTERIZING YOUR TAX RETURNS', 'link': 'https://archive.architecturaldigest.com/article/1997/4/computerizing-your-tax-returns'}, {'title': 'ART: HARD-EDGE PAINTING', 'link': 'https://archive.architecturaldigest.com/article/1997/4/hard-edge-painting'}]",Spring,darkslateblue,grey,whitesmoke,black,darkslategrey,"{""0.308016558675306"": [51, 58, 87], ""0.20409647228221742"": [65, 84, 150], ""0.19786177105831534"": [159, 138, 107], ""0.1837652987760979"": [241, 241, 241], ""0.10625989920806335"": [20, 21, 38]}"
1997,May,https://architecturaldigest.blob.core.windows.net/architecturaldigest19970501thumbnails/Covers/0x600/19970501.jpg,"[{'title': 'ART: NATURAL HISTORY ILLUSTRATION', 'link': 'https://archive.architecturaldigest.com/article/1997/5/natural-history-illustration'}, {'title': 'An Irish Revival', 'link': 'https://archive.architecturaldigest.com/article/1997/5/an-irish-revival'}, {'title': 'AD ELECTRONICA: HOUSE HUNTING IN CYBERSPACE', 'link': 'https://archive.architecturaldigest.com/article/1997/5/house-hunting-in-cyberspace'}]",Spring,sandybrown,saddlebrown,linen,black,peru,"{""0.2579733621310295"": [174, 117, 65], ""0.2421778257739381"": [228, 169, 93], ""0.19207343412526998"": [109, 67, 34], ""0.17723902087832974"": [245, 240, 235], ""0.1305363570914327"": [34, 16, 7]}"
1997,June,https://architecturaldigest.blob.core.windows.net/architecturaldigest19970601thumbnails/Covers/0x600/19970601.jpg,"[{'title': 'FREDERIC CHURCH AT OLANA', 'link': 'https://archive.architecturaldigest.com/article/1997/6/frederic-church-at-olana'}, {'title': 'ARCHITECTURAL DIGEST VISITS: MICHAEL KEATON', 'link': 'https://archive.architecturaldigest.com/article/1997/6/michael-keaton'}, {'title': ""NEW LIFE AT WALKER'S MILL"", 'link': 'https://archive.architecturaldigest.com/article/1997/6/new-life-at-walkers-mill'}]",Summer,whitesmoke,dimgrey,silver,steelblue,darkslategrey,"{""0.509622030237581"": [58, 41, 35], ""0.19883729301655867"": [243, 243, 244], ""0.1365766738660907"": [131, 104, 85], ""0.08795536357091432"": [183, 186, 202], ""0.0670086393088553"": [73, 100, 167]}"
1997,July,https://architecturaldigest.blob.core.windows.net/architecturaldigest19970701thumbnails/Covers/0x600/19970701.jpg,"[{'title': 'AD ELECTRONICA: DRIVING LESSONS', 'link': 'https://archive.architecturaldigest.com/article/1997/7/driving-lessons'}, {'title': 'AD SHOPPING: TREASURES OF PROVENCE', 'link': 'https://archive.architecturaldigest.com/article/1997/7/treasures-of-provence'}, {'title': 'SUTTON PLACE SYMMETRY', 'link': 'https://archive.architecturaldigest.com/article/1997/7/sutton-place-symmetry'}]",Summer,tan,black,saddlebrown,grey,linen,"{""0.3194060475161987"": [237, 235, 233], ""0.24938444924406047"": [202, 188, 163], ""0.17989200863930885"": [42, 18, 11], ""0.14619150467962563"": [104, 64, 42], ""0.10512598992080634"": [165, 126, 95]}"
1997,August,https://architecturaldigest.blob.core.windows.net/architecturaldigest19970801thumbnails/Covers/0x600/19970801.jpg,"[{'title': 'AD at LARGE', 'link': 'https://archive.architecturaldigest.com/article/1997/8/ad-at-large'}, {'title': 'AD ELECTRONICA: BROWSING IN VIRTUAL BOOKSTORES', 'link': 'https://archive.architecturaldigest.com/article/1997/8/browsing-in-virtual-bookstores'}, {'title': 'HISTORIC HOUSES: EDWARD HOPPER ON CAPE COD', 'link': 'https://archive.architecturaldigest.com/article/1997/8/edward-hopper-on-cape-cod'}]",Summer,darkolivegreen,whitesmoke,darkslateblue,darkseagreen,black,"{""0.31906047516198704"": [25, 38, 22], ""0.2499712023038157"": [76, 96, 56], ""0.2305291576673866"": [241, 241, 240], ""0.11624550035997121"": [63, 89, 170], ""0.08419366450683945"": [158, 162, 122]}"
1997,September,https://architecturaldigest.blob.core.windows.net/architecturaldigest19970901thumbnails/Covers/0x600/19970901.jpg,"[{'title': 'DIANA PHIPPS', 'link': 'https://archive.architecturaldigest.com/article/1997/9/diana-phipps'}, {'title': 'THOMAS FLEMING', 'link': 'https://archive.architecturaldigest.com/article/1997/9/thomas-fleming'}, {'title': 'AD at LARGE', 'link': 'https://archive.architecturaldigest.com/article/1997/9/ad-at-large'}]",Fall,saddlebrown,peru,black,tan,linen,"{""0.2736465082793377"": [244, 241, 236], ""0.2288948884089273"": [110, 66, 36], ""0.2110079193664507"": [175, 125, 68], ""0.1471130309575234"": [36, 18, 9], ""0.139337652987761"": [212, 184, 137]}"
1997,October,https://architecturaldigest.blob.core.windows.net/architecturaldigest19971001thumbnails/Covers/0x600/19971001.jpg,"[{'title': 'GUEST SPEAKER: E. ANNIE PROULX', 'link': 'https://archive.architecturaldigest.com/article/1997/10/e-annie-proulx'}, {'title': 'AD SHOPPING: A MAJORCA MEMOIR', 'link': 'https://archive.architecturaldigest.com/article/1997/10/a-majorca-memoir'}, {'title': 'AD at LARGE', 'link': 'https://archive.architecturaldigest.com/article/1997/10/ad-at-large'}]",Fall,whitesmoke,saddlebrown,rosybrown,black,grey,"{""0.25067314614830816"": [149, 119, 90], ""0.20502519798416127"": [245, 243, 242], ""0.1942548596112311"": [99, 63, 39], ""0.17750539956803454"": [187, 161, 135], ""0.17254139668826493"": [21, 16, 17]}"
1997,November,https://architecturaldigest.blob.core.windows.net/architecturaldigest19971101thumbnails/Covers/0x600/19971101.jpg,"[{'title': 'ARCHITECTURAL DIGEST VISITS: SYLVESTER STALLONE', 'link': 'https://archive.architecturaldigest.com/article/1997/11/sylvester-stallone'}, {'title': 'PROFILE: EYRE DE LANUX', 'link': 'https://archive.architecturaldigest.com/article/1997/11/eyre-de-lanux'}, {'title': 'AD SHOPPING: BOUNTIES OF BATH', 'link': 'https://archive.architecturaldigest.com/article/1997/11/bounties-of-bath'}]",Fall,whitesmoke,black,burlywood,peru,darkolivegreen,"{""0.23847372210223183"": [112, 75, 57], ""0.23123830093592512"": [243, 241, 239], ""0.2215550755939525"": [30, 23, 26], ""0.17782937365010798"": [222, 193, 158], ""0.13090352771778258"": [183, 133, 90]}"
1997,December,https://architecturaldigest.blob.core.windows.net/architecturaldigest19971201thumbnails/Covers/0x600/19971201.jpg,"[{'title': 'AN ALABAMA TALE', 'link': 'https://archive.architecturaldigest.com/article/1997/12/an-alabama-tale'}, {'title': ""AN ARTIST'S OASIS"", 'link': 'https://archive.architecturaldigest.com/article/1997/12/an-artists-oasis'}, {'title': 'AD SHOPPING: DOWNTOWN DISCOVERIES', 'link': 'https://archive.architecturaldigest.com/article/1997/12/downtown-discoveries'}]",Winter,whitesmoke,maroon,sienna,darkkhaki,black,"{""0.29613750899928004"": [21, 7, 3], ""0.24939884809215263"": [243, 241, 239], ""0.203207343412527"": [73, 37, 18], ""0.16537437005039596"": [143, 83, 44], ""0.08588192944564435"": [192, 146, 106]}"
1998,January,https://architecturaldigest.blob.core.windows.net/architecturaldigest19980101thumbnails/Covers/0x600/19980101.jpg,"[{'title': 'AD ELECTRONICA: TELEVISION FOREVER!', 'link': 'https://archive.architecturaldigest.com/article/1998/1/television-forever'}, {'title': 'AD SHOPPING: INSIDE ISTANBUL', 'link': 'https://archive.architecturaldigest.com/article/1998/1/inside-istanbul'}, {'title': 'ST. CROIX GEOMETRIES', 'link': 'https://archive.architecturaldigest.com/article/1998/1/st-croix-geometries'}]",Winter,whitesmoke,darkslateblue,dimgrey,darkgrey,black,"{""0.30346652267818575"": [30, 28, 23], ""0.20515838732901368"": [239, 240, 237], ""0.1780561555075594"": [39, 63, 121], ""0.1621886249100072"": [100, 96, 80], ""0.151130309575234"": [189, 184, 163]}"
1998,February,https://architecturaldigest.blob.core.windows.net/architecturaldigest19980201thumbnails/Covers/0x600/19980201.jpg,"[{'title': 'Hudson River Affair', 'link': 'https://archive.architecturaldigest.com/article/1998/2/hudson-river-affair'}, {'title': 'AD SHOPPING: FLORENCE FINDS', 'link': 'https://archive.architecturaldigest.com/article/1998/2/florence-finds'}, {'title': 'Art Deco Elan Revisited', 'link': 'https://archive.architecturaldigest.com/article/1998/2/art-deco-elan-revisited'}]",Winter,black,saddlebrown,peru,tan,whitesmoke,"{""0.24812095032397408"": [243, 241, 238], ""0.2212167026637869"": [46, 23, 13], ""0.2145104391648668"": [118, 72, 41], ""0.21165226781857452"": [167, 127, 82], ""0.10449964002879769"": [203, 175, 142]}"
1998,March,https://architecturaldigest.blob.core.windows.net/architecturaldigest19980301thumbnails/Covers/0x600/19980301.jpg,"[{'title': ""England's Getty Center"", 'link': 'https://archive.architecturaldigest.com/article/1998/3/englands-getty-center'}, {'title': 'ANTIQUES NOTEBOOK: ROBERT JARVIE METALWORK', 'link': 'https://archive.architecturaldigest.com/article/1998/3/robert-jarvie-metalwork'}, {'title': 'A Royal Restoration in Denmark', 'link': 'https://archive.architecturaldigest.com/article/1998/3/a-royal-restoration-in-denmark'}]",Spring,grey,darkolivegreen,whitesmoke,darkgrey,darkslategrey,"{""0.25384809215262777"": [67, 49, 36], ""0.24773218142548595"": [158, 129, 93], ""0.20158027357811376"": [114, 85, 57], ""0.16016558675305975"": [243, 244, 244], ""0.13667386609071275"": [191, 172, 157]}"
1998,April,https://architecturaldigest.blob.core.windows.net/architecturaldigest19980401thumbnails/Covers/0x600/19980401.jpg,"[{'title': 'SETTING THE SCENE', 'link': 'https://archive.architecturaldigest.com/article/1998/4/setting-the-scene'}, {'title': 'RUSSIAN FILM POSTERS', 'link': 'https://archive.architecturaldigest.com/article/1998/4/russian-film-posters'}, {'title': 'GRAND ILLUSIONS FOR MEET JOE BLACK', 'link': 'https://archive.architecturaldigest.com/article/1998/4/grand-illusions-for-meet-joe-black'}]",Spring,whitesmoke,darkgrey,steelblue,dimgrey,black,"{""0.2880381569474442"": [33, 28, 34], ""0.28260259179265657"": [240, 239, 239], ""0.1640640748740101"": [182, 167, 159], ""0.1514902807775378"": [80, 104, 155], ""0.11380489560835133"": [129, 106, 90]}"
1998,May,https://architecturaldigest.blob.core.windows.net/architecturaldigest19980501thumbnails/Covers/0x600/19980501.jpg,"[{'title': 'THE WORLD MONUMENTS WATCH', 'link': 'https://archive.architecturaldigest.com/article/1998/5/the-world-monuments-watch'}, {'title': 'ALTERNATE CURRENTS', 'link': 'https://archive.architecturaldigest.com/article/1998/5/alternate-currents'}, {'title': 'CZESLAW MILOSZ', 'link': 'https://archive.architecturaldigest.com/article/1998/5/czeslaw-milosz'}]",Spring,sienna,tan,peru,darkolivegreen,linen,"{""0.30625989920806335"": [240, 238, 235], ""0.2294528437724982"": [139, 101, 59], ""0.2017566594672426"": [203, 188, 164], ""0.19122390208783296"": [178, 140, 90], ""0.07130669546436286"": [71, 49, 29]}"
1998,June,https://architecturaldigest.blob.core.windows.net/architecturaldigest19980601thumbnails/Covers/0x600/19980601.jpg,"[{'title': 'GUEST SPEAKER: NEIL SHEEHAN', 'link': 'https://archive.architecturaldigest.com/article/1998/6/neil-sheehan'}, {'title': 'ART NOTEBOOK: TOTEM CARVERS OF THE NORTHWEST COAST', 'link': 'https://archive.architecturaldigest.com/article/1998/6/totem-carvers-of-the-northwest-coast'}, {'title': 'AD ELECTRONICA: A PC IN EVERY HOUSE?', 'link': 'https://archive.architecturaldigest.com/article/1998/6/a-pc-in-every-house'}]",Summer,whitesmoke,goldenrod,darkolivegreen,sienna,black,"{""0.2417170626349892"": [39, 34, 17], ""0.2210763138948884"": [241, 242, 239], ""0.20315694744420446"": [236, 160, 58], ""0.17513678905687546"": [76, 75, 42], ""0.1589128869690425"": [167, 114, 54]}"
1998,July,https://architecturaldigest.blob.core.windows.net/architecturaldigest19980701thumbnails/Covers/0x600/19980701.jpg,"[{'title': 'CELEBRATING BRENDAN GILL', 'link': 'https://archive.architecturaldigest.com/article/1998/7/celebrating-brendan-gill'}, {'title': 'SPLENDORS OF VERSAILLES', 'link': 'https://archive.architecturaldigest.com/article/1998/7/splendors-of-versailles'}, {'title': 'BRUSSELS BROWSING', 'link': 'https://archive.architecturaldigest.com/article/1998/7/brussels-browsing'}]",Summer,sienna,whitesmoke,tan,black,darkolivegreen,"{""0.25140388768898486"": [93, 64, 40], ""0.22436645068394528"": [143, 110, 72], ""0.20754499640028798"": [238, 239, 236], ""0.1760475161987041"": [187, 169, 138], ""0.14063714902807775"": [33, 16, 10]}"
1998,August,https://architecturaldigest.blob.core.windows.net/architecturaldigest19980801thumbnails/Covers/0x600/19980801.jpg,"[{'title': 'SHORELINE BEAT FOR BUSY NEWSMAKERS', 'link': 'https://archive.architecturaldigest.com/article/1998/8/shoreline-beat-for-busy-newsmakers'}, {'title': 'L.A. CONFIDENTIAL', 'link': 'https://archive.architecturaldigest.com/article/1998/8/la-confidential'}, {'title': 'TIBETAN THANKAS', 'link': 'https://archive.architecturaldigest.com/article/1998/8/tibetan-thankas'}]",Summer,dimgrey,whitesmoke,darkslategrey,silver,rosybrown,"{""0.2661951043916487"": [172, 146, 120], ""0.22575593952483802"": [134, 102, 78], ""0.20260619150467962"": [243, 242, 241], ""0.16932685385169186"": [71, 59, 55], ""0.13611591072714183"": [206, 188, 170]}"
1998,September,https://architecturaldigest.blob.core.windows.net/architecturaldigest19980901thumbnails/Covers/0x600/19980901.jpg,"[{'title': 'CAPITAL GAINS', 'link': 'https://archive.architecturaldigest.com/article/1998/9/capital-gains'}, {'title': 'ALAN WANZENBERG', 'link': 'https://archive.architecturaldigest.com/article/1998/9/alan-wanzenberg'}, {'title': 'DISTANCE LEARNING', 'link': 'https://archive.architecturaldigest.com/article/1998/9/distance-learning'}]",Fall,darkolivegreen,linen,peru,burlywood,black,"{""0.25604031677465805"": [27, 12, 9], ""0.24611951043916486"": [96, 66, 40], ""0.1990748740100792"": [244, 242, 235], ""0.19207343412526998"": [172, 123, 68], ""0.10669186465082793"": [223, 188, 125]}"
1998,October,https://architecturaldigest.blob.core.windows.net/architecturaldigest19981001thumbnails/Covers/0x600/19981001.jpg,"[{'title': 'ART AND TECHNOLOGY AT THE GETTY', 'link': 'https://archive.architecturaldigest.com/article/1998/10/art-and-technology-at-the-getty'}, {'title': 'THE ROYAL CAMPS OF INDIA', 'link': 'https://archive.architecturaldigest.com/article/1998/10/the-royal-camps-of-india'}, {'title': 'HUDSON RENAISSANCE', 'link': 'https://archive.architecturaldigest.com/article/1998/10/hudson-renaissance'}]",Fall,darkolivegreen,linen,tan,black,peru,"{""0.27539956803455723"": [161, 129, 88], ""0.23187185025197984"": [120, 87, 57], ""0.2192260619150468"": [243, 240, 236], ""0.1496040316774658"": [204, 181, 153], ""0.12389848812095032"": [46, 29, 22]}"
1998,November,https://architecturaldigest.blob.core.windows.net/architecturaldigest19981101thumbnails/Covers/0x600/19981101.jpg,"[{'title': ""AN INSIDER'S PARIS"", 'link': 'https://archive.architecturaldigest.com/article/1998/11/an-insiders-paris'}, {'title': 'EXTRAORDINARY PROPERTIES ON THE MARKET', 'link': 'https://archive.architecturaldigest.com/article/1998/11/extraordinary-properties-on-the-market'}, {'title': 'AD AT LARGE', 'link': 'https://archive.architecturaldigest.com/article/1998/11/ad-at-large'}]",Fall,rosybrown,whitesmoke,burlywood,darkslategrey,sienna,"{""0.3075161987041037"": [135, 96, 58], ""0.2729625629949604"": [175, 145, 105], ""0.21611951043916486"": [246, 244, 240], ""0.1483477321814255"": [220, 196, 156], ""0.05505399568034557"": [60, 39, 24]}"
1998,December,https://architecturaldigest.blob.core.windows.net/architecturaldigest19981201thumbnails/Covers/0x600/19981201.jpg,"[{'title': 'AD EXCLUSIVE: FRANK SINATRA', 'link': 'https://archive.architecturaldigest.com/article/1998/12/frank-sinatra'}, {'title': 'AD ELECTRONICA: TURNING ON TO E-BOOKS', 'link': 'https://archive.architecturaldigest.com/article/1998/12/turning-on-to-e-books'}, {'title': 'ANTIQUES: CHINESE CLASSICAL FURNITURE', 'link': 'https://archive.architecturaldigest.com/article/1998/12/antiques'}]",Winter,black,dimgrey,darkslategrey,darkgrey,whitesmoke,"{""0.2730669546436285"": [236, 239, 239], ""0.26704103671706264"": [17, 12, 15], ""0.17651547876169907"": [113, 103, 95], ""0.14348452123830094"": [53, 63, 77], ""0.13989200863930887"": [151, 153, 149]}"
1999,January,https://architecturaldigest.blob.core.windows.net/architecturaldigest19990101thumbnails/Covers/0x600/19990101.jpg,"[{'title': 'ANTIQUES NOTEBOOK: KUBA TEXTILES', 'link': 'https://archive.architecturaldigest.com/article/1999/1/kuba-textiles'}, {'title': 'AD SHOPPING: THE BEST OF BANGKOK', 'link': 'https://archive.architecturaldigest.com/article/1999/1/the-best-of-bangkok'}, {'title': 'MYKONOS MOTIFS', 'link': 'https://archive.architecturaldigest.com/article/1999/1/mykonos-motifs'}]",Winter,black,whitesmoke,dimgrey,darkslateblue,lightslategrey,"{""0.26927645788336935"": [131, 155, 191], ""0.23400287976961842"": [32, 34, 27], ""0.2320554355651548"": [237, 238, 237], ""0.19290136789056875"": [113, 112, 97], ""0.0717638588912887"": [40, 95, 156]}"
1999,February,https://architecturaldigest.blob.core.windows.net/architecturaldigest19990201thumbnails/Covers/0x600/19990201.jpg,"[{'title': 'AD SHOPPING: SOPHISTICATED STOCKHOLM', 'link': 'https://archive.architecturaldigest.com/article/1999/2/sophisticated-stockholm'}, {'title': ""HELL'S KITCHEN SALVATION"", 'link': 'https://archive.architecturaldigest.com/article/1999/2/hells-kitchen-salvation'}, {'title': 'ITALIAN ECHOES ON THE COAST', 'link': 'https://archive.architecturaldigest.com/article/1999/2/italian-echoes-on-the-coast'}]",Winter,whitesmoke,darksalmon,wheat,darkslategrey,sienna,"{""0.26212023038156945"": [147, 100, 65], ""0.2368322534197264"": [245, 243, 241], ""0.18987041036717062"": [207, 155, 104], ""0.1691684665226782"": [231, 203, 171], ""0.1420086393088553"": [71, 49, 34]}"
1999,March,https://architecturaldigest.blob.core.windows.net/architecturaldigest19990301thumbnails/Covers/0x600/19990301.jpg,"[{'title': 'THE FRELINGHUYSEN MORRIS HOUSE & STUDIO', 'link': 'https://archive.architecturaldigest.com/article/1999/3/the-frelinghuysen-morris-house-studio'}, {'title': 'LOUISIANA PURCHASES', 'link': 'https://archive.architecturaldigest.com/article/1999/3/louisiana-purchases'}, {'title': 'MILLENNIAL MODERNISM', 'link': 'https://archive.architecturaldigest.com/article/1999/3/millennial-modernism'}]",Spring,sienna,darkslategrey,whitesmoke,sandybrown,tan,"{""0.321979841612671"": [210, 181, 141], ""0.2277465802735781"": [145, 110, 73], ""0.22697984161267099"": [59, 41, 27], ""0.16254499640028797"": [245, 242, 238], ""0.06074874010079194"": [240, 196, 65]}"
1999,April,https://architecturaldigest.blob.core.windows.net/architecturaldigest19990401thumbnails/Covers/0x600/19990401.jpg,"[{'title': 'GUEST SPEAKERS: VOICES OF THE TWENTIETH CENTURY', 'link': 'https://archive.architecturaldigest.com/article/1999/4/voices-of-the-twentieth-century'}, {'title': 'DESIGN PERSPECTIVES: THE LIVELY ART OF CULTURAL COMMENTARY', 'link': 'https://archive.architecturaldigest.com/article/1999/4/the-lively-art-of-cultural-commentary'}, {'title': 'THE COLLECTORS: IMPORTANT ART AND ANTIQUES IN PRIVATE HANDS', 'link': 'https://archive.architecturaldigest.com/article/1999/4/important-art-and-antiques-in-private-hands'}]",Spring,saddlebrown,peru,tan,black,whitesmoke,"{""0.2393196544276458"": [240, 240, 237], ""0.23240820734341253"": [100, 50, 26], ""0.17859971202303815"": [159, 128, 84], ""0.17616630669546438"": [210, 189, 149], ""0.17350611951043918"": [27, 14, 8]}"
1999,May,https://architecturaldigest.blob.core.windows.net/architecturaldigest19990501thumbnails/Covers/0x600/19990501.jpg,"[{'title': 'KENNEDY FRASER', 'link': 'https://archive.architecturaldigest.com/article/1999/5/kennedy-fraser'}, {'title': 'ARCHITECTURAL DIGEST VISITS JOHN TRAVOLTA AND KELLY PRESTON', 'link': 'https://archive.architecturaldigest.com/article/1999/5/architectural-digest-visits-john-travolta-and-kelly-preston'}, {'title': ""WHO'S AFRAID OF Y2K?"", 'link': 'https://archive.architecturaldigest.com/article/1999/5/whos-afraid-of-y2k'}]",Spring,darkolivegreen,linen,black,darkkhaki,sienna,"{""0.2613678905687545"": [135, 100, 61], ""0.25319294456443486"": [84, 58, 37], ""0.19167746580273579"": [244, 240, 235], ""0.1690748740100792"": [35, 20, 14], ""0.12468682505399568"": [185, 157, 112]}"
1999,June,https://architecturaldigest.blob.core.windows.net/architecturaldigest19990601thumbnails/Covers/0x600/19990601.jpg,"[{'title': 'A HOUSTON CHRONICLE', 'link': 'https://archive.architecturaldigest.com/article/1999/6/a-houston-chronicle'}, {'title': 'AD at LARGE', 'link': 'https://archive.architecturaldigest.com/article/1999/6/ad-at-large'}, {'title': 'THE SHAKER EXPERIENCE PRESERVED IN KENTUCKY', 'link': 'https://archive.architecturaldigest.com/article/1999/6/the-shaker-experience-preserved-in-kentucky'}]",Summer,sienna,saddlebrown,darksalmon,wheat,whitesmoke,"{""0.2776133909287257"": [244, 242, 239], ""0.2112347012239021"": [140, 97, 65], ""0.1861123110151188"": [89, 52, 33], ""0.17592872570194384"": [211, 152, 101], ""0.14911087113030957"": [229, 199, 167]}"
1999,July,https://architecturaldigest.blob.core.windows.net/architecturaldigest19990701thumbnails/Covers/0x600/19990701.jpg,"[{'title': 'ARCHITECTURAL DIGEST VISITS DIANE KEATON', 'link': 'https://archive.architecturaldigest.com/article/1999/7/architectural-digest-visits-diane-keaton'}, {'title': 'BUYER BEWARE', 'link': 'https://archive.architecturaldigest.com/article/1999/7/buyer-beware'}, {'title': 'AUSTRALIAN OPEN', 'link': 'https://archive.architecturaldigest.com/article/1999/7/australian-open'}]",Summer,darkolivegreen,rosybrown,wheat,whitesmoke,black,"{""0.2560943124550036"": [48, 30, 21], ""0.20252699784017278"": [111, 81, 57], ""0.19134629229661626"": [184, 162, 137], ""0.1825557955363571"": [237, 224, 187], ""0.16747660187185026"": [243, 244, 244]}"
1999,August,https://architecturaldigest.blob.core.windows.net/architecturaldigest19990801thumbnails/Covers/0x600/19990801.jpg,"[{'title': 'AD SHOPPING: PASSAGE TO INDIA', 'link': 'https://archive.architecturaldigest.com/article/1999/8/passage-to-india'}, {'title': 'AD ELECTRONICA: THE LATEST SPIN ON SATELLITES', 'link': 'https://archive.architecturaldigest.com/article/1999/8/the-latest-spin-on-satellites'}, {'title': 'BEFORE AND AFTER: LONG ISLAND LINEAGE', 'link': 'https://archive.architecturaldigest.com/article/1999/8/long-island-lineage'}]",Summer,whitesmoke,sienna,tan,wheat,peru,"{""0.2458855291576674"": [199, 141, 64], ""0.23541756659467242"": [244, 242, 237], ""0.20401367890568756"": [128, 91, 46], ""0.15857811375089992"": [210, 176, 120], ""0.1561051115910727"": [227, 204, 167]}"
1999,September,https://architecturaldigest.blob.core.windows.net/architecturaldigest19990901thumbnails/Covers/0x600/19990901.jpg,"[{'title': 'STREETS OF SAN FRANCISCO', 'link': 'https://archive.architecturaldigest.com/article/1999/9/streets-of-san-francisco'}, {'title': 'SECRETS OF CUSTOM WORK', 'link': 'https://archive.architecturaldigest.com/article/1999/9/secrets-of-custom-work'}, {'title': 'McMILLEN INC. AT SEVENTY-FIVE', 'link': 'https://archive.architecturaldigest.com/article/1999/9/mcmillen-inc-at-seventy-five'}]",Fall,darkgrey,linen,darkslategrey,peru,sienna,"{""0.26118430525557956"": [130, 101, 67], ""0.21823974082073433"": [179, 171, 150], ""0.21638228941684665"": [241, 240, 235], ""0.15789776817854573"": [49, 37, 28], ""0.14629589632829373"": [212, 156, 77]}"
1999,October,https://architecturaldigest.blob.core.windows.net/architecturaldigest19991001thumbnails/Covers/0x600/19991001.jpg,"[{'title': 'GUEST SPEAKER: SUZANNAH LESSARD', 'link': 'https://archive.architecturaldigest.com/article/1999/10/suzannah-lessard'}, {'title': 'AD SHOPPING: DUBLIN DISCOVERIES', 'link': 'https://archive.architecturaldigest.com/article/1999/10/ad-shopping-dublin-discoveries'}, {'title': 'ON LONG ISLAND SOUND', 'link': 'https://archive.architecturaldigest.com/article/1999/10/on-long-island-sound'}]",Fall,whitesmoke,black,sienna,darkolivegreen,rosybrown,"{""0.2813750899928006"": [186, 153, 126], ""0.21975881929445645"": [244, 241, 239], ""0.1793952483801296"": [22, 10, 8], ""0.16835493160547157"": [147, 104, 68], ""0.15111591072714184"": [74, 46, 31]}"
1999,November,https://architecturaldigest.blob.core.windows.net/architecturaldigest19991101thumbnails/Covers/0x600/19991101.jpg,"[{'title': 'AD at LARGE', 'link': 'https://archive.architecturaldigest.com/article/1999/11/ad-at-large'}, {'title': 'AD SHOPPING\u200b: ATLANTA RISING', 'link': 'https://archive.architecturaldigest.com/article/1999/11/atlanta-rising'}, {'title': 'AD ELECTRONICA: MP3 CHANGES THE MUSIC SCENE', 'link': 'https://archive.architecturaldigest.com/article/1999/11/mp3-changes-the-music-scene'}]",Fall,whitesmoke,black,indianred,slategrey,darkolivegreen,"{""0.32393808495320375"": [100, 71, 58], ""0.24527717782577393"": [240, 241, 244], ""0.22894168466522677"": [49, 28, 20], ""0.10904967602591793"": [173, 115, 106], ""0.09279337652987761"": [97, 121, 166]}"
1999,December,https://architecturaldigest.blob.core.windows.net/architecturaldigest19991201thumbnails/Covers/0x600/19991201.jpg,"[{'title': 'AD at LARGE', 'link': 'https://archive.architecturaldigest.com/article/1999/12/ad-at-large'}, {'title': 'FOR COLLECTORS: THE ALLURE OF ANCIENT JEWELRY', 'link': 'https://archive.architecturaldigest.com/article/1999/12/the-allure-of-ancient-jewelry'}, {'title': 'FEDERAL SPIRIT FOR MANHATTAN', 'link': 'https://archive.architecturaldigest.com/article/1999/12/federal-spirit-for-manhattan'}]",Winter,sienna,peru,maroon,tan,whitesmoke,"{""0.25404247660187185"": [245, 243, 240], ""0.22975881929445643"": [136, 93, 60], ""0.19319294456443484"": [185, 139, 96], ""0.17244060475161987"": [77, 40, 20], ""0.15056515478761698"": [216, 185, 145]}"
2000,January,https://architecturaldigest.blob.core.windows.net/architecturaldigest20000101thumbnails/Covers/0x600/20000101.jpg,"[{'title': 'The AD 100', 'link': 'https://archive.architecturaldigest.com/article/2000/1/the-ad-100'}, {'title': 'Elsie de Wolfe', 'link': 'https://archive.architecturaldigest.com/article/2000/1/elsie-de-wolfe'}, {'title': 'Frances Elkins', 'link': 'https://archive.architecturaldigest.com/article/2000/1/frances-elkins'}]",Winter,whitesmoke,grey,dimgrey,darkgrey,darkslategrey,"{""0.23007199424046076"": [42, 41, 41], ""0.2158783297336213"": [241, 241, 242], ""0.2152555795536357"": [130, 132, 136], ""0.18406767458603313"": [86, 86, 90], ""0.1547264218862491"": [173, 175, 180]}"
2000,February,https://architecturaldigest.blob.core.windows.net/architecturaldigest20000201thumbnails/Covers/0x600/20000201.jpg,"[{'title': 'HOME-OFFICE DILEMMAS', 'link': 'https://archive.architecturaldigest.com/article/2000/2/home-office-dilemmas'}, {'title': 'NANCY COLLINS', 'link': 'https://archive.architecturaldigest.com/article/2000/2/nancy-collins'}, {'title': 'LONDON CALLING', 'link': 'https://archive.architecturaldigest.com/article/2000/2/london-calling'}]",Winter,whitesmoke,saddlebrown,tan,peru,black,"{""0.2318466522678186"": [35, 19, 15], ""0.22019438444924405"": [245, 243, 242], ""0.196886249100072"": [109, 65, 45], ""0.17875089992800575"": [203, 183, 166], ""0.17232181425485962"": [173, 140, 96]}"
2000,March,https://architecturaldigest.blob.core.windows.net/architecturaldigest20000301thumbnails/Covers/0x600/20000301.jpg,"[{'title': 'ARTHUR WESLEY DOW', 'link': 'https://archive.architecturaldigest.com/article/2000/3/arthur-wesley-dow'}, {'title': 'SYDNEY SOURCES', 'link': 'https://archive.architecturaldigest.com/article/2000/3/sydney-sources'}, {'title': 'PAST PERFECT IN NEW YORK CITY', 'link': 'https://archive.architecturaldigest.com/article/2000/3/past-perfect-in-new-york-city'}]",Spring,darkslategrey,whitesmoke,grey,silver,darkolivegreen,"{""0.29363570914326853"": [116, 79, 58], ""0.225471562275018"": [57, 37, 29], ""0.20514398848092152"": [244, 245, 245], ""0.15221022318214542"": [153, 127, 117], ""0.12353851691864651"": [195, 189, 201]}"
2000,April,https://architecturaldigest.blob.core.windows.net/architecturaldigest20000401thumbnails/Covers/0x600/20000401.jpg,"[{'title': ""JAMAICA'S GOLDENEYE"", 'link': 'https://archive.architecturaldigest.com/article/2000/4/jamaicas-goldeneye'}, {'title': 'CHARLES BOYER', 'link': 'https://archive.architecturaldigest.com/article/2000/4/charles-boyer'}, {'title': 'SELLING MARILYN MONROE', 'link': 'https://archive.architecturaldigest.com/article/2000/4/selling-marilyn-monroe'}]",Spring,darkgrey,dimgrey,black,midnightblue,linen,"{""0.36251259899208066"": [236, 236, 235], ""0.2713030957523398"": [170, 165, 167], ""0.1719546436285097"": [104, 87, 79], ""0.171605471562275"": [26, 20, 20], ""0.022624190064794818"": [17, 27, 115]}"
2000,May,https://architecturaldigest.blob.core.windows.net/architecturaldigest20000501thumbnails/Covers/0x600/20000501.jpg,"[{'title': 'PHILIP JOHNSON IN GERMANY', 'link': 'https://archive.architecturaldigest.com/article/2000/5/philip-johnson-in-germany'}, {'title': 'ELTON JOHN', 'link': 'https://archive.architecturaldigest.com/article/2000/5/elton-john'}, {'title': 'HYBRID SEEDS', 'link': 'https://archive.architecturaldigest.com/article/2000/5/hybrid-seeds'}]",Spring,darkslategrey,wheat,sienna,rosybrown,linen,"{""0.3118214542836573"": [244, 241, 236], ""0.2793592512598992"": [66, 46, 53], ""0.15855291576673866"": [234, 207, 165], ""0.1354535637149028"": [131, 77, 67], ""0.11481281497480202"": [195, 143, 106]}"
2000,June,https://architecturaldigest.blob.core.windows.net/architecturaldigest20000601thumbnails/Covers/0x600/20000601.jpg,"[{'title': 'SPECIAL SECTION—AMERICAN COUNTRY HOUSES', 'link': 'https://archive.architecturaldigest.com/article/2000/6/special-section-american-country-houses'}, {'title': 'A LAKE SUPERIOR STORY', 'link': 'https://archive.architecturaldigest.com/article/2000/6/a-lake-superior-story'}, {'title': 'AD at LARGE', 'link': 'https://archive.architecturaldigest.com/article/2000/6/ad-at-large'}]",Summer,black,whitesmoke,sienna,tan,darkolivegreen,"{""0.29010799136069115"": [95, 68, 41], ""0.2647084233261339"": [47, 30, 23], ""0.19073794096472282"": [242, 242, 240], ""0.16356011519078473"": [147, 114, 69], ""0.09088552915766739"": [190, 174, 142]}"
2000,July,https://architecturaldigest.blob.core.windows.net/architecturaldigest20000701thumbnails/Covers/0x600/20000701.jpg,"[{'title': 'Le Corbusier in Argentina', 'link': 'https://archive.architecturaldigest.com/article/2000/7/le-corbusier-in-argentina'}, {'title': 'Dial I for Internet', 'link': 'https://archive.architecturaldigest.com/article/2000/7/dial-i-for-internet'}, {'title': ""Ireland's Rising Star"", 'link': 'https://archive.architecturaldigest.com/article/2000/7/irelands-rising-star'}]",Summer,whitesmoke,rosybrown,sienna,saddlebrown,silver,"{""0.3360115190784737"": [210, 200, 185], ""0.24260979121670267"": [242, 241, 240], ""0.22467962562994961"": [187, 163, 138], ""0.11348452123830094"": [146, 111, 78], ""0.08321454283657308"": [90, 51, 32]}"
2000,August,https://architecturaldigest.blob.core.windows.net/architecturaldigest20000801thumbnails/Covers/0x600/20000801.jpg,"[{'title': 'Special Section—international Estates', 'link': 'https://archive.architecturaldigest.com/article/2000/8/special-section-international-estates'}, {'title': ""Barba's Barcelona"", 'link': 'https://archive.architecturaldigest.com/article/2000/8/barbas-barcelona'}, {'title': ""Cambodia's Royal Palace"", 'link': 'https://archive.architecturaldigest.com/article/2000/8/cambodias-royal-palace'}]",Summer,saddlebrown,whitesmoke,darkkhaki,darkslateblue,black,"{""0.307077033837293"": [55, 31, 15], ""0.22584233261339093"": [124, 82, 42], ""0.20970122390208784"": [240, 240, 237], ""0.15140028797696184"": [201, 165, 109], ""0.10597912167026638"": [79, 96, 141]}"
2000,September,https://architecturaldigest.blob.core.windows.net/architecturaldigest20000901thumbnails/Covers/0x600/20000901.jpg,"[{'title': 'INTRODUCING NEW LINES', 'link': 'https://archive.architecturaldigest.com/article/2000/9/introducing-new-lines'}, {'title': 'VOICE-RECOGNITION TECHNOLOGY', 'link': 'https://archive.architecturaldigest.com/article/2000/9/voice-recognition-technology'}, {'title': 'VINTAGE VIRGINIA', 'link': 'https://archive.architecturaldigest.com/article/2000/9/vintage-virginia'}]",Fall,rosybrown,sienna,darkolivegreen,black,linen,"{""0.25822174226061917"": [243, 240, 236], ""0.24429085673146148"": [188, 162, 126], ""0.22604031677465802"": [154, 98, 62], ""0.14133909287257018"": [94, 69, 47], ""0.13010799136069115"": [34, 21, 14]}"
2000,October,https://architecturaldigest.blob.core.windows.net/architecturaldigest20001001thumbnails/Covers/0x600/20001001.jpg,"[{'title': 'McMURTRY COUNTRY', 'link': 'https://archive.architecturaldigest.com/article/2000/10/mcmurtry-country'}, {'title': ""INSIDE GM'S SECRET DESIGN LAB"", 'link': 'https://archive.architecturaldigest.com/article/2000/10/inside-gms-secret-design-lab'}, {'title': 'J. M. COETZEE', 'link': 'https://archive.architecturaldigest.com/article/2000/10/j-m-coetzee'}]",Fall,darkslategrey,whitesmoke,dimgrey,lightsteelblue,black,"{""0.2889920806335493"": [29, 28, 25], ""0.25401727861771056"": [62, 69, 58], ""0.193113750899928"": [236, 241, 244], ""0.15752339812814975"": [111, 124, 109], ""0.10635349172066234"": [163, 184, 217]}"
2000,November,https://architecturaldigest.blob.core.windows.net/architecturaldigest20001101thumbnails/Covers/0x600/20001101.jpg,"[{'title': 'JONATHAN RABAN', 'link': 'https://archive.architecturaldigest.com/article/2000/11/jonathan-raban'}, {'title': 'AD at LARGE', 'link': 'https://archive.architecturaldigest.com/article/2000/11/ad-at-large'}, {'title': 'EDITORS SELECT ESTATES FOR SALE', 'link': 'https://archive.architecturaldigest.com/article/2000/11/editors-select-estates-for-sale'}]",Fall,black,whitesmoke,sienna,tan,darkolivegreen,"{""0.2987904967602592"": [79, 48, 34], ""0.28583513318934484"": [38, 16, 12], ""0.22192224622030238"": [245, 244, 241], ""0.14442044636429086"": [136, 96, 69], ""0.04903167746580273"": [206, 168, 131]}"
2000,December,https://architecturaldigest.blob.core.windows.net/architecturaldigest20001201thumbnails/Covers/0x600/20001201.jpg,"[{'title': 'HOLIDAY E-SHOPPING', 'link': 'https://archive.architecturaldigest.com/article/2000/12/holiday-e-shopping'}, {'title': 'DIPLOMATIC MISSION', 'link': 'https://archive.architecturaldigest.com/article/2000/12/diplomatic-mission'}, {'title': 'JOYCE CAROL OATES', 'link': 'https://archive.architecturaldigest.com/article/2000/12/joyce-carol-oates'}]",Winter,whitesmoke,saddlebrown,black,darkgrey,sienna,"{""0.2743124550035997"": [147, 97, 55], ""0.24316414686825055"": [243, 241, 239], ""0.22333693304535637"": [90, 56, 34], ""0.14928725701943846"": [24, 15, 12], ""0.10989920806335493"": [179, 163, 151]}"
2001,January,https://architecturaldigest.blob.core.windows.net/architecturaldigest20010101thumbnails/Covers/0x600/20010101.jpg,"[{'title': 'FLAT-SCREEN MONITORS', 'link': 'https://archive.architecturaldigest.com/article/2001/1/flat-screen-monitors'}, {'title': 'JAMIE WYETH', 'link': 'https://archive.architecturaldigest.com/article/2001/1/jamie-wyeth'}, {'title': 'SOUTH AFRICAN SAFARI', 'link': 'https://archive.architecturaldigest.com/article/2001/1/south-african-safari'}]",Winter,darkslateblue,lightslategrey,silver,darkslategrey,whitesmoke,"{""0.22898488120950325"": [238, 240, 243], ""0.21348812095032396"": [60, 87, 119], ""0.19845212383009359"": [131, 138, 147], ""0.19732541396688266"": [183, 186, 192], ""0.16174946004319654"": [42, 40, 43]}"
2001,February,https://architecturaldigest.blob.core.windows.net/architecturaldigest20010201thumbnails/Covers/0x600/20010201.jpg,"[{'title': 'A PHOENIX RISES IN MONTAUK', 'link': 'https://archive.architecturaldigest.com/article/2001/2/a-phoenix-rises-in-montauk'}, {'title': ""FIJI'S WAKAYA CLUB"", 'link': 'https://archive.architecturaldigest.com/article/2001/2/fijis-wakaya-club'}, {'title': 'DESIGNERS ON ELECTRONICS', 'link': 'https://archive.architecturaldigest.com/article/2001/2/designers-on-electronics'}]",Winter,black,whitesmoke,darkkhaki,darkolivegreen,wheat,"{""0.29314974802015836"": [221, 202, 168], ""0.25637868970482364"": [18, 13, 14], ""0.21652987760979123"": [244, 241, 239], ""0.14335133189344854"": [190, 160, 107], ""0.09059035277177825"": [104, 69, 52]}"
2001,March,https://architecturaldigest.blob.core.windows.net/architecturaldigest20010301thumbnails/Covers/0x600/20010301.jpg,"[{'title': ""DELAWARE'S WINTERTHUR MUSEUM"", 'link': 'https://archive.architecturaldigest.com/article/2001/3/delawares-winterthur-museum'}, {'title': 'PHILIP JOHNSON', 'link': 'https://archive.architecturaldigest.com/article/2001/3/philip-johnson'}, {'title': 'MANHATTAN REINVENTION', 'link': 'https://archive.architecturaldigest.com/article/2001/3/manhattan-reinvention'}]",Spring,linen,peru,darkslategrey,tan,saddlebrown,"{""0.24914326853851693"": [129, 77, 45], ""0.24727861771058315"": [241, 239, 236], ""0.24560115190784737"": [186, 120, 65], ""0.15326853851691866"": [57, 37, 25], ""0.1047084233261339"": [198, 176, 152]}"
2001,April,https://architecturaldigest.blob.core.windows.net/architecturaldigest20010401thumbnails/Covers/0x600/20010401.jpg,"[{'title': 'Shopping Around the World', 'link': 'https://archive.architecturaldigest.com/article/2001/4/shopping-around-the-world'}, {'title': 'SECURING CYBERSPACE', 'link': 'https://archive.architecturaldigest.com/article/2001/4/securing-cyberspace'}, {'title': 'AD SHOPPING', 'link': 'https://archive.architecturaldigest.com/article/2001/4/ad-shopping'}]",Spring,grey,silver,dimgrey,darkslategrey,whitesmoke,"{""0.26991720662347013"": [237, 240, 241], ""0.1999244060475162"": [138, 135, 131], ""0.19709863210943124"": [183, 185, 186], ""0.18391288696904248"": [96, 94, 92], ""0.14914686825053997"": [56, 45, 34]}"
2001,May,https://architecturaldigest.blob.core.windows.net/architecturaldigest20010501thumbnails/Covers/0x600/20010501.jpg,"[{'title': 'UTILITIES IN THE HOT SEAT', 'link': 'https://archive.architecturaldigest.com/article/2001/5/utilities-in-the-hot-seat'}, {'title': 'Colonial Classic', 'link': 'https://archive.architecturaldigest.com/article/2001/5/colonial-classic'}, {'title': 'PAINTED FURNITURE', 'link': 'https://archive.architecturaldigest.com/article/2001/5/painted-furniture'}]",Spring,whitesmoke,darkolivegreen,steelblue,darkslateblue,black,"{""0.28499640028797696"": [30, 21, 22], ""0.2169906407487401"": [242, 241, 243], ""0.17515478761699063"": [107, 76, 66], ""0.17297696184305256"": [79, 105, 182], ""0.14988120950323974"": [54, 64, 119]}"
2001,June,https://architecturaldigest.blob.core.windows.net/architecturaldigest20010601thumbnails/Covers/0x600/20010601.jpg,"[{'title': 'EDITORS SELECT AMERICAN COUNTRY HOUSES', 'link': 'https://archive.architecturaldigest.com/article/2001/6/editors-select-american-country-houses'}, {'title': 'ICONS OF AMERICANA', 'link': 'https://archive.architecturaldigest.com/article/2001/6/icons-of-americana'}, {'title': 'THE WIRELESS WORLD', 'link': 'https://archive.architecturaldigest.com/article/2001/6/the-wireless-world'}]",Summer,black,sienna,whitesmoke,tan,saddlebrown,"{""0.2785637149028078"": [108, 69, 41], ""0.2263678905687545"": [51, 29, 15], ""0.20052195824334054"": [154, 114, 74], ""0.19123830093592512"": [244, 241, 237], ""0.10330813534917206"": [208, 181, 131]}"
2001,July,https://architecturaldigest.blob.core.windows.net/architecturaldigest20010701thumbnails/Covers/0x600/20010701.jpg,"[{'title': 'Monterey MODERN', 'link': 'https://archive.architecturaldigest.com/article/2001/7/monterey-modern'}, {'title': 'The Edsel & Eleanor FORD HOUSE', 'link': 'https://archive.architecturaldigest.com/article/2001/7/the-edsel-eleanor-ford-house'}, {'title': 'AN EDUCATION ABROAD', 'link': 'https://archive.architecturaldigest.com/article/2001/7/an-education-abroad'}]",Summer,whitesmoke,grey,darkolivegreen,tan,black,"{""0.30966522678185743"": [7, 4, 4], ""0.19425125989920805"": [243, 244, 242], ""0.19405327573794096"": [148, 125, 97], ""0.1700755939524838"": [86, 74, 48], ""0.13195464362850973"": [195, 178, 143]}"
2001,August,https://architecturaldigest.blob.core.windows.net/architecturaldigest20010801thumbnails/Covers/0x600/20010801.jpg,"[{'title': 'JEAN-MICHEL FRANK in Argentina', 'link': 'https://archive.architecturaldigest.com/article/2001/8/jean-michel-frank-in-argentina'}, {'title': 'SPECIAL SECTION—INTERNATIONAL ESTATES', 'link': 'https://archive.architecturaldigest.com/article/2001/8/special-section-international-estates'}, {'title': 'Rajasthani Reinvention', 'link': 'https://archive.architecturaldigest.com/article/2001/8/rajasthani-reinvention'}]",Summer,black,whitesmoke,grey,darkgrey,darkolivegreen,"{""0.24268178545716343"": [104, 91, 61], ""0.19528797696184305"": [39, 33, 19], ""0.18833693304535637"": [238, 241, 243], ""0.18809215262778978"": [162, 139, 97], ""0.18560115190784737"": [137, 160, 170]}"
2001,September,https://architecturaldigest.blob.core.windows.net/architecturaldigest20010901thumbnails/Covers/0x600/20010901.jpg,"[{'title': 'THE ART OF THE INTERIOR', 'link': 'https://archive.architecturaldigest.com/article/2001/9/the-art-of-the-interior'}, {'title': 'MONA SIMPSON', 'link': 'https://archive.architecturaldigest.com/article/2001/9/mona-simpson'}, {'title': 'DESIGNERS at LARGE', 'link': 'https://archive.architecturaldigest.com/article/2001/9/designers-at-large'}]",Fall,rosybrown,darkslategrey,sienna,tan,whitesmoke,"{""0.2146688264938805"": [242, 240, 240], ""0.20419366450683946"": [168, 141, 111], ""0.20121310295176387"": [49, 41, 42], ""0.19687185025197984"": [136, 91, 66], ""0.18305255579553636"": [206, 185, 154]}"
2001,October,https://architecturaldigest.blob.core.windows.net/architecturaldigest20011001thumbnails/Covers/0x600/20011001.jpg,"[{'title': 'La Fiorentina', 'link': 'https://archive.architecturaldigest.com/article/2001/10/la-fiorentina'}, {'title': 'ANNE EDWARDS', 'link': 'https://archive.architecturaldigest.com/article/2001/10/anne-edwards'}, {'title': 'The Collecting Impulse', 'link': 'https://archive.architecturaldigest.com/article/2001/10/the-collecting-impulse'}]",Fall,sienna,whitesmoke,steelblue,black,rosybrown,"{""0.29284377249820015"": [177, 139, 114], ""0.2700683945284377"": [130, 82, 52], ""0.19334773218142548"": [240, 240, 240], ""0.15165586753059757"": [44, 103, 190], ""0.09208423326133909"": [31, 22, 34]}"
2001,November,https://architecturaldigest.blob.core.windows.net/architecturaldigest20011101thumbnails/Covers/0x600/20011101.jpg,"[{'title': 'DESIGNERS at LARGE', 'link': 'https://archive.architecturaldigest.com/article/2001/11/designers-at-large'}, {'title': 'Glamis Castle', 'link': 'https://archive.architecturaldigest.com/article/2001/11/glamis-castle'}, {'title': 'Van Day Truex', 'link': 'https://archive.architecturaldigest.com/article/2001/11/van-day-truex'}]",Fall,sienna,darkolivegreen,whitesmoke,rosybrown,black,"{""0.2942944564434845"": [19, 12, 8], ""0.23122030237580993"": [133, 93, 56], ""0.18576673866090712"": [76, 54, 30], ""0.18051115910727142"": [245, 242, 238], ""0.108207343412527"": [190, 149, 111]}"
2001,December,https://architecturaldigest.blob.core.windows.net/architecturaldigest20011201thumbnails/Covers/0x600/20011201.jpg,"[{'title': 'PRESENTS WITH PROVENANCE', 'link': 'https://archive.architecturaldigest.com/article/2001/12/presents-with-provenance'}, {'title': 'Don Imus', 'link': 'https://archive.architecturaldigest.com/article/2001/12/don-imus'}, {'title': 'THE MAGIC OF MIAMI', 'link': 'https://archive.architecturaldigest.com/article/2001/12/the-magic-of-miami'}]",Winter,whitesmoke,peru,black,burlywood,saddlebrown,"{""0.2656083513318934"": [122, 70, 39], ""0.2308099352051836"": [245, 243, 240], ""0.2187257019438445"": [181, 109, 59], ""0.18975881929445645"": [50, 32, 19], ""0.09509719222462203"": [212, 179, 121]}"
2002,January,https://architecturaldigest.blob.core.windows.net/architecturaldigest20020101thumbnails/Covers/0x600/20020101.jpg,"[{'title': 'The AD 100', 'link': 'https://archive.architecturaldigest.com/article/2002/1/the-ad-100'}, {'title': 'Shope Reno Wharton', 'link': 'https://archive.architecturaldigest.com/article/2002/1/shope-reno-wharton'}, {'title': 'Elissa Cullman', 'link': 'https://archive.architecturaldigest.com/article/2002/1/elissa-cullman'}]",Winter,whitesmoke,dimgrey,silver,darkslategrey,grey,"{""0.279247660187185"": [143, 142, 139], ""0.2537257019438445"": [240, 239, 238], ""0.2069258459323254"": [105, 102, 97], ""0.17296616270698345"": [183, 182, 180], ""0.08713462922966163"": [42, 38, 34]}"
2002,February,https://architecturaldigest.blob.core.windows.net/architecturaldigest20020201thumbnails/Covers/0x600/20020201.jpg,"[{'title': 'A HOUSE WANTS WHAT IT WANTS', 'link': 'https://archive.architecturaldigest.com/article/2002/2/a-house-wants-what-it-wants'}, {'title': 'EDITORS SELECT PROPERTIES AROUND THE WORLD', 'link': 'https://archive.architecturaldigest.com/article/2002/2/editors-select-properties-around-the-world'}, {'title': ""CANVASSING ENGLAND'S COUNTRYSIDE"", 'link': 'https://archive.architecturaldigest.com/article/2002/2/canvassing-englands-countryside'}]",Winter,darkslategrey,grey,cornflowerblue,darkslateblue,whitesmoke,"{""0.2958963282937365"": [238, 240, 242], ""0.25147948164146866"": [63, 48, 51], ""0.17320374370050395"": [148, 127, 120], ""0.16198704103671707"": [111, 143, 213], ""0.11743340532757379"": [43, 76, 156]}"
2002,March,https://architecturaldigest.blob.core.windows.net/architecturaldigest20020301thumbnails/Covers/0x600/20020301.jpg,"[{'title': 'A Season in the Spanish Sun', 'link': 'https://archive.architecturaldigest.com/article/2002/3/a-season-in-the-spanish-sun'}, {'title': 'An Ocean of ART', 'link': 'https://archive.architecturaldigest.com/article/2002/3/an-ocean-of-art'}, {'title': ""Georgia O'Keeffe's Ghost Ranch"", 'link': 'https://archive.architecturaldigest.com/article/2002/3/georgia-okeeffes-ghost-ranch'}]",Spring,rosybrown,whitesmoke,darkslategrey,steelblue,dimgrey,"{""0.3229841612670986"": [127, 102, 70], ""0.21559395248380128"": [176, 155, 121], ""0.1925773938084953"": [240, 239, 237], ""0.1717566594672426"": [57, 40, 32], ""0.09708783297336213"": [58, 96, 179]}"
2002,April,https://architecturaldigest.blob.core.windows.net/architecturaldigest20020401thumbnails/Covers/0x600/20020401.jpg,"[{'title': 'Mary Meehan', 'link': 'https://archive.architecturaldigest.com/article/2002/4/mary-meehan'}, {'title': 'DESIGNERS at LARGE', 'link': 'https://archive.architecturaldigest.com/article/2002/4/designers-at-large'}, {'title': 'Industrial Strength', 'link': 'https://archive.architecturaldigest.com/article/2002/4/industrial-strength'}]",Spring,whitesmoke,lightgrey,rosybrown,darkslategrey,black,"{""0.38385169186465085"": [25, 21, 22], ""0.23773218142548597"": [244, 242, 242], ""0.15731461483081355"": [208, 202, 199], ""0.13774298056155507"": [159, 144, 140], ""0.0833585313174946"": [88, 77, 76]}"
2002,May,https://architecturaldigest.blob.core.windows.net/architecturaldigest20020501thumbnails/Covers/0x600/20020501.jpg,"[{'title': 'El Convento', 'link': 'https://archive.architecturaldigest.com/article/2002/5/el-convento'}, {'title': 'Drama in Two Acts', 'link': 'https://archive.architecturaldigest.com/article/2002/5/drama-in-two-acts'}, {'title': 'DESIGNERS at LARGE', 'link': 'https://archive.architecturaldigest.com/article/2002/5/designers-at-large'}]",Spring,lavender,grey,silver,darkslategrey,black,"{""0.34045716342692584"": [23, 10, 11], ""0.22741180705543557"": [235, 235, 236], ""0.14892368610511159"": [146, 125, 99], ""0.14226781857451404"": [188, 184, 180], ""0.14093952483801295"": [67, 53, 53]}"
2002,June,https://architecturaldigest.blob.core.windows.net/architecturaldigest20020601thumbnails/Covers/0x600/20020601.jpg,"[{'title': 'Far from the Madding Crowd', 'link': 'https://archive.architecturaldigest.com/article/2002/6/far-from-the-madding-crowd'}, {'title': 'At Play on Neshobe Island', 'link': 'https://archive.architecturaldigest.com/article/2002/6/at-play-on-neshobe-island'}, {'title': 'Revisiting Truman Capote', 'link': 'https://archive.architecturaldigest.com/article/2002/6/revisiting-truman-capote'}]",Summer,whitesmoke,dimgrey,black,tan,darkolivegreen,"{""0.2975161987041037"": [91, 68, 49], ""0.20480921526277898"": [243, 240, 239], ""0.20075953923686105"": [142, 113, 77], ""0.17513678905687546"": [45, 29, 20], ""0.12177825773938085"": [201, 173, 123]}"
2002,July,https://architecturaldigest.blob.core.windows.net/architecturaldigest20020701thumbnails/Covers/0x600/20020701.jpg,"[{'title': ""Italy's Palazzo Sasso"", 'link': 'https://archive.architecturaldigest.com/article/2002/7/italys-palazzo-sasso'}, {'title': 'Three if by Sea', 'link': 'https://archive.architecturaldigest.com/article/2002/7/three-if-by-sea'}, {'title': 'Michael Douglas and Catherine Zeta-Jones in Bermuda', 'link': 'https://archive.architecturaldigest.com/article/2002/7/michael-doug1as-and-catherine-zeta-jones-in-bermuda'}]",Summer,whitesmoke,darkolivegreen,darkgrey,black,grey,"{""0.24439164866810656"": [146, 121, 104], ""0.22511879049676026"": [244, 242, 242], ""0.2228185745140389"": [93, 62, 49], ""0.1655759539236861"": [191, 174, 166], ""0.1420950323974082"": [17, 12, 11]}"
2002,August,https://architecturaldigest.blob.core.windows.net/architecturaldigest20020801thumbnails/Covers/0x600/20020801.jpg,"[{'title': 'Sailing the Oceans Blue', 'link': 'https://archive.architecturaldigest.com/article/2002/8/sailing-the-oceans-blue'}, {'title': 'Lord Glenconner on St. Lucia', 'link': 'https://archive.architecturaldigest.com/article/2002/8/lord-glenconner-on-st-lucia'}, {'title': 'Cher', 'link': 'https://archive.architecturaldigest.com/article/2002/8/cher'}]",Summer,darkolivegreen,darkgrey,grey,black,lavender,"{""0.366695464362851"": [231, 235, 242], ""0.23504679625629948"": [88, 78, 63], ""0.166414686825054"": [158, 173, 191], ""0.1275773938084953"": [139, 128, 107], ""0.10426565874730022"": [38, 31, 27]}"
2002,September,https://architecturaldigest.blob.core.windows.net/architecturaldigest20020901thumbnails/Covers/0x600/20020901.jpg,"[{'title': 'DESIGNERS at LARGE', 'link': 'https://archive.architecturaldigest.com/article/2002/9/designers-at-large'}, {'title': 'Editors Select Properties Around the World', 'link': 'https://archive.architecturaldigest.com/article/2002/9/editors-select-properties-around-the-world'}, {'title': 'Exploring Santa Barbara', 'link': 'https://archive.architecturaldigest.com/article/2002/9/exploring-santa-barbara'}]",Fall,black,linen,rosybrown,steelblue,saddlebrown,"{""0.29090352771778255"": [118, 73, 49], ""0.2732253419726422"": [32, 24, 21], ""0.2393484521238301"": [240, 238, 235], ""0.13434125269978403"": [179, 145, 106], ""0.062181425485961124"": [98, 129, 174]}"
2002,October,https://architecturaldigest.blob.core.windows.net/architecturaldigest20021001thumbnails/Covers/0x600/20021001.jpg,"[{'title': 'DESIGNERS at LARGE', 'link': 'https://archive.architecturaldigest.com/article/2002/10/designers-at-large'}, {'title': 'Romancing the Lodge', 'link': 'https://archive.architecturaldigest.com/article/2002/10/romancing-the-lodge'}, {'title': 'Strokes of Genius', 'link': 'https://archive.architecturaldigest.com/article/2002/10/strokes-of-genius'}]",Fall,darkolivegreen,whitesmoke,tan,black,grey,"{""0.2254607631389489"": [138, 127, 103], ""0.2204535637149028"": [84, 77, 65], ""0.20684665226781856"": [243, 245, 245], ""0.1794996400287977"": [201, 182, 150], ""0.16773938084953205"": [27, 24, 23]}"
2002,November,https://architecturaldigest.blob.core.windows.net/architecturaldigest20021101thumbnails/Covers/0x600/20021101.jpg,"[{'title': 'DESIGNERS at LARGE', 'link': 'https://archive.architecturaldigest.com/article/2002/11/designers-at-large'}, {'title': 'Ralph Lauren', 'link': 'https://archive.architecturaldigest.com/article/2002/11/ralph-lauren'}, {'title': ""Harry Potter's Secret World"", 'link': 'https://archive.architecturaldigest.com/article/2002/11/harry-potters-secret-world'}]",Fall,peru,saddlebrown,burlywood,black,whitesmoke,"{""0.2779697624190065"": [245, 241, 240], ""0.21919366450683944"": [183, 133, 95], ""0.20267818574514038"": [123, 67, 49], ""0.1758135349172066"": [229, 191, 166], ""0.12434485241180705"": [30, 18, 15]}"
2002,December,https://architecturaldigest.blob.core.windows.net/architecturaldigest20021201thumbnails/Covers/0x600/20021201.jpg,"[{'title': 'Jamie Lee Curtis and Christoper Guest', 'link': 'https://archive.architecturaldigest.com/article/2002/12/jamie-lee-ctrtis-and-christoper-guest'}, {'title': 'Mimi London', 'link': 'https://archive.architecturaldigest.com/article/2002/12/mimi-london'}, {'title': 'DESIGNERS at LARGE', 'link': 'https://archive.architecturaldigest.com/article/2002/12/designers-at-large'}]",Winter,lavender,slategrey,darkslategrey,darkslateblue,darkgrey,"{""0.29239020878329736"": [138, 161, 190], ""0.2880381569474442"": [232, 239, 243], ""0.2124226061915047"": [103, 119, 130], ""0.12280057595392369"": [66, 76, 71], ""0.08434845212383009"": [48, 89, 161]}"
2003,January,https://architecturaldigest.blob.core.windows.net/architecturaldigest20030101thumbnails/Covers/0x600/20030101.jpg,"[{'title': 'Houghton Hall Rediscovered', 'link': 'https://archive.architecturaldigest.com/article/2003/1/houghton-hall-rediscovered'}, {'title': 'A Manor for All Seasons', 'link': 'https://archive.architecturaldigest.com/article/2003/1/a-manor-for-all-seasons'}, {'title': 'We Visit Again...Royal Residences and Stately Homes of England', 'link': 'https://archive.architecturaldigest.com/article/2003/1/royal-residences-and-stately-homes-of-england'}]",Winter,whitesmoke,silver,darkkhaki,dimgrey,black,"{""0.3049244060475162"": [21, 22, 32], ""0.24457163426925846"": [242, 242, 242], ""0.18770338372930165"": [197, 188, 174], ""0.1497660187185025"": [189, 150, 104], ""0.11303455723542116"": [111, 103, 95]}"
2003,February,https://architecturaldigest.blob.core.windows.net/architecturaldigest20030201thumbnails/Covers/0x600/20030201.jpg,"[{'title': 'DESIGNERS at LARGE', 'link': 'https://archive.architecturaldigest.com/article/2003/2/designers-at-large'}, {'title': 'Classic with a Twist', 'link': 'https://archive.architecturaldigest.com/article/2003/2/classic-with-a-twist'}, {'title': 'Can We TALK?', 'link': 'https://archive.architecturaldigest.com/article/2003/2/can-we-talk'}]",Winter,grey,whitesmoke,silver,darkslategrey,rosybrown,"{""0.30089992800575954"": [182, 159, 123], ""0.2725953923686105"": [144, 127, 98], ""0.20653707703383728"": [242, 242, 243], ""0.11939164866810655"": [174, 178, 191], ""0.10057595392368611"": [51, 44, 34]}"
2003,March,https://architecturaldigest.blob.core.windows.net/architecturaldigest20030301thumbnails/Covers/0x600/20030301.jpg,"[{'title': 'Sally Quinn', 'link': 'https://archive.architecturaldigest.com/article/2003/3/sally-quinn'}, {'title': 'DESIGNERS at LARGE', 'link': 'https://archive.architecturaldigest.com/article/2003/3/designers-at-large'}, {'title': 'TIME OUT in Key West', 'link': 'https://archive.architecturaldigest.com/article/2003/3/time-out-in-key-west'}]",Spring,whitesmoke,darkolivegreen,black,rosybrown,sienna,"{""0.2569906407487401"": [168, 108, 68], ""0.24553635709143268"": [245, 242, 240], ""0.17637868970482362"": [91, 63, 59], ""0.1743592512598992"": [23, 15, 13], ""0.1467350611951044"": [182, 158, 150]}"
2003,April,https://architecturaldigest.blob.core.windows.net/architecturaldigest20030401thumbnails/Covers/0x600/20030401.jpg,"[{'title': 'DESIGNERS at LARGE', 'link': 'https://archive.architecturaldigest.com/article/2003/4/designers-at-large'}, {'title': 'Attitude Adjustment', 'link': 'https://archive.architecturaldigest.com/article/2003/4/attitude-adjustment'}, {'title': ""Boston's Bounties"", 'link': 'https://archive.architecturaldigest.com/article/2003/4/bostons-bounties'}]",Spring,dimgrey,darkolivegreen,grey,black,darkgrey,"{""0.27210943124550035"": [174, 164, 153], ""0.26857091432685387"": [116, 96, 77], ""0.23323254139668825"": [81, 68, 54], ""0.1603023758099352"": [157, 131, 104], ""0.06578473722102232"": [30, 25, 23]}"
2003,May,https://architecturaldigest.blob.core.windows.net/architecturaldigest20030501thumbnails/Covers/0x600/20030501.jpg,"[{'title': 'The Great Design Issue', 'link': 'https://archive.architecturaldigest.com/article/2003/5/the-great-design-issue'}, {'title': 'Pavilion of Treaties', 'link': 'https://archive.architecturaldigest.com/article/2003/5/pavilion-of-treaties'}, {'title': 'The Elements of STYLE', 'link': 'https://archive.architecturaldigest.com/article/2003/5/the-elements-of-style'}]",Spring,slategrey,darkslategrey,darkgrey,black,whitesmoke,"{""0.4757631389488841"": [242, 241, 241], ""0.18817854571634268"": [99, 110, 144], ""0.15875809935205185"": [61, 67, 83], ""0.10442404607631389"": [177, 175, 178], ""0.07287616990640748"": [19, 19, 27]}"
2003,June,https://architecturaldigest.blob.core.windows.net/architecturaldigest20030601thumbnails/Covers/0x600/20030601.jpg,"[{'title': ""Betsy's World—Part I"", 'link': 'https://archive.architecturaldigest.com/article/2003/6/betsys-world-part-i'}, {'title': 'Editors Select American Country Houses', 'link': 'https://archive.architecturaldigest.com/article/2003/6/editors-select-american-country-houses'}, {'title': 'DESIGNERS at LARGE', 'link': 'https://archive.architecturaldigest.com/article/2003/6/designers-at-large'}]",Summer,black,whitesmoke,darkolivegreen,grey,tan,"{""0.2462814974802016"": [203, 183, 151], ""0.21796976241900648"": [31, 16, 9], ""0.19068394528437724"": [245, 242, 237], ""0.17631029517638588"": [100, 73, 48], ""0.1687544996400288"": [157, 127, 90]}"
2003,July,https://architecturaldigest.blob.core.windows.net/architecturaldigest20030701thumbnails/Covers/0x600/20030701.jpg,"[{'title': 'Modernism REVISITED', 'link': 'https://archive.architecturaldigest.com/article/2003/7/modernism-revisited'}, {'title': 'Imus in the Afternoon', 'link': 'https://archive.architecturaldigest.com/article/2003/7/imus-in-the-afternoon'}, {'title': ""Betsy's World—Part II"", 'link': 'https://archive.architecturaldigest.com/article/2003/7/betsys-world-part-ii'}]",Summer,grey,whitesmoke,darkgrey,,darkslategrey,"{""0.2741396688264939"": [85, 81, 81], ""0.24438084953203743"": [128, 124, 133], ""0.23003959683225342"": [239, 240, 240], ""0.1553959683225342"": [165, 169, 188], ""0.09604391648668106"": [41, 37, 41]}"
2003,August,https://architecturaldigest.blob.core.windows.net/architecturaldigest20030801thumbnails/Covers/0x600/20030801.jpg,"[{'title': 'A Japanese Expression', 'link': 'https://archive.architecturaldigest.com/article/2003/8/a-japanese-expression'}, {'title': 'Frank Gehry', 'link': 'https://archive.architecturaldigest.com/article/2003/8/frank-gehry'}, {'title': 'Ottoman Revival', 'link': 'https://archive.architecturaldigest.com/article/2003/8/ottoman-revival'}]",Summer,black,linen,peru,rosybrown,darkolivegreen,"{""0.35511879049676026"": [99, 75, 37], ""0.23124910007199423"": [37, 35, 16], ""0.17254139668826493"": [246, 242, 236], ""0.12416486681065515"": [203, 121, 47], ""0.11692584593232541"": [177, 155, 129]}"
2003,September,https://architecturaldigest.blob.core.windows.net/architecturaldigest20030901thumbnails/Covers/0x600/20030901.jpg,"[{'title': 'Designers Discover Design', 'link': 'https://archive.architecturaldigest.com/article/2003/9/designers-discover-design'}, {'title': 'Editors Select Properties Around the World', 'link': 'https://archive.architecturaldigest.com/article/2003/9/editors-select-properties-around-the-world'}, {'title': 'The House of Patou', 'link': 'https://archive.architecturaldigest.com/article/2003/9/the-house-of-patou'}]",Fall,whitesmoke,darkslategrey,darkgrey,black,grey,"{""0.26193664506839454"": [144, 125, 110], ""0.2201799856011519"": [242, 241, 240], ""0.21025917926565874"": [80, 71, 70], ""0.16879049676025917"": [191, 175, 163], ""0.13883369330453563"": [40, 29, 22]}"
2003,October,https://architecturaldigest.blob.core.windows.net/architecturaldigest20031001thumbnails/Covers/0x600/20031001.jpg,"[{'title': 'ARCHITECTURAL DIGEST VISITS DENNIS QUAID', 'link': 'https://archive.architecturaldigest.com/article/2003/10/architectural-digest-visits-dennis-quaid'}, {'title': 'Being Star Jones', 'link': 'https://archive.architecturaldigest.com/article/2003/10/being-star-jones'}, {'title': 'Jaquelin T. Robertson', 'link': 'https://archive.architecturaldigest.com/article/2003/10/jaquelin-t-robertson'}]",Fall,whitesmoke,peru,black,slategrey,darkolivegreen,"{""0.25362491000719944"": [92, 77, 63], ""0.21657667386609072"": [244, 241, 239], ""0.2112455003599712"": [167, 133, 85], ""0.17909647228221742"": [31, 22, 16], ""0.13945644348452124"": [104, 122, 150]}"
2003,November,https://architecturaldigest.blob.core.windows.net/architecturaldigest20031101thumbnails/Covers/0x600/20031101.jpg,"[{'title': 'Designers Discover Design', 'link': 'https://archive.architecturaldigest.com/article/2003/11/designers-discover-design'}, {'title': 'Style at Sea for Giorgio Armani', 'link': 'https://archive.architecturaldigest.com/article/2003/11/style-at-sea-for-giorgio-armani'}, {'title': 'The Bentley Continental GT', 'link': 'https://archive.architecturaldigest.com/article/2003/11/the-bentley-continental-gt'}]",Fall,black,darkolivegreen,grey,tan,whitesmoke,"{""0.23963642908567315"": [243, 243, 241], ""0.23410007199424046"": [27, 24, 22], ""0.21467602591792656"": [92, 67, 54], ""0.21424046076313896"": [134, 123, 101], ""0.09734701223902088"": [188, 175, 152]}"
2003,December,https://architecturaldigest.blob.core.windows.net/architecturaldigest20031201thumbnails/Covers/0x600/20031201.jpg,"[{'title': 'A History in Dolls', 'link': 'https://archive.architecturaldigest.com/article/2003/12/a-history-in-dolls'}, {'title': 'West Palm Beachcombing', 'link': 'https://archive.architecturaldigest.com/article/2003/12/west-palm-beachcombing'}, {'title': 'A Beautiful Balance', 'link': 'https://archive.architecturaldigest.com/article/2003/12/a-beautiful-balance'}]",Winter,silver,whitesmoke,dimgrey,steelblue,rosybrown,"{""0.3417530597552196"": [170, 151, 130], ""0.24946724262059036"": [197, 188, 185], ""0.22630669546436286"": [241, 243, 244], ""0.16884449244060476"": [134, 110, 86], ""0.013628509719222462"": [47, 132, 153]}"
2004,January,https://architecturaldigest.blob.core.windows.net/architecturaldigest20040101thumbnails/Covers/0x600/20040101.jpg,"[{'title': 'The AD 100', 'link': 'https://archive.architecturaldigest.com/article/2004/1/the-ad-100'}, {'title': 'A Jewel in Georgetown', 'link': 'https://archive.architecturaldigest.com/article/2004/1/a-jewel-in-georgetown'}, {'title': 'Escape from New York', 'link': 'https://archive.architecturaldigest.com/article/2004/1/escape-from-new-york'}]",Winter,whitesmoke,tan,darkslategrey,steelblue,grey,"{""0.37633909287257017"": [160, 131, 94], ""0.2763030957523398"": [243, 242, 238], ""0.2556803455723542"": [200, 182, 148], ""0.046655867530597556"": [32, 50, 88], ""0.04502159827213823"": [77, 103, 148]}"
2004,February,https://architecturaldigest.blob.core.windows.net/architecturaldigest20040201thumbnails/Covers/0x600/20040201.jpg,"[{'title': 'Designers Discover Design', 'link': 'https://archive.architecturaldigest.com/article/2004/2/designers-discover-design'}, {'title': 'Apartment 73C', 'link': 'https://archive.architecturaldigest.com/article/2004/2/apartment-73-c'}, {'title': ""ARCHITECTURAL DIGEST's First and Only DESIGN EXHIBIT"", 'link': 'https://archive.architecturaldigest.com/article/2004/2/architectural-digests-first-and-only-design-exhibit'}]",Winter,black,linen,grey,tan,saddlebrown,"{""0.23899568034557236"": [144, 75, 36], ""0.2236969042476602"": [54, 28, 16], ""0.20431605471562275"": [242, 239, 236], ""0.20283297336213102"": [153, 130, 89], ""0.1301583873290137"": [200, 178, 130]}"
2004,March,https://architecturaldigest.blob.core.windows.net/architecturaldigest20040301thumbnails/Covers/0x600/20040301.jpg,"[{'title': 'George Lucas at Skywalker Ranch', 'link': 'https://archive.architecturaldigest.com/article/2004/3/george-lucas-at-skywalker-ranch'}, {'title': 'Designers Discover Design', 'link': 'https://archive.architecturaldigest.com/article/2004/3/designers-discover-design'}, {'title': 'Coming Home to Baton Rouge', 'link': 'https://archive.architecturaldigest.com/article/2004/3/coming-home-to-baton-rouge'}]",Spring,peru,saddlebrown,whitesmoke,darksalmon,black,"{""0.3025305975521958"": [38, 29, 28], ""0.20586393088552915"": [179, 113, 50], ""0.19585673146148308"": [134, 60, 28], ""0.15879769618430525"": [245, 240, 238], ""0.1369510439164867"": [210, 159, 102]}"
2004,April,https://architecturaldigest.blob.core.windows.net/architecturaldigest20040401thumbnails/Covers/0x600/20040401.jpg,"[{'title': 'Designers Discover Design', 'link': 'https://archive.architecturaldigest.com/article/2004/4/designers-discover-design'}, {'title': 'John Travolta and Kelly Preston', 'link': 'https://archive.architecturaldigest.com/article/2004/4/john-travolta-and-kelly-preston'}, {'title': ""Kenneth's House Style"", 'link': 'https://archive.architecturaldigest.com/article/2004/4/kenneths-house-style'}]",Spring,whitesmoke,darkgrey,darkslategrey,darkkhaki,dimgrey,"{""0.33993160547156226"": [101, 111, 94], ""0.18300575953923687"": [238, 243, 243], ""0.1680453563714903"": [142, 174, 185], ""0.16077033837293017"": [59, 58, 44], ""0.1482469402447804"": [171, 154, 108]}"
2004,May,https://architecturaldigest.blob.core.windows.net/architecturaldigest20040501thumbnails/Covers/0x600/20040501.jpg,"[{'title': 'The Great Design Issue', 'link': 'https://archive.architecturaldigest.com/article/2004/5/the-great-design-issue'}, {'title': 'Taliesin Reconsidered', 'link': 'https://archive.architecturaldigest.com/article/2004/5/taliesin-reconsidered'}, {'title': 'Freedom from Convention', 'link': 'https://archive.architecturaldigest.com/article/2004/5/freedom-from-convention'}]",Spring,peru,dimgrey,black,darkgrey,whitesmoke,"{""0.33244060475161985"": [244, 242, 238], ""0.18412886969042477"": [193, 144, 75], ""0.17376169906407488"": [100, 97, 104], ""0.16320014398848093"": [32, 25, 27], ""0.14646868250539957"": [172, 168, 176]}"
2004,June,https://architecturaldigest.blob.core.windows.net/architecturaldigest20040601thumbnails/Covers/0x600/20040601.jpg,"[{'title': 'Designers Discover Design', 'link': 'https://archive.architecturaldigest.com/article/2004/6/disigners-discover-design'}, {'title': 'Vineyard ROMANCE', 'link': 'https://archive.architecturaldigest.com/article/2004/6/vineyard-romance'}, {'title': 'Raising the Roof in Roxbury', 'link': 'https://archive.architecturaldigest.com/article/2004/6/raising-the-roof-in-roxbury'}]",Summer,saddlebrown,whitesmoke,peru,black,sienna,"{""0.29351331893448523"": [167, 99, 54], ""0.21955363570914327"": [110, 71, 36], ""0.1824802015838733"": [246, 243, 239], ""0.18229661627069835"": [199, 146, 97], ""0.12215622750179986"": [55, 29, 12]}"
2004,July,https://architecturaldigest.blob.core.windows.net/architecturaldigest20040701thumbnails/Covers/0x600/20040701.jpg,"[{'title': 'Tropical Infusion', 'link': 'https://archive.architecturaldigest.com/article/2004/7/tropical-infusion'}, {'title': 'Ted Turner', 'link': 'https://archive.architecturaldigest.com/article/2004/7/ted-turner'}, {'title': 'Designers Discover Design', 'link': 'https://archive.architecturaldigest.com/article/2004/7/designers-discover-design'}]",Summer,darkolivegreen,silver,grey,black,whitesmoke,"{""0.27041036717062633"": [242, 241, 239], ""0.262170626349892"": [88, 82, 56], ""0.2148380129589633"": [194, 192, 187], ""0.14369330453563714"": [145, 137, 127], ""0.10888768898488121"": [35, 31, 22]}"
2004,August,https://architecturaldigest.blob.core.windows.net/architecturaldigest20040801thumbnails/Covers/0x600/20040801.jpg,"[{'title': 'Designers Discover Design', 'link': 'https://archive.architecturaldigest.com/article/2004/8/designers-discover-design'}, {'title': 'Reinterpreting the Classics', 'link': 'https://archive.architecturaldigest.com/article/2004/8/reinterpreting-the-classics'}, {'title': ""Retreat to St. Bart's"", 'link': 'https://archive.architecturaldigest.com/article/2004/8/retreat-to-st-barts'}]",Summer,whitesmoke,dimgrey,black,lightsteelblue,steelblue,"{""0.278959683225342"": [85, 132, 192], ""0.22844132469402448"": [238, 242, 239], ""0.18419726421886248"": [104, 101, 78], ""0.16383369330453565"": [47, 38, 26], ""0.1445680345572354"": [162, 185, 213]}"
2004,September,https://architecturaldigest.blob.core.windows.net/architecturaldigest20040901thumbnails/Covers/0x600/20040901.jpg,"[{'title': 'Designers Discover Design', 'link': 'https://archive.architecturaldigest.com/article/2004/9/designers-discover-design'}, {'title': 'Editors Select Properties Around the World', 'link': 'https://archive.architecturaldigest.com/article/2004/9/editors-select-properties-around-the-world'}, {'title': 'Roger Thomas', 'link': 'https://archive.architecturaldigest.com/article/2004/9/roger-thomas'}]",Fall,tan,sienna,saddlebrown,firebrick,linen,"{""0.3121022318214543"": [242, 238, 235], ""0.27706983441324695"": [192, 175, 154], ""0.2188768898488121"": [151, 112, 78], ""0.15172426205903528"": [83, 46, 24], ""0.040226781857451405"": [201, 16, 18]}"
2004,October,https://architecturaldigest.blob.core.windows.net/architecturaldigest20041001thumbnails/Covers/0x600/20041001.jpg,"[{'title': 'Designers Discover Design', 'link': 'https://archive.architecturaldigest.com/article/2004/10/designers-discover-design'}, {'title': 'A Stroll Through Tribeca', 'link': 'https://archive.architecturaldigest.com/article/2004/10/a-stroll-through-tribeca'}, {'title': 'John Loring in West Palm Beach', 'link': 'https://archive.architecturaldigest.com/article/2004/10/john-loring-in-west-palm-beach'}]",Fall,sienna,linen,darkkhaki,black,saddlebrown,"{""0.294244060475162"": [131, 70, 28], ""0.26480921526277895"": [171, 115, 59], ""0.1614038876889849"": [246, 242, 237], ""0.15590712742980561"": [212, 170, 113], ""0.12363570914326853"": [48, 21, 8]}"
2004,November,https://architecturaldigest.blob.core.windows.net/architecturaldigest20041101thumbnails/Covers/0x600/20041101.jpg,"[{'title': 'Discoveries by Designers', 'link': 'https://archive.architecturaldigest.com/article/2004/11/discoveries-by-designers'}, {'title': 'Order, Achieved', 'link': 'https://archive.architecturaldigest.com/article/2004/11/order-achieved'}, {'title': 'ROBERT ALLEN', 'link': 'https://archive.architecturaldigest.com/article/2004/11/robert-allen'}]",Fall,linen,black,dimgrey,darkgrey,darkolivegreen,"{""0.28359971202303813"": [86, 60, 37], ""0.22195824334053277"": [242, 234, 231], ""0.17523398128149748"": [17, 11, 6], ""0.1729985601151908"": [138, 112, 90], ""0.14620950323974083"": [195, 171, 163]}"
2004,December,https://architecturaldigest.blob.core.windows.net/architecturaldigest20041201thumbnails/Covers/0x600/20041201.jpg,"[{'title': 'Christian Dior', 'link': 'https://archive.architecturaldigest.com/article/2004/12/christian-dior'}, {'title': 'Discoveries by Designers', 'link': 'https://archive.architecturaldigest.com/article/2004/12/discoveries-by-designers'}, {'title': 'Nancy Reagan & Jacqueline Kennedy', 'link': 'https://archive.architecturaldigest.com/article/2004/12/nancy-reagan-jacqueline-kennedy'}]",Winter,darkslategrey,darkolivegreen,darkgrey,grey,lavender,"{""0.3460511159107271"": [233, 238, 238], ""0.2017638588912887"": [39, 45, 27], ""0.19079193664506838"": [98, 78, 53], ""0.14091792656587473"": [169, 169, 162], ""0.12047516198704104"": [122, 122, 111]}"
2005,January,https://architecturaldigest.blob.core.windows.net/architecturaldigest20050101thumbnails/Covers/0x600/20050101.jpg,"[{'title': 'Discoveries by Designers', 'link': 'https://archive.architecturaldigest.com/article/2005/1/discoveries-by-designers'}, {'title': 'Splendor in Manhattan', 'link': 'https://archive.architecturaldigest.com/article/2005/1/splendor-in-manhattan'}, {'title': 'From HERE to ETERNITY', 'link': 'https://archive.architecturaldigest.com/article/2005/1/from-here-to-eternity'}]",Winter,darkgrey,dimgrey,black,steelblue,lavender,"{""0.3930921526277898"": [232, 234, 238], ""0.2119438444924406"": [178, 180, 183], ""0.17126349892008638"": [99, 100, 107], ""0.1546688264938805"": [39, 31, 26], ""0.06903167746580273"": [61, 112, 197]}"
2005,February,https://architecturaldigest.blob.core.windows.net/architecturaldigest20050201thumbnails/Covers/0x600/20050201.jpg,"[{'title': 'Discoveries by Designers', 'link': 'https://archive.architecturaldigest.com/article/2005/2/discoveries-by-designers'}, {'title': 'An Architect IN RESIDENCE', 'link': 'https://archive.architecturaldigest.com/article/2005/2/an-architect-in-residence'}, {'title': 'Another Side of Paradise', 'link': 'https://archive.architecturaldigest.com/article/2005/2/another-side-of-paradise'}]",Winter,whitesmoke,saddlebrown,sandybrown,black,sienna,"{""0.2677105831533477"": [165, 91, 42], ""0.20733261339092873"": [245, 241, 238], ""0.202170626349892"": [115, 55, 26], ""0.18196904247660187"": [211, 161, 93], ""0.14081713462922965"": [33, 10, 5]}"
2005,March,https://architecturaldigest.blob.core.windows.net/architecturaldigest20050301thumbnails/Covers/0x600/20050301.jpg,"[{'title': 'Home and Away in Manhattan', 'link': 'https://archive.architecturaldigest.com/article/2005/3/home-and-away-in-manhattan'}, {'title': 'Discoveries by Designers', 'link': 'https://archive.architecturaldigest.com/article/2005/3/discoveries-by-designers'}, {'title': 'TUSCAN Renaissance', 'link': 'https://archive.architecturaldigest.com/article/2005/3/tuscan-renaissance'}]",Spring,darkolivegreen,darkslategrey,grey,saddlebrown,lavender,"{""0.4206983441324694"": [224, 234, 242], ""0.27475881929445645"": [91, 95, 64], ""0.16442764578833693"": [50, 40, 32], ""0.09160907127429806"": [148, 131, 120], ""0.048506119510439163"": [129, 57, 40]}"
2005,April,https://architecturaldigest.blob.core.windows.net/architecturaldigest20050401thumbnails/Covers/0x600/20050401.jpg,"[{'title': 'Discoveries by Designers', 'link': 'https://archive.architecturaldigest.com/article/2005/4/discoveries-by-designers'}, {'title': 'Affinity for OPULENCE', 'link': 'https://archive.architecturaldigest.com/article/2005/4/affinity-for-opulence'}, {'title': 'The French Connection', 'link': 'https://archive.architecturaldigest.com/article/2005/4/the-french-connection'}]",Spring,black,darkslategrey,grey,darkgrey,whitesmoke,"{""0.5025233981281497"": [244, 243, 242], ""0.2226241900647948"": [10, 6, 5], ""0.09903527717782577"": [71, 53, 38], ""0.09344132469402448"": [150, 118, 96], ""0.08237580993520519"": [192, 177, 168]}"
2005,May,https://architecturaldigest.blob.core.windows.net/architecturaldigest20050501thumbnails/Covers/0x600/20050501.jpg,"[{'title': 'Singular Vision', 'link': 'https://archive.architecturaldigest.com/article/2005/5/singular-vision'}, {'title': 'Napa Valley Expression', 'link': 'https://archive.architecturaldigest.com/article/2005/5/napa-valley-expression'}, {'title': 'Born of Invention', 'link': 'https://archive.architecturaldigest.com/article/2005/5/born-of-invention'}]",Spring,dimgrey,darkolivegreen,peru,darkgrey,whitesmoke,"{""0.24240100791936645"": [242, 244, 242], ""0.22977321814254859"": [89, 117, 122], ""0.2291144708423326"": [80, 52, 35], ""0.20338372930165588"": [196, 142, 62], ""0.09532757379409647"": [185, 182, 165]}"
2005,June,https://architecturaldigest.blob.core.windows.net/architecturaldigest20050601thumbnails/Covers/0x600/20050601.jpg,"[{'title': 'Discoveries by Designers', 'link': 'https://archive.architecturaldigest.com/article/2005/6/discoveries-by-designers'}, {'title': 'California Art Tiles', 'link': 'https://archive.architecturaldigest.com/article/2005/6/california-art-tiles'}, {'title': 'New York Thoroughberd', 'link': 'https://archive.architecturaldigest.com/article/2005/6/new-york-thoroughberd'}]",Summer,whitesmoke,sienna,grey,peru,darkslategrey,"{""0.28606191504679623"": [59, 47, 32], ""0.28521238300935925"": [237, 239, 239], ""0.18331533477321815"": [161, 68, 32], ""0.15421886249100072"": [128, 134, 128], ""0.09119150467962563"": [216, 152, 75]}"
2005,July,https://architecturaldigest.blob.core.windows.net/architecturaldigest20050701thumbnails/Covers/0x600/20050701.jpg,"[{'title': 'Senator and Mrs. John McCain', 'link': 'https://archive.architecturaldigest.com/article/2005/7/senator-and-mrs-john-mccain'}, {'title': 'Obsession à la Française', 'link': 'https://archive.architecturaldigest.com/article/2005/7/obsession-a-francaise'}, {'title': 'Discoveries by Designers', 'link': 'https://archive.architecturaldigest.com/article/2005/7/discoveries-by-designers'}]",Summer,black,sienna,tan,steelblue,linen,"{""0.31960763138948883"": [234, 231, 231], ""0.23010079193664507"": [35, 19, 22], ""0.16985601151907848"": [131, 80, 67], ""0.1697552195824334"": [200, 166, 160], ""0.1106803455723542"": [86, 110, 182]}"
2005,August,https://architecturaldigest.blob.core.windows.net/architecturaldigest20050801thumbnails/Covers/0x600/20050801.jpg,"[{'title': 'Discoveries by Designers', 'link': 'https://archive.architecturaldigest.com/article/2005/8/discoveries-by-designers'}, {'title': 'A Cape Dutch ORIGINAL', 'link': 'https://archive.architecturaldigest.com/article/2005/8/a-cape-dutch-original'}, {'title': 'The Tropic of Punta Cana', 'link': 'https://archive.architecturaldigest.com/article/2005/8/the-tropic-of-punta-cana'}]",Summer,skyblue,lightslategrey,darkolivegreen,black,linen,"{""0.30104391648668105"": [235, 232, 228], ""0.24607991360691145"": [141, 169, 218], ""0.16628509719222462"": [110, 132, 163], ""0.15"": [89, 78, 59], ""0.13659107271418286"": [28, 24, 14]}"
2005,September,https://architecturaldigest.blob.core.windows.net/architecturaldigest20050901thumbnails/Covers/0x600/20050901.jpg,"[{'title': 'Discoveries by Designers', 'link': 'https://archive.architecturaldigest.com/article/2005/9/discoveries-by-designers'}, {'title': 'Editors Select Properties Around the World', 'link': 'https://archive.architecturaldigest.com/article/2005/9/editors-select-properties-around-the-world'}, {'title': 'Joseph Giovannini', 'link': 'https://archive.architecturaldigest.com/article/2005/9/joseph-giovannini'}]",Fall,linen,khaki,sienna,black,sandybrown,"{""0.31192944564434844"": [223, 166, 78], ""0.22067314614830813"": [247, 242, 232], ""0.21943124550035997"": [240, 213, 143], ""0.14519438444924407"": [157, 108, 47], ""0.10277177825773938"": [58, 35, 12]}"
2005,October,https://architecturaldigest.blob.core.windows.net/architecturaldigest20051001thumbnails/Covers/0x600/20051001.jpg,"[{'title': 'Architectural Digest Hollywood at Home', 'link': 'https://archive.architecturaldigest.com/article/2005/10/architectural-digest-hollywood-at-home'}, {'title': 'Discoveries by Designers', 'link': 'https://archive.architecturaldigest.com/article/2005/10/discoveries-by-designers'}, {'title': ""Mark Rothko's Voice"", 'link': 'https://archive.architecturaldigest.com/article/2005/10/mark-rothkos-voice'}]",Fall,saddlebrown,black,darksalmon,dimgrey,linen,"{""0.364532037437005"": [242, 235, 226], ""0.24857811375089992"": [123, 70, 37], ""0.1820014398848092"": [42, 17, 10], ""0.13017278617710584"": [205, 156, 112], ""0.07471562275017998"": [116, 104, 105]}"
2005,November,https://architecturaldigest.blob.core.windows.net/architecturaldigest20051101thumbnails/Covers/0x600/20051101.jpg,"[{'title': 'Discoveries by Designers', 'link': 'https://archive.architecturaldigest.com/article/2005/11/discoveries-by-designers'}, {'title': 'Mateya Safari Lodge', 'link': 'https://archive.architecturaldigest.com/article/2005/11/mateya-safari-lodge'}, {'title': 'House of the Dolphins', 'link': 'https://archive.architecturaldigest.com/article/2005/11/house-of-the-dolphins'}]",Fall,dimgrey,slateblue,darkslategrey,gainsboro,darkgrey,"{""0.25389128869690425"": [162, 162, 180], ""0.2291720662347012"": [102, 102, 126], ""0.18686465082793377"": [92, 117, 210], ""0.16589272858171347"": [33, 34, 61], ""0.1641792656587473"": [221, 224, 235]}"
2005,December,https://architecturaldigest.blob.core.windows.net/architecturaldigest20051201thumbnails/Covers/0x600/20051201.jpg,"[{'title': 'Discoveries by Designers', 'link': 'https://archive.architecturaldigest.com/article/2005/12/discoveries-by-designers'}, {'title': 'The Country Life', 'link': 'https://archive.architecturaldigest.com/article/2005/12/the-country-life'}, {'title': 'A Colorful Legacy', 'link': 'https://archive.architecturaldigest.com/article/2005/12/a-colorful-legacy'}]",Winter,sienna,whitesmoke,steelblue,silver,darkolivegreen,"{""0.32191864650827934"": [82, 48, 30], ""0.25152267818574514"": [163, 110, 55], ""0.2109323254139669"": [246, 244, 241], ""0.11526277897768178"": [87, 107, 180], ""0.10036357091432685"": [202, 185, 168]}"
2006,January,https://architecturaldigest.blob.core.windows.net/architecturaldigest20060101thumbnails/Covers/0x600/20060101.jpg,"[{'title': 'Designer Secrets', 'link': 'https://archive.architecturaldigest.com/article/2006/1/designer-secrets'}, {'title': ""Lismore's Next Chapter"", 'link': 'https://archive.architecturaldigest.com/article/2006/1/lismores-next-chapter'}, {'title': 'A Seamless Whole', 'link': 'https://archive.architecturaldigest.com/article/2006/1/a-seamless-whole'}]",Winter,darkolivegreen,whitesmoke,darkkhaki,black,sienna,"{""0.28323974082073433"": [139, 106, 66], ""0.2507811375089993"": [104, 75, 45], ""0.18199424046076315"": [244, 243, 240], ""0.17791936645068396"": [174, 143, 100], ""0.1060655147588193"": [53, 34, 22]}"
2006,February,https://architecturaldigest.blob.core.windows.net/architecturaldigest20060201thumbnails/Covers/0x600/20060201.jpg,"[{'title': 'Latitude Adjustment', 'link': 'https://archive.architecturaldigest.com/article/2006/2/latitude-adjustment'}, {'title': 'Discoveries by Designers', 'link': 'https://archive.architecturaldigest.com/article/2006/2/discoveries-by-designers'}, {'title': 'The Treasures of Turin', 'link': 'https://archive.architecturaldigest.com/article/2006/2/the-treasures-of-turin'}]",Winter,lightslategrey,silver,gainsboro,teal,palevioletred,"{""0.23169186465082794"": [193, 110, 143], ""0.20410727141828652"": [124, 142, 189], ""0.20237940964722823"": [194, 181, 186], ""0.1824622030237581"": [237, 224, 219], ""0.1793592512598992"": [16, 94, 165]}"
2006,March,https://architecturaldigest.blob.core.windows.net/architecturaldigest20060301thumbnails/Covers/0x600/20060301.jpg,"[{'title': 'Discoveries by Designers', 'link': 'https://archive.architecturaldigest.com/article/2006/3/discoveries-by-designers'}, {'title': 'Hollywood Goes to Sea', 'link': 'https://archive.architecturaldigest.com/article/2006/3/hollywood-goes-to-sea'}, {'title': 'Great Movie Houses', 'link': 'https://archive.architecturaldigest.com/article/2006/3/great-movie-houses'}]",Spring,peru,saddlebrown,tan,black,firebrick,"{""0.2684773218142549"": [195, 67, 28], ""0.2501511879049676"": [163, 120, 78], ""0.20005399568034557"": [113, 70, 40], ""0.15565154787616992"": [200, 166, 132], ""0.12566594672426207"": [36, 15, 10]}"
2006,April,https://architecturaldigest.blob.core.windows.net/architecturaldigest20060401thumbnails/Covers/0x600/20060401.jpg,"[{'title': 'Discoveries by Designers', 'link': 'https://archive.architecturaldigest.com/article/2006/4/discoveries-by-designers'}, {'title': 'A Lot of Look for a Little', 'link': 'https://archive.architecturaldigest.com/article/2006/4/a-lot-of-look-for-a-little'}, {'title': ""Germany's House of Hesse"", 'link': 'https://archive.architecturaldigest.com/article/2006/4/germanys-house-of-hesse'}]",Spring,rosybrown,sienna,saddlebrown,whitesmoke,lightsteelblue,"{""0.2278581713462923"": [167, 182, 216], ""0.22674226061915045"": [173, 140, 134], ""0.19932325413966884"": [131, 87, 70], ""0.1889884809215263"": [79, 41, 27], ""0.15708783297336212"": [244, 241, 240]}"
2006,May,https://architecturaldigest.blob.core.windows.net/architecturaldigest20060501thumbnails/Covers/0x600/20060501.jpg,"[{'title': 'Elevating the Everyday', 'link': 'https://archive.architecturaldigest.com/article/2006/5/elevating-the-everyday'}, {'title': 'Mike Piazza at Home', 'link': 'https://archive.architecturaldigest.com/article/2006/5/mike-piazza-at-home'}, {'title': ""Frank Gehry's Japan"", 'link': 'https://archive.architecturaldigest.com/article/2006/5/frank-gehrys-japan'}]",Spring,darkkhaki,darkolivegreen,silver,black,whitesmoke,"{""0.25912167026637867"": [236, 240, 241], ""0.2554823614110871"": [178, 154, 107], ""0.17533837293016558"": [118, 89, 52], ""0.16960763138948884"": [185, 186, 174], ""0.14044996400287976"": [56, 26, 10]}"
2006,June,https://architecturaldigest.blob.core.windows.net/architecturaldigest20060601thumbnails/Covers/0x600/20060601.jpg,"[{'title': 'Discoveries by Designers', 'link': 'https://archive.architecturaldigest.com/article/2006/6/discoveries-by-designers'}, {'title': 'Editors Select Properties Around the World', 'link': 'https://archive.architecturaldigest.com/article/2006/6/editors-select-properties-around-the-world'}, {'title': 'Island Love Affair', 'link': 'https://archive.architecturaldigest.com/article/2006/6/island-love-affair'}]",Summer,sienna,tan,darkslategrey,grey,linen,"{""0.36003239740820736"": [242, 237, 231], ""0.24066234701223901"": [179, 77, 37], ""0.17198704103671705"": [213, 181, 138], ""0.11884449244060476"": [63, 52, 43], ""0.10847372210223181"": [137, 122, 116]}"
2006,July,https://architecturaldigest.blob.core.windows.net/architecturaldigest20060701thumbnails/Covers/0x600/20060701.jpg,"[{'title': 'The HOUSE WHISPERER', 'link': 'https://archive.architecturaldigest.com/article/2006/7/the-house-whisperer'}, {'title': 'Rethinking a Standard', 'link': 'https://archive.architecturaldigest.com/article/2006/7/rethinking-a-standard'}, {'title': 'Once Upon a Time', 'link': 'https://archive.architecturaldigest.com/article/2006/7/once-upon-a-time'}]",Summer,whitesmoke,grey,cornflowerblue,darkslategrey,silver,"{""0.3293016558675306"": [175, 180, 203], ""0.2198200143988481"": [237, 239, 244], ""0.18893088552915765"": [137, 125, 117], ""0.14264218862491002"": [100, 138, 205], ""0.11930525557955364"": [56, 60, 73]}"
2006,August,https://architecturaldigest.blob.core.windows.net/architecturaldigest20060801thumbnails/Covers/0x600/20060801.jpg,"[{'title': 'Dena Kaye', 'link': 'https://archive.architecturaldigest.com/article/2006/8/dena-kaye'}, {'title': 'Discoveries by Designers', 'link': 'https://archive.architecturaldigest.com/article/2006/8/discoveries-by-designers'}, {'title': 'Remembrances of Russia', 'link': 'https://archive.architecturaldigest.com/article/2006/8/remembrances-of-russia'}]",Summer,sandybrown,whitesmoke,saddlebrown,darkslateblue,peru,"{""0.30613030957523396"": [183, 116, 50], ""0.23089272858171347"": [229, 186, 95], ""0.2185385169186465"": [242, 242, 244], ""0.16615190784737222"": [83, 49, 22], ""0.07828653707703384"": [58, 73, 147]}"
2006,September,https://architecturaldigest.blob.core.windows.net/architecturaldigest20060901thumbnails/Covers/0x600/20060901.jpg,"[{'title': 'Discoveries by Designers', 'link': 'https://archive.architecturaldigest.com/article/2006/9/discoveries-by-designers'}, {'title': 'Juan Pablo Molyneux', 'link': 'https://archive.architecturaldigest.com/article/2006/9/juan-pablo-molyneux'}, {'title': 'Anatomy of an Acquisition', 'link': 'https://archive.architecturaldigest.com/article/2006/9/anatomy-of-an-acquisition'}]",Fall,dimgrey,darkslategrey,black,darkgrey,whitesmoke,"{""0.24292296616270698"": [243, 242, 240], ""0.2287544996400288"": [131, 112, 96], ""0.22080273578113752"": [72, 66, 71], ""0.16482001439884808"": [40, 24, 17], ""0.14269978401727862"": [186, 168, 154]}"
2006,October,https://architecturaldigest.blob.core.windows.net/architecturaldigest20061001thumbnails/Covers/0x600/20061001.jpg,"[{'title': 'Prince Charles', 'link': 'https://archive.architecturaldigest.com/article/2006/10/prince-charles'}, {'title': 'Legacy in Stone', 'link': 'https://archive.architecturaldigest.com/article/2006/10/legacy-in-stone'}, {'title': 'A Fearless Vision', 'link': 'https://archive.architecturaldigest.com/article/2006/10/a-fearless-vision'}]",Fall,darkslateblue,darkgrey,darkolivegreen,whitesmoke,dimgrey,"{""0.31123470122390207"": [135, 118, 80], ""0.1978977681785457"": [59, 91, 136], ""0.1823038156947444"": [161, 163, 167], ""0.1754895608351332"": [67, 53, 29], ""0.1330741540676746"": [240, 242, 246]}"
2006,November,https://architecturaldigest.blob.core.windows.net/architecturaldigest20061101thumbnails/Covers/0x600/20061101.jpg,"[{'title': 'Melenos Lindos', 'link': 'https://archive.architecturaldigest.com/article/2006/11/melenos-lindos'}, {'title': 'Discoveries by Designers', 'link': 'https://archive.architecturaldigest.com/article/2006/11/discoveries-by-designers'}, {'title': 'Past Made Perfect', 'link': 'https://archive.architecturaldigest.com/article/2006/11/past-made-perfect'}]",Fall,darkolivegreen,sienna,black,tan,whitesmoke,"{""0.32450323974082074"": [244, 243, 241], ""0.2192548596112311"": [96, 69, 46], ""0.1948956083513319"": [151, 114, 83], ""0.17812095032397407"": [28, 19, 14], ""0.08322534197264218"": [196, 177, 157]}"
2006,December,https://architecturaldigest.blob.core.windows.net/architecturaldigest20061201thumbnails/Covers/0x600/20061201.jpg,"[{'title': 'True or False?', 'link': 'https://archive.architecturaldigest.com/article/2006/12/true-or-false'}, {'title': 'Discoveries by Designers', 'link': 'https://archive.architecturaldigest.com/article/2006/12/discoveries-by-designers'}, {'title': 'Romancing History', 'link': 'https://archive.architecturaldigest.com/article/2006/12/romancing-history'}]",Winter,darkolivegreen,black,dimgrey,darkgrey,whitesmoke,"{""0.3103095752339813"": [239, 241, 242], ""0.235752339812815"": [78, 53, 35], ""0.22136429085673145"": [36, 19, 14], ""0.1481425485961123"": [124, 106, 86], ""0.08443124550035998"": [167, 163, 164]}"
2007,January,https://architecturaldigest.blob.core.windows.net/architecturaldigest20070101thumbnails/Covers/0x600/20070101.jpg,"[{'title': 'AD100', 'link': 'https://archive.architecturaldigest.com/article/2007/1/ad100'}, {'title': 'Evolution at the Palazzo Pucci', 'link': 'https://archive.architecturaldigest.com/article/2007/1/evolution-at-the-palazzo-pucci'}, {'title': 'DESIGN Imitates Life', 'link': 'https://archive.architecturaldigest.com/article/2007/1/design-imitates-life'}]",Winter,sienna,darkgrey,darkolivegreen,teal,whitesmoke,"{""0.3282757379409647"": [241, 241, 238], ""0.19381569474442045"": [166, 115, 67], ""0.17351331893448524"": [183, 171, 155], ""0.16629949604031677"": [84, 53, 31], ""0.1380957523398128"": [13, 83, 172]}"
2007,February,https://architecturaldigest.blob.core.windows.net/architecturaldigest20070201thumbnails/Covers/0x600/20070201.jpg,"[{'title': 'William Styron', 'link': 'https://archive.architecturaldigest.com/article/2007/2/william-styron'}, {'title': 'Windsor on the Hudson', 'link': 'https://archive.architecturaldigest.com/article/2007/2/windsor-on-the-hudson'}, {'title': 'Discoveries by Designers', 'link': 'https://archive.architecturaldigest.com/article/2007/2/discoveries-by-designers'}]",Winter,whitesmoke,rosybrown,steelblue,black,dimgrey,"{""0.24462562994960405"": [108, 94, 74], ""0.21975881929445645"": [237, 238, 240], ""0.21845572354211662"": [157, 150, 146], ""0.18274298056155508"": [85, 113, 158], ""0.13441684665226783"": [44, 35, 24]}"
2007,March,https://architecturaldigest.blob.core.windows.net/architecturaldigest20070301thumbnails/Covers/0x600/20070301.jpg,"[{'title': 'New Day in New Orleans', 'link': 'https://archive.architecturaldigest.com/article/2007/3/new-day-in-new-orleans'}, {'title': 'Discoveries by Designers', 'link': 'https://archive.architecturaldigest.com/article/2007/3/discoveries-by-designers'}, {'title': 'Farmhouse Now', 'link': 'https://archive.architecturaldigest.com/article/2007/3/farmhouse-now'}]",Spring,darkslategrey,whitesmoke,dimgrey,rosybrown,black,"{""0.29471562275018"": [22, 19, 13], ""0.21800575953923687"": [59, 55, 41], ""0.21670266378689704"": [242, 243, 243], ""0.1638768898488121"": [113, 105, 85], ""0.106699064074874"": [177, 158, 139]}"
2007,April,https://architecturaldigest.blob.core.windows.net/architecturaldigest20070401thumbnails/Covers/0x600/20070401.jpg,"[{'title': 'Lo and Behold!', 'link': 'https://archive.architecturaldigest.com/article/2007/4/lo-and-behold'}, {'title': 'Helen Mirren & Taylor Hackford', 'link': 'https://archive.architecturaldigest.com/article/2007/4/helen-mirren-taylor-hackford'}, {'title': 'Discoveries by Designers', 'link': 'https://archive.architecturaldigest.com/article/2007/4/discoveries-by-designers'}]",Spring,darksalmon,whitesmoke,maroon,wheat,brown,"{""0.2535745140388769"": [158, 56, 30], ""0.24856371490280776"": [224, 170, 114], ""0.2255183585313175"": [246, 243, 242], ""0.19466162706983442"": [66, 21, 10], ""0.07768178545716342"": [233, 201, 183]}"
2007,May,https://architecturaldigest.blob.core.windows.net/architecturaldigest20070501thumbnails/Covers/0x600/20070501.jpg,"[{'title': 'Discoveries by Designers', 'link': 'https://archive.architecturaldigest.com/article/2007/5/discoveries-by-designers'}, {'title': ""Designers' Rooms"", 'link': 'https://archive.architecturaldigest.com/article/2007/5/designers-rooms'}, {'title': 'Furniture as High Art', 'link': 'https://archive.architecturaldigest.com/article/2007/5/furniture-as-high-art'}]",Spring,tan,whitesmoke,darkolivegreen,darkslategrey,grey,"{""0.24280417566594673"": [161, 136, 101], ""0.24096472282217424"": [203, 175, 139], ""0.22450323974082073"": [245, 242, 237], ""0.18161987041036717"": [114, 90, 59], ""0.11010799136069115"": [61, 47, 22]}"
2007,June,https://architecturaldigest.blob.core.windows.net/architecturaldigest20070601thumbnails/Covers/0x600/20070601.jpg,"[{'title': 'Out of Sight', 'link': 'https://archive.architecturaldigest.com/article/2007/6/out-of-sight'}, {'title': 'The Lure of Folk', 'link': 'https://archive.architecturaldigest.com/article/2007/6/the-lure-of-folk'}, {'title': 'Discoveries by Designers', 'link': 'https://archive.architecturaldigest.com/article/2007/6/discoveries-by-designers'}]",Summer,whitesmoke,black,dimgrey,darkgrey,saddlebrown,"{""0.27282577393808494"": [95, 56, 39], ""0.22512958963282936"": [241, 239, 237], ""0.2151799856011519"": [36, 21, 14], ""0.18626709863210944"": [124, 107, 84], ""0.10059755219582434"": [177, 164, 152]}"
2007,July,https://architecturaldigest.blob.core.windows.net/architecturaldigest20070701thumbnails/Covers/0x600/20070701.jpg,"[{'title': 'BOHEMIAN by the SEA', 'link': 'https://archive.architecturaldigest.com/article/2007/7/bohemian-by-the-sea'}, {'title': ""Land Rover's Timeless Appeal"", 'link': 'https://archive.architecturaldigest.com/article/2007/7/land-rovers-timeless-appeal'}, {'title': 'A SOUTHERN SPELL', 'link': 'https://archive.architecturaldigest.com/article/2007/7/a-southern-spell'}]",Summer,grey,silver,dimgrey,darkslategrey,whitesmoke,"{""0.2833225341972642"": [239, 242, 241], ""0.26932685385169186"": [141, 139, 127], ""0.19896688264938805"": [193, 192, 178], ""0.15537437005039598"": [96, 97, 95], ""0.0930093592512599"": [39, 40, 39]}"
2007,August,https://architecturaldigest.blob.core.windows.net/architecturaldigest20070801thumbnails/Covers/0x600/20070801.jpg,"[{'title': 'Portuguese Port of Call', 'link': 'https://archive.architecturaldigest.com/article/2007/8/portuguese-port-of-call'}, {'title': 'Discoveries by Designers', 'link': 'https://archive.architecturaldigest.com/article/2007/8/discoveries-by-designers'}, {'title': 'A Tropical Variation', 'link': 'https://archive.architecturaldigest.com/article/2007/8/a-tropical-variation'}]",Summer,steelblue,whitesmoke,darkslategrey,cornflowerblue,grey,"{""0.2830777537796976"": [148, 129, 101], ""0.21202663786897047"": [61, 98, 165], ""0.1981893448524118"": [239, 241, 237], ""0.19444204463642908"": [46, 47, 58], ""0.112264218862491"": [130, 160, 206]}"
2007,September,https://architecturaldigest.blob.core.windows.net/architecturaldigest20070901thumbnails/Covers/0x600/20070901.jpg,"[{'title': 'The Creative Impulse', 'link': 'https://archive.architecturaldigest.com/article/2007/9/the-creative-impulse'}, {'title': 'Discoveries by Designers', 'link': 'https://archive.architecturaldigest.com/article/2007/9/discoveries-by-designers'}, {'title': 'Bernard Wharton', 'link': 'https://archive.architecturaldigest.com/article/2007/9/bernard-wharton'}]",Fall,tan,grey,darkslategrey,firebrick,linen,"{""0.3104535637149028"": [240, 237, 236], ""0.28751259899208065"": [195, 178, 154], ""0.2186681065514759"": [145, 123, 90], ""0.10604031677465803"": [63, 46, 24], ""0.07732541396688265"": [178, 34, 23]}"
2007,October,https://architecturaldigest.blob.core.windows.net/architecturaldigest20071001thumbnails/Covers/0x600/20071001.jpg,"[{'title': 'Private Views', 'link': 'https://archive.architecturaldigest.com/article/2007/10/private-views'}, {'title': 'Let There Be More LIGHT', 'link': 'https://archive.architecturaldigest.com/article/2007/10/let-there-be-more-light'}, {'title': 'A Sum of Its Parts', 'link': 'https://archive.architecturaldigest.com/article/2007/10/a-sum-of-its-parts'}]",Fall,darkslategrey,lavender,darkgrey,black,grey,"{""0.24496400287976963"": [126, 131, 128], ""0.23613750899928007"": [68, 91, 103], ""0.19789056875449965"": [228, 235, 241], ""0.1674910007199424"": [190, 185, 164], ""0.15351691864650827"": [29, 32, 21]}"
2007,November,https://architecturaldigest.blob.core.windows.net/architecturaldigest20071101thumbnails/Covers/0x600/20071101.jpg,"[{'title': 'Discoveries by Designers', 'link': 'https://archive.architecturaldigest.com/article/2007/11/discoveries-by-designers'}, {'title': 'To Italy With Love', 'link': 'https://archive.architecturaldigest.com/article/2007/11/to-italy-with-love'}, {'title': 'Ralph & Ricky Lauren', 'link': 'https://archive.architecturaldigest.com/article/2007/11/ralph-ricky-lauren'}]",Fall,linen,silver,black,grey,darkolivegreen,"{""0.2786537077033837"": [106, 89, 59], ""0.21809575233981282"": [240, 237, 232], ""0.1771598272138229"": [202, 192, 177], ""0.17133909287257018"": [42, 32, 22], ""0.15475161987041036"": [152, 135, 109]}"
2007,December,https://architecturaldigest.blob.core.windows.net/architecturaldigest20071201thumbnails/Covers/0x600/20071201.jpg,"[{'title': 'Discoveries by Designers', 'link': 'https://archive.architecturaldigest.com/article/2007/12/discoveries-by-designers'}, {'title': 'Architectural Continuum', 'link': 'https://archive.architecturaldigest.com/article/2007/12/architectural-continuum'}, {'title': 'Rooms of Their Own', 'link': 'https://archive.architecturaldigest.com/article/2007/12/rooms-of-their-own'}]",Winter,whitesmoke,black,darkslategrey,darkgrey,slategrey,"{""0.25967242620590353"": [92, 111, 153], ""0.21376169906407488"": [242, 244, 246], ""0.1859611231101512"": [26, 28, 35], ""0.17916846652267818"": [63, 73, 93], ""0.1614362850971922"": [155, 160, 196]}"
2008,January,https://architecturaldigest.blob.core.windows.net/architecturaldigest20080101thumbnails/Covers/0x600/20080101.jpg,"[{'title': 'Rothko and Pollock and Still Going Strong', 'link': 'https://archive.architecturaldigest.com/article/2008/1/rothko-and-pollock-and-still-going-strong'}, {'title': 'Tokyo Jewel Box', 'link': 'https://archive.architecturaldigest.com/article/2008/1/tokyo-jewel-box'}, {'title': ""DESIGNER Dos and Please Don'ts"", 'link': 'https://archive.architecturaldigest.com/article/2008/1/designer-dos-and-please-donts'}]",Winter,darkolivegreen,whitesmoke,peru,dimgrey,black,"{""0.3661519078473722"": [25, 19, 27], ""0.26453923686105113"": [95, 63, 35], ""0.17099352051835853"": [242, 239, 239], ""0.10236501079913607"": [170, 121, 73], ""0.09595032397408207"": [96, 100, 132]}"
2008,February,https://architecturaldigest.blob.core.windows.net/architecturaldigest20080201thumbnails/Covers/0x600/20080201.jpg,"[{'title': 'Stains on Fine Art', 'link': 'https://archive.architecturaldigest.com/article/2008/2/stains-on-fine-art'}, {'title': 'Engines Away!', 'link': 'https://archive.architecturaldigest.com/article/2008/2/engines-away'}, {'title': 'Discoveries by Designers', 'link': 'https://archive.architecturaldigest.com/article/2008/2/discoveries-by-designers'}]",Winter,black,rosybrown,dimgrey,firebrick,linen,"{""0.27242980561555075"": [240, 236, 234], ""0.24597912167026637"": [31, 22, 20], ""0.23769618430525558"": [188, 166, 143], ""0.20120230381569473"": [110, 87, 74], ""0.04269258459323254"": [192, 18, 22]}"
2008,March,https://architecturaldigest.blob.core.windows.net/architecturaldigest20080301thumbnails/Covers/0x600/20080301.jpg,"[{'title': 'At Home With History in the White House', 'link': 'https://archive.architecturaldigest.com/article/2008/3/at-home-with-history-in-the-white-house'}, {'title': 'Considering the Source', 'link': 'https://archive.architecturaldigest.com/article/2008/3/considering-the-source'}, {'title': 'Discoveries by Designers', 'link': 'https://archive.architecturaldigest.com/article/2008/3/discoveries-by-designers'}]",Spring,dimgrey,darkslategrey,darkgrey,brown,mintcream,"{""0.3774586033117351"": [243, 250, 249], ""0.20473722102231823"": [106, 110, 92], ""0.1732649388048956"": [48, 50, 38], ""0.16808855291576674"": [177, 175, 168], ""0.07645068394528438"": [133, 38, 38]}"
2008,April,https://architecturaldigest.blob.core.windows.net/architecturaldigest20080401thumbnails/Covers/0x600/20080401.jpg,"[{'title': 'Discoveries by Designers', 'link': 'https://archive.architecturaldigest.com/article/2008/4/discoveries-by-designers'}, {'title': 'Summoning Scandinavia', 'link': 'https://archive.architecturaldigest.com/article/2008/4/summoning-scandinavia'}, {'title': 'Making a Splash in Seaside', 'link': 'https://archive.architecturaldigest.com/article/2008/4/making-a-splash-in-seaside'}]",Spring,darkgrey,whitesmoke,dimgrey,darkslategrey,silver,"{""0.28020518358531316"": [199, 198, 189], ""0.23098632109431244"": [156, 154, 143], ""0.2223506119510439"": [241, 242, 242], ""0.13919366450683945"": [95, 100, 111], ""0.127264218862491"": [54, 45, 46]}"
2008,May,https://architecturaldigest.blob.core.windows.net/architecturaldigest20080501thumbnails/Covers/0x600/20080501.jpg,"[{'title': 'The Great Design Issue', 'link': 'https://archive.architecturaldigest.com/article/2008/5/the-great-design-issue'}, {'title': 'Icons of a Golden Age', 'link': 'https://archive.architecturaldigest.com/article/2008/5/icons-of-a-golden-age'}, {'title': 'Virginia Air Show', 'link': 'https://archive.architecturaldigest.com/article/2008/5/virginia-air-show'}]",Spring,whitesmoke,grey,tan,black,darkolivegreen,"{""0.24505399568034558"": [105, 71, 53], ""0.23752699784017278"": [241, 238, 237], ""0.2211051115910727"": [140, 121, 102], ""0.16917566594672426"": [196, 175, 149], ""0.12713822894168467"": [36, 32, 21]}"
2008,June,https://architecturaldigest.blob.core.windows.net/architecturaldigest20080601thumbnails/Covers/0x600/20080601.jpg,"[{'title': 'Native Beauties', 'link': 'https://archive.architecturaldigest.com/article/2008/6/native-beauties'}, {'title': 'Invoking an Ideal', 'link': 'https://archive.architecturaldigest.com/article/2008/6/invoking-an-ideal'}, {'title': 'Ted Turner', 'link': 'https://archive.architecturaldigest.com/article/2008/6/ted-turner'}]",Summer,whitesmoke,grey,darkslategrey,darkgrey,darkolivegreen,"{""0.31456083513318933"": [94, 87, 59], ""0.22134629229661626"": [240, 241, 241], ""0.21224982001439885"": [129, 119, 104], ""0.14087473002159828"": [51, 47, 26], ""0.11096832253419726"": [176, 162, 155]}"
2008,July,https://architecturaldigest.blob.core.windows.net/architecturaldigest20080701thumbnails/Covers/0x600/20080701.jpg,"[{'title': 'Lance Armstrong', 'link': 'https://archive.architecturaldigest.com/article/2008/7/lance-armstrong'}, {'title': ""Nicola Bulgari's American Gems"", 'link': 'https://archive.architecturaldigest.com/article/2008/7/nicola-bulgaris-american-gems'}, {'title': 'Otahuna Lodge', 'link': 'https://archive.architecturaldigest.com/article/2008/7/otahuna-lodge'}]",Summer,black,whitesmoke,sienna,darkkhaki,saddlebrown,"{""0.24534557235421167"": [91, 59, 26], ""0.24049316054715622"": [35, 16, 6], ""0.22072354211663067"": [246, 242, 240], ""0.18203383729301656"": [140, 105, 57], ""0.11140388768898488"": [204, 171, 112]}"
2008,August,https://architecturaldigest.blob.core.windows.net/architecturaldigest20080801thumbnails/Covers/0x600/20080801.jpg,"[{'title': 'Discoveries by Designers', 'link': 'https://archive.architecturaldigest.com/article/2008/8/discoveries-by-designers'}, {'title': 'The Colors of St. Croix', 'link': 'https://archive.architecturaldigest.com/article/2008/8/the-colors-of-st-croix'}, {'title': 'Cultural Reflections', 'link': 'https://archive.architecturaldigest.com/article/2008/8/cultural-reflections'}]",Summer,sienna,whitesmoke,darkolivegreen,silver,steelblue,"{""0.254996400287977"": [71, 124, 171], ""0.24492800575953924"": [131, 113, 62], ""0.2355831533477322"": [241, 243, 243], ""0.1863570914326854"": [77, 65, 31], ""0.07813534917206623"": [186, 193, 190]}"
2008,September,https://architecturaldigest.blob.core.windows.net/architecturaldigest20080901thumbnails/Covers/0x600/20080901.jpg,"[{'title': 'Discoveries by Designers', 'link': 'https://archive.architecturaldigest.com/article/2008/9/discoveries-by-designers'}, {'title': 'Donna Livingston', 'link': 'https://archive.architecturaldigest.com/article/2008/9/donna-livingston'}, {'title': 'Michael Schaible', 'link': 'https://archive.architecturaldigest.com/article/2008/9/michael-schaible'}]",Fall,tan,dimgrey,black,royalblue,whitesmoke,"{""0.3232541396688265"": [236, 238, 237], ""0.23673866090712742"": [191, 180, 158], ""0.21856011519078475"": [137, 115, 82], ""0.15931605471562274"": [53, 38, 23], ""0.06213102951763859"": [31, 100, 212]}"
2008,October,https://architecturaldigest.blob.core.windows.net/architecturaldigest20081001thumbnails/Covers/0x600/20081001.jpg,"[{'title': 'Kinloch Castle Revival', 'link': 'https://archive.architecturaldigest.com/article/2008/10/kinloch-castle-revival'}, {'title': 'Updating a Classic', 'link': 'https://archive.architecturaldigest.com/article/2008/10/updating-a-classic'}, {'title': 'Functional Aesthetics', 'link': 'https://archive.architecturaldigest.com/article/2008/10/functional-aesthetics'}]",Fall,whitesmoke,darkgrey,steelblue,darkolivegreen,grey,"{""0.3020050395968323"": [136, 132, 108], ""0.24278617710583153"": [239, 240, 238], ""0.17773218142548597"": [167, 175, 187], ""0.15150827933765298"": [82, 121, 163], ""0.12596832253419726"": [81, 76, 42]}"
2008,November,https://architecturaldigest.blob.core.windows.net/architecturaldigest20081101thumbnails/Covers/0x600/20081101.jpg,"[{'title': 'Stars in Residence', 'link': 'https://archive.architecturaldigest.com/article/2008/11/stars-in-residence'}, {'title': 'Designing for the Wild One', 'link': 'https://archive.architecturaldigest.com/article/2008/11/designing-for-the-wild-one'}, {'title': 'Diane Keaton', 'link': 'https://archive.architecturaldigest.com/article/2008/11/diane-keaton'}]",Fall,burlywood,sienna,whitesmoke,black,peru,"{""0.24539236861051117"": [196, 147, 90], ""0.24061555075593952"": [226, 197, 156], ""0.19356371490280777"": [141, 94, 51], ""0.17077753779697624"": [246, 244, 242], ""0.1496508279337653"": [60, 36, 16]}"
2008,December,https://architecturaldigest.blob.core.windows.net/architecturaldigest20081201thumbnails/Covers/0x600/20081201.jpg,"[{'title': 'Discoveries by Designers', 'link': 'https://archive.architecturaldigest.com/article/2008/12/discoveries-by-designers'}, {'title': ""Scotland's Yester House"", 'link': 'https://archive.architecturaldigest.com/article/2008/12/scotlands-yester-house'}, {'title': 'Taiwan Reenvisioned', 'link': 'https://archive.architecturaldigest.com/article/2008/12/taiwan-reenvisioned'}]",Winter,palegoldenrod,whitesmoke,sienna,darkolivegreen,burlywood,"{""0.28204463642908567"": [221, 180, 109], ""0.26978761699064074"": [240, 229, 177], ""0.2425269978401728"": [244, 243, 239], ""0.1565658747300216"": [164, 105, 58], ""0.04907487401007919"": [71, 45, 17]}"
2009,January,https://architecturaldigest.blob.core.windows.net/architecturaldigest20090101thumbnails/Covers/0x600/20090101.jpg,"[{'title': 'AD Design Insiders', 'link': 'https://archive.architecturaldigest.com/article/2009/1/ad-design-insiders'}, {'title': 'Brad Pitt Makes It Right in New Orleans', 'link': 'https://archive.architecturaldigest.com/article/2009/1/brad-pitt-makes-it-right-in-new-orleans'}, {'title': 'Sculpting Space on the Coast', 'link': 'https://archive.architecturaldigest.com/article/2009/1/sculpting-space-on-the-coast'}]",Winter,silver,dimgrey,darkslategrey,lightslategrey,lavender,"{""0.328585313174946"": [233, 239, 245], ""0.19522318214542836"": [178, 183, 193], ""0.17989920806335494"": [132, 112, 73], ""0.1535493160547156"": [66, 56, 34], ""0.14274298056155507"": [123, 135, 148]}"
2009,February,https://architecturaldigest.blob.core.windows.net/architecturaldigest20090201thumbnails/Covers/0x600/20090201.jpg,"[{'title': 'Discoveries by Designers', 'link': 'https://archive.architecturaldigest.com/article/2009/2/discoveries-by-designers'}, {'title': 'T. C. Boyle', 'link': 'https://archive.architecturaldigest.com/article/2009/2/t-c-boyle'}, {'title': 'On Sutton Place', 'link': 'https://archive.architecturaldigest.com/article/2009/2/on-sutton-place'}]",Winter,peru,sienna,tan,black,lavender,"{""0.3600647948164147"": [233, 236, 241], ""0.19862850971922247"": [185, 127, 75], ""0.18324694024478042"": [122, 88, 55], ""0.16587113030957523"": [206, 179, 149], ""0.0921886249100072"": [40, 22, 11]}"
2009,March,https://architecturaldigest.blob.core.windows.net/architecturaldigest20090301thumbnails/Covers/0x600/20090301.jpg,"[{'title': 'Discoveries by Designers', 'link': 'https://archive.architecturaldigest.com/article/2009/3/discoveries-by-designers'}, {'title': 'New York Attitude', 'link': 'https://archive.architecturaldigest.com/article/2009/3/new-york-attitude'}, {'title': 'A House of Many Hues', 'link': 'https://archive.architecturaldigest.com/article/2009/3/a-house-of-many-hues'}]",Spring,rosybrown,whitesmoke,dimgrey,darkslategrey,silver,"{""0.2987544996400288"": [204, 201, 194], ""0.2686897048236141"": [174, 162, 145], ""0.23345932325413968"": [243, 242, 243], ""0.11518718502519798"": [132, 114, 91], ""0.08390928725701943"": [77, 52, 42]}"
2009,April,https://architecturaldigest.blob.core.windows.net/architecturaldigest20090401thumbnails/Covers/0x600/20090401.jpg,"[{'title': 'Discoveries by Designers', 'link': 'https://archive.architecturaldigest.com/article/2009/4/discoveries-by-designers'}, {'title': 'From the Ground Up', 'link': 'https://archive.architecturaldigest.com/article/2009/4/from-the-ground-up'}, {'title': 'At One with the Land', 'link': 'https://archive.architecturaldigest.com/article/2009/4/at-one-with-the-land'}]",Spring,lavender,darkslategrey,dimgrey,tan,cornflowerblue,"{""0.28589272858171344"": [118, 154, 211], ""0.23539236861051116"": [230, 237, 238], ""0.20090352771778258"": [52, 51, 34], ""0.1625665946724262"": [108, 107, 102], ""0.1152447804175666"": [189, 189, 155]}"
2009,May,https://architecturaldigest.blob.core.windows.net/architecturaldigest20090501thumbnails/Covers/0x600/20090501.jpg,"[{'title': 'Kitchens by Designers', 'link': 'https://archive.architecturaldigest.com/article/2009/5/kitchens-by-designers'}, {'title': 'Hawaiian Craftsman', 'link': 'https://archive.architecturaldigest.com/article/2009/5/hawaiian-craftsman'}, {'title': 'Dazzling Menagerie', 'link': 'https://archive.architecturaldigest.com/article/2009/5/dazzling-menagerie'}]",Spring,grey,black,tan,darkolivegreen,whitesmoke,"{""0.29284017278617713"": [235, 239, 242], ""0.20645068394528437"": [152, 124, 93], ""0.17607991360691144"": [27, 12, 9], ""0.1700467962562995"": [196, 175, 141], ""0.15458243340532757"": [102, 70, 45]}"
2009,June,https://architecturaldigest.blob.core.windows.net/architecturaldigest20090601thumbnails/Covers/0x600/20090601.jpg,"[{'title': 'Discoveries by Designers', 'link': 'https://archive.architecturaldigest.com/article/2009/6/discoveries-by-designers'}, {'title': 'On Allen Island', 'link': 'https://archive.architecturaldigest.com/article/2009/6/on-allen-island'}, {'title': 'Theory of Relativity', 'link': 'https://archive.architecturaldigest.com/article/2009/6/theory-of-relativity'}]",Summer,linen,darkolivegreen,darkkhaki,dimgrey,black,"{""0.2705291576673866"": [25, 29, 9], ""0.22013678905687545"": [243, 241, 235], ""0.18979121670266377"": [70, 75, 35], ""0.17217422606191504"": [177, 168, 128], ""0.1473686105111591"": [131, 119, 75]}"
2009,July,https://architecturaldigest.blob.core.windows.net/architecturaldigest20090701thumbnails/Covers/0x600/20090701.jpg,"[{'title': 'Discoveries by Designers', 'link': 'https://archive.architecturaldigest.com/article/2009/7/discoveries-by-designers'}, {'title': ""Paris' Sale of the Century"", 'link': 'https://archive.architecturaldigest.com/article/2009/7/paris-sale-of-the-century'}, {'title': 'A Place in the Clouds', 'link': 'https://archive.architecturaldigest.com/article/2009/7/a-place-in-the-clouds'}]",Summer,rosybrown,tan,dimgrey,darkslategrey,whitesmoke,"{""0.323016558675306"": [245, 243, 241], ""0.22080273578113752"": [167, 146, 125], ""0.2176313894888409"": [208, 191, 166], ""0.14605111591072714"": [118, 89, 69], ""0.09249820014398848"": [53, 35, 27]}"
2009,August,https://architecturaldigest.blob.core.windows.net/architecturaldigest20090801thumbnails/Covers/0x600/20090801.jpg,"[{'title': 'Discoveries by Designers', 'link': 'https://archive.architecturaldigest.com/article/2009/8/discoveries-by-designers'}, {'title': 'La Concha Revival', 'link': 'https://archive.architecturaldigest.com/article/2009/8/la-concha-revival'}, {'title': 'Making Magic on Taboga', 'link': 'https://archive.architecturaldigest.com/article/2009/8/making-magic-on-taboga'}]",Summer,whitesmoke,silver,saddlebrown,peru,black,"{""0.29528077753779697"": [52, 25, 20], ""0.2174910007199424"": [243, 240, 241], ""0.17676025917926566"": [199, 176, 170], ""0.16861411087113032"": [120, 69, 51], ""0.14185385169186465"": [179, 129, 99]}"
2009,September,https://architecturaldigest.blob.core.windows.net/architecturaldigest20090901thumbnails/Covers/0x600/20090901.jpg,"[{'title': 'Learn Their Secrets', 'link': 'https://archive.architecturaldigest.com/article/2009/9/learn-their-secrets'}, {'title': 'Discoveries by Designers', 'link': 'https://archive.architecturaldigest.com/article/2009/9/discoveries-by-designers'}, {'title': 'Timothy Corrigan', 'link': 'https://archive.architecturaldigest.com/article/2009/9/timothy-corrigan'}]",Fall,whitesmoke,tan,black,steelblue,dimgrey,"{""0.2834413246940245"": [130, 116, 77], ""0.22357811375089992"": [239, 240, 238], ""0.22000719942404606"": [191, 180, 143], ""0.1991036717062635"": [49, 38, 21], ""0.07386969042476602"": [39, 114, 162]}"
2009,October,https://architecturaldigest.blob.core.windows.net/architecturaldigest20091001thumbnails/Covers/0x600/20091001.jpg,"[{'title': 'Back to the Future', 'link': 'https://archive.architecturaldigest.com/article/2009/10/back-to-the-future'}, {'title': 'Making the Cut', 'link': 'https://archive.architecturaldigest.com/article/2009/10/making-the-cut'}, {'title': 'Farmhouse Evolution', 'link': 'https://archive.architecturaldigest.com/article/2009/10/farmhouse-evolution'}]",Fall,whitesmoke,dimgrey,cornflowerblue,steelblue,black,"{""0.24530957523398128"": [36, 35, 24], ""0.23360691144708423"": [236, 240, 241], ""0.2131425485961123"": [100, 97, 75], ""0.20364650827933764"": [125, 153, 205], ""0.10429445644348452"": [43, 101, 189]}"
2009,November,https://architecturaldigest.blob.core.windows.net/architecturaldigest20091101thumbnails/Covers/0x600/20091101.jpg,"[{'title': ""Michael Jackson's NEVERLAND"", 'link': 'https://archive.architecturaldigest.com/article/2009/11/michael-jacksons-neverland'}, {'title': 'Discoveries by Designers', 'link': 'https://archive.architecturaldigest.com/article/2009/11/discoveries-by-designers'}, {'title': 'OCEANFRONT OASIS', 'link': 'https://archive.architecturaldigest.com/article/2009/11/oceanfront-oasis'}]",Fall,black,saddlebrown,linen,tan,dimgrey,"{""0.2736537077033837"": [123, 101, 77], ""0.24487401007919365"": [15, 7, 6], ""0.2190856731461483"": [105, 52, 25], ""0.19237580993520517"": [244, 240, 236], ""0.07001079913606911"": [200, 171, 127]}"
2009,December,https://architecturaldigest.blob.core.windows.net/architecturaldigest20091201thumbnails/Covers/0x600/20091201.jpg,"[{'title': 'Donna Karan', 'link': 'https://archive.architecturaldigest.com/article/2009/12/donna-karan'}, {'title': 'Malcolm McDowell', 'link': 'https://archive.architecturaldigest.com/article/2009/12/malcolm-mcdowell'}, {'title': 'James Burrows', 'link': 'https://archive.architecturaldigest.com/article/2009/12/james-burrows'}]",Winter,darkolivegreen,grey,darkslategrey,tan,whitesmoke,"{""0.35009719222462204"": [235, 242, 244], ""0.2122246220302376"": [118, 100, 64], ""0.1616234701223902"": [145, 137, 120], ""0.15910007199424045"": [55, 40, 28], ""0.11695464362850971"": [201, 190, 160]}"
2010,January,https://architecturaldigest.blob.core.windows.net/architecturaldigest20100101thumbnails/Covers/0x600/20100101.jpg,"[{'title': 'The New AD 100', 'link': 'https://archive.architecturaldigest.com/article/2010/1/the-new-ad-100'}, {'title': ""The World's 20 Greatest Designers of All Time"", 'link': 'https://archive.architecturaldigest.com/article/2010/1/the-worlds-20-greatest-designers-of-all-time'}, {'title': 'Vibrant Vision', 'link': 'https://archive.architecturaldigest.com/article/2010/1/vibrant-vision'}]",Winter,saddlebrown,linen,chocolate,sandybrown,black,"{""0.2860763138948884"": [47, 13, 8], ""0.22629589632829375"": [129, 59, 25], ""0.20900647948164147"": [246, 241, 236], ""0.19476601871850252"": [202, 111, 39], ""0.08385529157667386"": [227, 178, 109]}"
2010,February,https://architecturaldigest.blob.core.windows.net/architecturaldigest20100201thumbnails/Covers/0x600/20100201.jpg,"[{'title': 'Discoveries by Designers', 'link': 'https://archive.architecturaldigest.com/article/2010/2/discoveries-by-designers'}, {'title': 'Cape Ann Turnaround', 'link': 'https://archive.architecturaldigest.com/article/2010/2/cape-ann-turnaround'}, {'title': 'A Dream Reimagined', 'link': 'https://archive.architecturaldigest.com/article/2010/2/a-dream-reimagined'}]",Winter,silver,darkgrey,dimgrey,darkslategrey,whitesmoke,"{""0.2576673866090713"": [240, 242, 243], ""0.2396796256299496"": [195, 196, 200], ""0.22043196544276458"": [149, 152, 157], ""0.17111591072714183"": [113, 106, 86], ""0.11110511159107271"": [56, 53, 38]}"
2010,March,https://architecturaldigest.blob.core.windows.net/architecturaldigest20100301thumbnails/Covers/0x600/20100301.jpg,"[{'title': 'Jennifer Aniston at Home', 'link': 'https://archive.architecturaldigest.com/article/2010/3/jennifer-aniston-at-home'}, {'title': 'The Return of Nemours', 'link': 'https://archive.architecturaldigest.com/article/2010/3/the-return-of-nemours'}, {'title': 'Wine Country Accord', 'link': 'https://archive.architecturaldigest.com/article/2010/3/wine-country-accord'}]",Spring,linen,tan,sienna,dimgrey,darkslategrey,"{""0.4186861051115911"": [44, 35, 42], ""0.23049676025917926"": [243, 239, 236], ""0.14232901367890569"": [202, 171, 154], ""0.13088192944564433"": [148, 75, 52], ""0.07760619150467962"": [105, 96, 124]}"
2010,April,https://architecturaldigest.blob.core.windows.net/architecturaldigest20100401thumbnails/Covers/0x600/20100401.jpg,"[{'title': 'AD Special Section', 'link': 'https://archive.architecturaldigest.com/article/2010/4/shop-like-a-designer'}, {'title': 'Breaking the Mold', 'link': 'https://archive.architecturaldigest.com/article/2010/4/breaking-the-mold'}, {'title': 'Rooms With a View', 'link': 'https://archive.architecturaldigest.com/article/2010/4/rooms-with-a-view'}]",Spring,dimgrey,tan,darkslategrey,darkslateblue,lavender,"{""0.44952123830093593"": [227, 236, 243], ""0.17769978401727862"": [130, 113, 87], ""0.16652627789776817"": [204, 185, 145], ""0.16194024478041757"": [58, 49, 35], ""0.04431245500359971"": [47, 88, 168]}"
2010,May,https://architecturaldigest.blob.core.windows.net/architecturaldigest20100501thumbnails/Covers/0x600/20100501.jpg,"[{'title': 'Sting & Trudie Styler', 'link': 'https://archive.architecturaldigest.com/article/2010/5/sting-trudie-styler'}, {'title': 'Stephen Huvane', 'link': 'https://archive.architecturaldigest.com/article/2010/5/stephen-huvane'}, {'title': 'Pat Montandon', 'link': 'https://archive.architecturaldigest.com/article/2010/5/pat-montandon'}]",Spring,linen,darkolivegreen,rosybrown,firebrick,black,"{""0.270565154787617"": [16, 9, 15], ""0.2649820014398848"": [242, 238, 237], ""0.18006479481641469"": [85, 66, 61], ""0.14918286537077033"": [194, 145, 124], ""0.13520518358531317"": [183, 43, 25]}"
2010,June,https://architecturaldigest.blob.core.windows.net/architecturaldigest20100601thumbnails/Covers/0x600/20100601.jpg,"[{'title': 'Discoveries by Designers', 'link': 'https://archive.architecturaldigest.com/article/2010/6/discoveries-by-designers'}, {'title': 'SIMPLE RHYTHMS', 'link': 'https://archive.architecturaldigest.com/article/2010/6/simple-rhythms'}, {'title': 'The Grass Is Greener', 'link': 'https://archive.architecturaldigest.com/article/2010/6/the-grass-is-greener'}]",Summer,black,linen,rosybrown,chocolate,darkolivegreen,"{""0.3257811375089993"": [112, 87, 52], ""0.2263786897048236"": [46, 26, 13], ""0.20347012239020879"": [244, 241, 236], ""0.15691144708423327"": [177, 150, 116], ""0.08745860331173506"": [194, 93, 21]}"
2010,July,https://architecturaldigest.blob.core.windows.net/architecturaldigest20100701thumbnails/Covers/0x600/20100701.jpg,"[{'title': 'NATURAL WONDER', 'link': 'https://archive.architecturaldigest.com/article/2010/7/natural-wonder'}, {'title': 'Pelican Hill', 'link': 'https://archive.architecturaldigest.com/article/2010/7/pelican-hill'}, {'title': 'Vivid Revision', 'link': 'https://archive.architecturaldigest.com/article/2010/7/vivid-revision'}]",Summer,grey,whitesmoke,black,chocolate,silver,"{""0.3639164866810655"": [193, 182, 172], ""0.24009719222462203"": [133, 118, 108], ""0.17876169906407488"": [245, 242, 240], ""0.15063714902807776"": [36, 29, 32], ""0.06658747300215982"": [224, 89, 47]}"
2010,August,https://architecturaldigest.blob.core.windows.net/architecturaldigest20100801thumbnails/Covers/0x600/20100801.jpg,"[{'title': 'Inspired by You', 'link': 'https://archive.architecturaldigest.com/article/2010/8/inspired-by-you'}, {'title': 'Swahili Time', 'link': 'https://archive.architecturaldigest.com/article/2010/8/swahili-time'}, {'title': 'Balinese Beat', 'link': 'https://archive.architecturaldigest.com/article/2010/8/balinese-beat'}]",Summer,lightgrey,darkgrey,dimgrey,black,lavender,"{""0.3679805615550756"": [234, 237, 239], ""0.3074802015838733"": [203, 203, 204], ""0.19733261339092872"": [165, 157, 153], ""0.06810295176385889"": [125, 77, 75], ""0.059103671706263496"": [32, 30, 38]}"
2010,September,https://architecturaldigest.blob.core.windows.net/architecturaldigest20100901thumbnails/Covers/0x600/20100901.jpg,"[{'title': 'Shop Like a Designer', 'link': 'https://archive.architecturaldigest.com/article/2010/9/shop-like-a-designer'}, {'title': 'David Jameson', 'link': 'https://archive.architecturaldigest.com/article/2010/9/david-jameson'}, {'title': 'Arthur Dunnam', 'link': 'https://archive.architecturaldigest.com/article/2010/9/arthur-dunnam'}]",Fall,grey,whitesmoke,darkslategrey,sienna,silver,"{""0.3027537796976242"": [186, 196, 205], ""0.24840172786177106"": [151, 151, 140], ""0.24051115910727142"": [240, 242, 243], ""0.11884809215262779"": [37, 49, 64], ""0.08948524118070554"": [135, 105, 50]}"
2010,October,https://architecturaldigest.blob.core.windows.net/architecturaldigest20101001thumbnails/Covers/0x600/20101001.jpg,"[{'title': 'Inspired by You', 'link': 'https://archive.architecturaldigest.com/article/2010/10/inspired-by-you'}, {'title': 'Editors Select Properties Around the World', 'link': 'https://archive.architecturaldigest.com/article/2010/10/editors-select-properties-around-the-world'}, {'title': 'Open Air in Baja', 'link': 'https://archive.architecturaldigest.com/article/2010/10/open-air-in-baja'}]",Fall,whitesmoke,dimgrey,darkslateblue,steelblue,black,"{""0.2664722822174226"": [51, 39, 21], ""0.24856011519078475"": [238, 240, 237], ""0.2438768898488121"": [141, 119, 87], ""0.15948164146868252"": [59, 80, 154], ""0.08160907127429806"": [81, 112, 186]}"
2010,November,https://architecturaldigest.blob.core.windows.net/architecturaldigest20101101thumbnails/Covers/0x600/20101101.jpg,"[{'title': 'Talking Points', 'link': 'https://archive.architecturaldigest.com/article/2010/11/talking-points'}, {'title': 'Editors Select Properties Around the World', 'link': 'https://archive.architecturaldigest.com/article/2010/11/editors-select-properties-around-the-world'}, {'title': 'Contributors', 'link': 'https://archive.architecturaldigest.com/article/2010/11/contributors'}]",Fall,whitesmoke,darkolivegreen,sienna,tan,black,"{""0.41821454283657306"": [11, 7, 14], ""0.29371130309575233"": [243, 240, 239], ""0.10777897768178546"": [78, 59, 47], ""0.1015838732901368"": [160, 106, 82], ""0.07871130309575233"": [196, 166, 153]}"
2010,December,https://architecturaldigest.blob.core.windows.net/architecturaldigest20101201thumbnails/Covers/0x600/20101201.jpg,"[{'title': 'Inspired by You', 'link': 'https://archive.architecturaldigest.com/article/2010/12/inspired-by-you'}, {'title': 'Fresh Volumes', 'link': 'https://archive.architecturaldigest.com/article/2010/12/fresh-volumes'}, {'title': 'Discoveries by Designers', 'link': 'https://archive.architecturaldigest.com/article/2010/12/discoveries-by-designers'}]",Winter,lightgrey,dimgrey,darkgrey,black,whitesmoke,"{""0.30333693304535636"": [238, 242, 243], ""0.21693664506839452"": [196, 205, 210], ""0.20094672426205903"": [111, 102, 91], ""0.15129589632829374"": [158, 158, 154], ""0.12748380129589632"": [41, 31, 26]}"
2011,January,https://architecturaldigest.blob.core.windows.net/architecturaldigest20110101thumbnails/Covers/0x600/20110101.jpg,"[{'title': 'Paris Report', 'link': 'https://archive.architecturaldigest.com/article/2011/1/paris-report'}, {'title': 'Outside Interests', 'link': 'https://archive.architecturaldigest.com/article/2011/1/outside-interests'}, {'title': 'Serene Pursuit', 'link': 'https://archive.architecturaldigest.com/article/2011/1/serene-pursuit'}]",Winter,cornflowerblue,whitesmoke,darkslategrey,grey,lightsteelblue,"{""0.34065514758819293"": [180, 195, 218], ""0.28791936645068394"": [114, 148, 217], ""0.19553995680345573"": [240, 243, 246], ""0.10070554355651548"": [42, 51, 40], ""0.07517998560115191"": [130, 137, 141]}"
2011,February,https://architecturaldigest.blob.core.windows.net/architecturaldigest20110201thumbnails/Covers/0x600/20110201.jpg,"[{'title': 'LIGHT HOUSE', 'link': 'https://archive.architecturaldigest.com/article/2011/2/light-house'}, {'title': 'Point of View', 'link': 'https://archive.architecturaldigest.com/article/2011/2/point-of-view'}, {'title': ""AT THE CITY'S EDGE"", 'link': 'https://archive.architecturaldigest.com/article/2011/2/at-the-citys-edge'}]",Winter,whitesmoke,black,dimgrey,rosybrown,lightgrey,"{""0.3572930165586753"": [216, 215, 212], ""0.29048956083513316"": [241, 242, 242], ""0.2223218142548596"": [20, 15, 15], ""0.06604751619870411"": [117, 80, 70], ""0.0638480921526278"": [170, 157, 148]}"
2011,March,https://architecturaldigest.blob.core.windows.net/architecturaldigest20110301thumbnails/Covers/0x600/20110301.jpg,"[{'title': 'Gold Standard', 'link': 'https://archive.architecturaldigest.com/article/2011/3/gold-standard'}, {'title': 'In Her Fashion', 'link': 'https://archive.architecturaldigest.com/article/2011/3/in-her-fashion'}, {'title': 'AD Sources', 'link': 'https://archive.architecturaldigest.com/article/2011/3/ad-sources'}]",Spring,silver,rosybrown,dimgrey,black,whitesmoke,"{""0.49583513318934486"": [243, 241, 239], ""0.16991720662347012"": [212, 197, 189], ""0.14515838732901368"": [169, 142, 126], ""0.13477321814254858"": [116, 102, 87], ""0.05431605471562275"": [27, 21, 19]}"
2011,April,https://architecturaldigest.blob.core.windows.net/architecturaldigest20110401thumbnails/Covers/0x600/20110401.jpg,"[{'title': 'OPEN CITY', 'link': 'https://archive.architecturaldigest.com/article/2011/4/open-city'}, {'title': 'Spanish Steps', 'link': 'https://archive.architecturaldigest.com/article/2011/4/spanish-steps'}, {'title': 'RENAISSANCE MAN', 'link': 'https://archive.architecturaldigest.com/article/2011/4/renaissance-man'}]",Spring,darkolivegreen,grey,darkgrey,black,whitesmoke,"{""0.2524982001439885"": [242, 242, 239], ""0.24830093592512598"": [104, 87, 54], ""0.1901043916486681"": [146, 134, 103], ""0.16482361411087113"": [180, 178, 162], ""0.1442728581713463"": [42, 23, 13]}"
2011,May,https://architecturaldigest.blob.core.windows.net/architecturaldigest20110501thumbnails/Covers/0x600/20110501.jpg,"[{'title': 'CENTER STAGE', 'link': 'https://archive.architecturaldigest.com/article/2011/5/center-stage'}, {'title': 'Up in the Air', 'link': 'https://archive.architecturaldigest.com/article/2011/5/up-in-the-air'}, {'title': 'Lord of the Manor', 'link': 'https://archive.architecturaldigest.com/article/2011/5/lord-of-the-manor'}]",Spring,whitesmoke,rosybrown,dimgrey,black,lightgrey,"{""0.3257595392368611"": [209, 206, 206], ""0.2790352771778258"": [242, 242, 242], ""0.14549676025917926"": [175, 158, 143], ""0.1452735781137509"": [124, 93, 79], ""0.10443484521238301"": [52, 33, 24]}"
2011,June,https://architecturaldigest.blob.core.windows.net/architecturaldigest20110601thumbnails/Covers/0x600/20110601.jpg,"[{'title': 'AD sources', 'link': 'https://archive.architecturaldigest.com/article/2011/6/ad-sources'}, {'title': 'LIKE NIGHT AND DAY', 'link': 'https://archive.architecturaldigest.com/article/2011/6/like-night-and-day'}, {'title': 'FINISH LINE', 'link': 'https://archive.architecturaldigest.com/article/2011/6/finish-line'}]",Summer,darkolivegreen,slategrey,lightsteelblue,rosybrown,linen,"{""0.3520266378689705"": [241, 235, 225], ""0.18792656587473003"": [116, 90, 60], ""0.17093592512598993"": [90, 121, 155], ""0.15442404607631388"": [157, 184, 235], ""0.13468682505399568"": [192, 162, 128]}"
2011,July,https://architecturaldigest.blob.core.windows.net/architecturaldigest20110701thumbnails/Covers/0x600/20110701.jpg,"[{'title': 'Elizabeth Taylor, Close Up', 'link': 'https://archive.architecturaldigest.com/article/2011/7/elizabeth-taylor-close-up'}, {'title': 'AD Sources', 'link': 'https://archive.architecturaldigest.com/article/2011/7/ad-sources'}, {'title': 'Hollywood Remake', 'link': 'https://archive.architecturaldigest.com/article/2011/7/hollywood-remake'}]",Summer,black,darkolivegreen,darkgrey,burlywood,whitesmoke,"{""0.43153347732181424"": [240, 239, 237], ""0.24733621310295176"": [18, 19, 16], ""0.1319438444924406"": [84, 84, 75], ""0.11215262778977682"": [178, 176, 177], ""0.07703383729301656"": [230, 181, 156]}"
2011,August,https://architecturaldigest.blob.core.windows.net/architecturaldigest20110801thumbnails/Covers/0x600/20110801.jpg,"[{'title': 'AD sources', 'link': 'https://archive.architecturaldigest.com/article/2011/8/ad-sources'}, {'title': 'master class', 'link': 'https://archive.architecturaldigest.com/article/2011/8/master-class'}, {'title': 'practical magic', 'link': 'https://archive.architecturaldigest.com/article/2011/8/practical-magic'}]",Summer,darkslateblue,darkslategrey,lightslategrey,black,whitesmoke,"{""0.3483585313174946"": [235, 238, 239], ""0.2966126709863211"": [67, 90, 153], ""0.17382289416846652"": [31, 54, 78], ""0.10204823614110871"": [132, 150, 189], ""0.07915766738660907"": [14, 18, 24]}"
2011,September,https://architecturaldigest.blob.core.windows.net/architecturaldigest20110901thumbnails/Covers/0x600/20110901.jpg,"[{'title': 'SOURCES', 'link': 'https://archive.architecturaldigest.com/article/2011/9/sources'}, {'title': 'THE FUTURE-PERFECT LIFE', 'link': 'https://archive.architecturaldigest.com/article/2011/9/the-future-perfect-life'}, {'title': 'THE PURSUIT OF HAPPINESS', 'link': 'https://archive.architecturaldigest.com/article/2011/9/the-pursuit-of-happiness'}]",Fall,silver,saddlebrown,grey,black,whitesmoke,"{""0.2835097192224622"": [240, 240, 240], ""0.25696904247660185"": [195, 195, 182], ""0.19719942404607632"": [110, 64, 51], ""0.15126709863210944"": [160, 138, 114], ""0.11105471562275018"": [39, 22, 18]}"
2011,October,https://architecturaldigest.blob.core.windows.net/architecturaldigest20111001thumbnails/Covers/0x600/20111001.jpg,"[{'title': 'SOURCES', 'link': 'https://archive.architecturaldigest.com/article/2011/10/sources'}, {'title': 'SNAP, CRACKLE, POP', 'link': 'https://archive.architecturaldigest.com/article/2011/10/snap-crackle-pop'}, {'title': 'TAILOR-MADE', 'link': 'https://archive.architecturaldigest.com/article/2011/10/tailor-made'}]",Fall,darkslategrey,dimgrey,black,darkgrey,whitesmoke,"{""0.27997840172786176"": [239, 241, 243], ""0.25102231821454285"": [77, 69, 59], ""0.2057811375089993"": [115, 112, 101], ""0.17298776097912166"": [17, 13, 18], ""0.09023038156947444"": [173, 171, 173]}"
2011,November,https://architecturaldigest.blob.core.windows.net/architecturaldigest20111101thumbnails/Covers/0x600/20111101.jpg,"[{'title': 'SOURCES', 'link': 'https://archive.architecturaldigest.com/article/2011/11/sources'}, {'title': 'LABOR OF LOVE', 'link': 'https://archive.architecturaldigest.com/article/2011/11/labor-of-love'}, {'title': 'A FINE VINTAGE', 'link': 'https://archive.architecturaldigest.com/article/2011/11/a-fine-vintage'}]",Fall,darkolivegreen,grey,black,darkgrey,linen,"{""0.4403707703383729"": [236, 236, 235], ""0.15827933765298777"": [97, 68, 60], ""0.1453023758099352"": [149, 111, 97], ""0.13169546436285098"": [34, 22, 23], ""0.12435205183585313"": [184, 169, 159]}"
2011,December,https://architecturaldigest.blob.core.windows.net/architecturaldigest20111201thumbnails/Covers/0x600/20111201.jpg,"[{'title': 'SOURCES', 'link': 'https://archive.architecturaldigest.com/article/2011/12/sources'}, {'title': 'COLLECTED WISDOM', 'link': 'https://archive.architecturaldigest.com/article/2011/12/collected-wisdom'}, {'title': 'fascinating rhythm', 'link': 'https://archive.architecturaldigest.com/article/2011/12/fascinating-rhythm'}]",Winter,silver,rosybrown,sienna,darkolivegreen,snow,"{""0.3817027417027417"": [251, 249, 249], ""0.2001010101010101"": [215, 196, 185], ""0.19388167388167388"": [182, 152, 129], ""0.15648629148629148"": [157, 97, 82], ""0.06782828282828283"": [78, 47, 35]}"
2012,January,https://architecturaldigest.blob.core.windows.net/architecturaldigest20120101thumbnails/Covers/0x600/20120101.jpg,"[{'title': 'The Renegade', 'link': 'https://archive.architecturaldigest.com/article/2012/1/the-renegade'}, {'title': 'Sources', 'link': 'https://archive.architecturaldigest.com/article/2012/1/sources'}, {'title': 'Sense & Sensibility', 'link': 'https://archive.architecturaldigest.com/article/2012/1/sense-sensibility'}]",Winter,silver,rosybrown,dimgrey,darkslategrey,snow,"{""0.3348701298701299"": [251, 250, 248], ""0.2875865800865801"": [209, 202, 192], ""0.2062878787878788"": [167, 158, 145], ""0.10823232323232324"": [96, 93, 104], ""0.06302308802308802"": [52, 46, 41]}"
2012,February,https://architecturaldigest.blob.core.windows.net/architecturaldigest20120201thumbnails/Covers/0x600/20120201.jpg,"[{'title': 'RESTORATION DRAMA', 'link': 'https://archive.architecturaldigest.com/article/2012/2/restoration-drama'}, {'title': 'BACK TO THE FUTURE', 'link': 'https://archive.architecturaldigest.com/article/2012/2/back-to-the-future'}, {'title': 'SOURCES', 'link': 'https://archive.architecturaldigest.com/article/2012/2/sources'}]",Winter,snow,saddlebrown,tan,black,peru,"{""0.3066991341991342"": [185, 112, 52], ""0.2577958152958153"": [252, 250, 247], ""0.22054834054834055"": [136, 65, 36], ""0.11002525252525253"": [210, 172, 125], ""0.10493145743145743"": [56, 27, 26]}"
2012,March,https://architecturaldigest.blob.core.windows.net/architecturaldigest20120301thumbnails/Covers/0x600/20120301.jpg,"[{'title': 'Sources', 'link': 'https://archive.architecturaldigest.com/article/2012/3/sources'}, {'title': ""Insider's Istanbul"", 'link': 'https://archive.architecturaldigest.com/article/2012/3/insiders-istanbul'}, {'title': 'Personal History', 'link': 'https://archive.architecturaldigest.com/article/2012/3/personal-history'}]",Spring,darkslategrey,grey,silver,black,snow,"{""0.2837698412698413"": [250, 248, 248], ""0.2728354978354978"": [80, 77, 79], ""0.16754689754689756"": [159, 121, 97], ""0.154505772005772"": [197, 184, 170], ""0.12134199134199135"": [46, 31, 25]}"
2012,April,https://architecturaldigest.blob.core.windows.net/architecturaldigest20120401thumbnails/Covers/0x600/20120401.jpg,"[{'title': 'SOURCES', 'link': 'https://archive.architecturaldigest.com/article/2012/4/sources'}, {'title': 'AD ROUNDTABLE', 'link': 'https://archive.architecturaldigest.com/article/2012/4/ad-roundtable'}, {'title': 'A Perfect Union', 'link': 'https://archive.architecturaldigest.com/article/2012/4/a-perfect-union'}]",Spring,dimgrey,rosybrown,lightgrey,black,ghostwhite,"{""0.34845959595959597"": [249, 250, 250], ""0.17686868686868687"": [119, 93, 78], ""0.1739862914862915"": [178, 161, 139], ""0.15383116883116882"": [213, 202, 191], ""0.14685425685425685"": [47, 27, 22]}"
2012,May,https://architecturaldigest.blob.core.windows.net/architecturaldigest20120501thumbnails/Covers/0x600/20120501.jpg,"[{'title': 'Changing of the Guard', 'link': 'https://archive.architecturaldigest.com/article/2012/5/changing-of-the-guard'}, {'title': 'SOURCES', 'link': 'https://archive.architecturaldigest.com/article/2012/5/sources'}, {'title': 'Latin Jazz', 'link': 'https://archive.architecturaldigest.com/article/2012/5/latin-jazz'}]",Spring,grey,darkolivegreen,black,tan,aliceblue,"{""0.35773448773448774"": [237, 248, 251], ""0.20893578643578645"": [142, 131, 80], ""0.17523448773448774"": [91, 88, 46], ""0.15774531024531024"": [41, 42, 17], ""0.10034992784992786"": [197, 174, 145]}"
2012,June,https://architecturaldigest.blob.core.windows.net/architecturaldigest20120601thumbnails/Covers/0x600/20120601.jpg,"[{'title': 'SOURCES', 'link': 'https://archive.architecturaldigest.com/article/2012/6/sources'}, {'title': 'CLEARLY INSPIRED', 'link': 'https://archive.architecturaldigest.com/article/2012/6/clearly-inspired'}, {'title': 'COASTAL COMMISSION', 'link': 'https://archive.architecturaldigest.com/article/2012/6/coastal-commission'}]",Summer,grey,darkolivegreen,black,lightsteelblue,whitesmoke,"{""0.3480266955266955"": [246, 249, 245], ""0.1762878787878788"": [158, 147, 98], ""0.16494949494949496"": [92, 94, 60], ""0.15774891774891775"": [32, 36, 16], ""0.15298701298701298"": [172, 191, 207]}"
2012,July,https://architecturaldigest.blob.core.windows.net/architecturaldigest20120701thumbnails/Covers/0x600/20120701.jpg,"[{'title': 'Sources', 'link': 'https://archive.architecturaldigest.com/article/2012/7/sources'}, {'title': 'Hollywood Comeback', 'link': 'https://archive.architecturaldigest.com/article/2012/7/hollywood-comeback'}, {'title': 'American Beauty', 'link': 'https://archive.architecturaldigest.com/article/2012/7/american-beauty'}]",Summer,silver,rosybrown,sienna,darkslategrey,whitesmoke,"{""0.4931132756132756"": [241, 244, 248], ""0.1473809523809524"": [215, 200, 183], ""0.1428896103896104"": [168, 147, 140], ""0.12090909090909091"": [152, 96, 82], ""0.09570707070707071"": [64, 35, 38]}"
2012,August,https://architecturaldigest.blob.core.windows.net/architecturaldigest20120801thumbnails/Covers/0x600/20120801.jpg,"[{'title': 'Sources', 'link': 'https://archive.architecturaldigest.com/article/2012/8/sources'}, {'title': 'Triumph of Character', 'link': 'https://archive.architecturaldigest.com/article/2012/8/triumph-of-character'}, {'title': 'Bold Strokes', 'link': 'https://archive.architecturaldigest.com/article/2012/8/bold-strokes'}]",Summer,snow,darkslategrey,grey,silver,darkolivegreen,"{""0.26057359307359307"": [81, 93, 52], ""0.24083694083694085"": [251, 252, 249], ""0.23525613275613275"": [41, 50, 20], ""0.16056277056277057"": [136, 144, 88], ""0.10277056277056278"": [200, 199, 165]}"
2012,September,https://architecturaldigest.blob.core.windows.net/architecturaldigest20120901thumbnails/Covers/0x600/20120901.jpg,"[{'title': 'SOURCES', 'link': 'https://archive.architecturaldigest.com/article/2012/9/sources'}, {'title': ""L'Art de Vivre"", 'link': 'https://archive.architecturaldigest.com/article/2012/9/lart-de-vivre'}, {'title': 'SOCIAL STUDIES', 'link': 'https://archive.architecturaldigest.com/article/2012/9/social-studies'}]",Fall,lightgrey,darkgrey,dimgrey,black,snow,"{""0.32816017316017315"": [250, 250, 249], ""0.2481024531024531"": [213, 209, 207], ""0.18354617604617604"": [175, 163, 156], ""0.1404978354978355"": [104, 91, 97], ""0.0996933621933622"": [39, 32, 30]}"
2012,October,https://architecturaldigest.blob.core.windows.net/architecturaldigest20121001thumbnails/Covers/0x600/20121001.jpg,"[{'title': 'SOURCES', 'link': 'https://archive.architecturaldigest.com/article/2012/10/sources'}, {'title': ""AN ARTISAN'S FLORENCE"", 'link': 'https://archive.architecturaldigest.com/article/2012/10/an-artisans-florence'}, {'title': 'PURE IMAGINATION', 'link': 'https://archive.architecturaldigest.com/article/2012/10/pure-imagination'}]",Fall,snow,black,rosybrown,silver,olivedrab,"{""0.3571608946608947"": [96, 131, 54], ""0.24911976911976913"": [251, 252, 250], ""0.19743867243867244"": [33, 39, 21], ""0.1351875901875902"": [169, 132, 108], ""0.061093073593073595"": [209, 199, 175]}"
2012,November,https://architecturaldigest.blob.core.windows.net/architecturaldigest20121101thumbnails/Covers/0x600/20121101.jpg,"[{'title': 'Sources', 'link': 'https://archive.architecturaldigest.com/article/2012/11/sources'}, {'title': 'Revise & Conquer', 'link': 'https://archive.architecturaldigest.com/article/2012/11/revise-conquer'}, {'title': 'Up Close . . . And Personal', 'link': 'https://archive.architecturaldigest.com/article/2012/11/up-close-and-personal'}]",Fall,whitesmoke,peru,saddlebrown,black,silver,"{""0.3606998556998557"": [220, 199, 175], ""0.29598845598845597"": [250, 247, 245], ""0.13426406926406925"": [185, 137, 91], ""0.11072871572871573"": [109, 60, 51], ""0.09831890331890332"": [38, 21, 16]}"
2012,December,https://architecturaldigest.blob.core.windows.net/architecturaldigest20121201thumbnails/Covers/0x600/20121201.jpg,"[{'title': 'Sources', 'link': 'https://archive.architecturaldigest.com/article/2012/12/sources'}, {'title': 'Family Wise', 'link': 'https://archive.architecturaldigest.com/article/2012/12/family-wise'}, {'title': 'Light + Lively', 'link': 'https://archive.architecturaldigest.com/article/2012/12/light-lively'}]",Winter,black,darkgrey,grey,darkslategrey,whitesmoke,"{""0.40903679653679653"": [242, 242, 244], ""0.1715945165945166"": [29, 22, 27], ""0.16126984126984126"": [186, 176, 176], ""0.14273809523809525"": [149, 108, 122], ""0.11536075036075036"": [86, 74, 77]}"
2013,January,https://architecturaldigest.blob.core.windows.net/architecturaldigest20130101thumbnails/Covers/0x600/20130101.jpg,"[{'title': 'SOURCES', 'link': 'https://archive.architecturaldigest.com/article/2013/1/sources'}, {'title': 'TRAVEL', 'link': 'https://archive.architecturaldigest.com/article/2013/1/travel'}, {'title': 'MAXIMUM IMPACT', 'link': 'https://archive.architecturaldigest.com/article/2013/1/maximum-impact'}]",Winter,whitesmoke,grey,darkslategrey,crimson,lightgrey,"{""0.33985569985569986"": [214, 204, 192], ""0.2990692640692641"": [250, 248, 247], ""0.20743867243867245"": [144, 130, 111], ""0.11650072150072151"": [56, 45, 36], ""0.03713564213564213"": [205, 33, 67]}"
2013,February,https://architecturaldigest.blob.core.windows.net/architecturaldigest20130201thumbnails/Covers/0x600/20130201.jpg,"[{'title': 'SOURCES', 'link': 'https://archive.architecturaldigest.com/article/2013/2/sources'}, {'title': 'London Calling', 'link': 'https://archive.architecturaldigest.com/article/2013/2/london-calling'}, {'title': 'IN A NEW LIGHT', 'link': 'https://archive.architecturaldigest.com/article/2013/2/in-a-new-light'}]",Winter,silver,rosybrown,dimgrey,black,whitesmoke,"{""0.3582070707070707"": [250, 248, 245], ""0.28474386724386724"": [210, 200, 176], ""0.16056277056277057"": [167, 154, 120], ""0.13500721500721502"": [112, 94, 70], ""0.06147907647907648"": [39, 28, 19]}"
2013,March,https://architecturaldigest.blob.core.windows.net/architecturaldigest20130301thumbnails/Covers/0x600/20130301.jpg,"[{'title': 'Full House', 'link': 'https://archive.architecturaldigest.com/article/2013/3/full-house'}, {'title': 'Turning a Page', 'link': 'https://archive.architecturaldigest.com/article/2013/3/turning-a-page'}, {'title': 'Sources', 'link': 'https://archive.architecturaldigest.com/article/2013/3/sources'}]",Spring,darkslategrey,gainsboro,grey,mediumvioletred,snow,"{""0.2794300144300144"": [250, 250, 250], ""0.2595815295815296"": [39, 33, 41], ""0.25263708513708516"": [222, 216, 216], ""0.15648989898989898"": [143, 130, 127], ""0.05186147186147186"": [219, 26, 129]}"
2013,April,https://architecturaldigest.blob.core.windows.net/architecturaldigest20130401thumbnails/Covers/0x600/20130401.jpg,"[{'title': 'SOURCES', 'link': 'https://archive.architecturaldigest.com/article/2013/4/source'}, {'title': 'COLONIAL REVIVAL', 'link': 'https://archive.architecturaldigest.com/article/2013/4/colonial-revival'}, {'title': 'SOCIAL ENGINEERING', 'link': 'https://archive.architecturaldigest.com/article/2013/4/social-engineering'}]",Spring,lightgrey,darkgrey,black,sienna,whitesmoke,"{""0.40525613275613276"": [248, 247, 247], ""0.24244588744588744"": [221, 216, 209], ""0.12832972582972582"": [178, 165, 149], ""0.12295093795093795"": [36, 28, 26], ""0.10101731601731602"": [143, 91, 78]}"
2013,May,https://architecturaldigest.blob.core.windows.net/architecturaldigest20130501thumbnails/Covers/0x600/20130501.jpg,"[{'title': 'Masterpiece Theater', 'link': 'https://archive.architecturaldigest.com/article/2013/5/masterpiece-theater'}, {'title': 'SOURCES', 'link': 'https://archive.architecturaldigest.com/article/2013/5/sources'}, {'title': 'PLAYING FAVORITES', 'link': 'https://archive.architecturaldigest.com/article/2013/5/playing-favorites'}]",Spring,silver,darkkhaki,saddlebrown,cadetblue,whitesmoke,"{""0.34735209235209236"": [241, 244, 248], ""0.27121212121212124"": [193, 196, 204], ""0.18359307359307359"": [199, 149, 108], ""0.12258658008658009"": [119, 59, 40], ""0.07525613275613276"": [90, 138, 170]}"
2013,June,https://architecturaldigest.blob.core.windows.net/architecturaldigest20130601thumbnails/Covers/0x600/20130601.jpg,"[{'title': 'Sources', 'link': 'https://archive.architecturaldigest.com/article/2013/6/sources'}, {'title': 'Raising the Roof', 'link': 'https://archive.architecturaldigest.com/article/2013/6/raising-the-roof'}, {'title': 'A Federal Case', 'link': 'https://archive.architecturaldigest.com/article/2013/6/a-federal-case'}]",Summer,lightgrey,rosybrown,black,sienna,whitesmoke,"{""0.36402958152958154"": [249, 247, 247], ""0.22408008658008657"": [211, 205, 198], ""0.15281746031746032"": [176, 161, 140], ""0.14423520923520924"": [47, 35, 30], ""0.11483766233766234"": [141, 88, 83]}"
2013,July,https://architecturaldigest.blob.core.windows.net/architecturaldigest20130701thumbnails/Covers/0x600/20130701.jpg,"[{'title': 'SOURCES', 'link': 'https://archive.architecturaldigest.com/article/2013/7/sources'}, {'title': 'GUIDING LIGHTS', 'link': 'https://archive.architecturaldigest.com/article/2013/7/guiding-lights'}, {'title': 'MASTER OF CEREMONIES', 'link': 'https://archive.architecturaldigest.com/article/2013/7/master-of-ceremonies'}]",Summer,snow,cornflowerblue,lightgrey,darkslategrey,dimgrey,"{""0.25605339105339103"": [82, 107, 115], ""0.23513347763347764"": [251, 252, 252], ""0.21196248196248196"": [125, 162, 199], ""0.168015873015873"": [212, 209, 202], ""0.12883477633477633"": [42, 51, 36]}"
2013,August,https://architecturaldigest.blob.core.windows.net/architecturaldigest20130801thumbnails/Covers/0x600/20130801.jpg,"[{'title': 'SOURCES', 'link': 'https://archive.architecturaldigest.com/article/2013/8/source'}, {'title': 'Grand Reinvention', 'link': 'https://archive.architecturaldigest.com/article/2013/8/grand-reinvention'}, {'title': 'IN THE MIX', 'link': 'https://archive.architecturaldigest.com/article/2013/8/in-the-mix'}]",Summer,ghostwhite,lightsteelblue,lightslategrey,darkslategrey,powderblue,"{""0.332041847041847"": [198, 219, 230], ""0.2719733044733045"": [248, 250, 252], ""0.19055555555555556"": [158, 184, 200], ""0.1347113997113997"": [114, 139, 158], ""0.07071789321789322"": [52, 62, 99]}"
2013,September,https://architecturaldigest.blob.core.windows.net/architecturaldigest20130901thumbnails/Covers/0x600/20130901.jpg,"[{'title': 'IN HIS ELEMENT', 'link': 'https://archive.architecturaldigest.com/article/2013/9/in-his-element'}, {'title': 'SOURCES', 'link': 'https://archive.architecturaldigest.com/article/2013/9/sources'}, {'title': 'A PERFECT UNION', 'link': 'https://archive.architecturaldigest.com/article/2013/9/a-perfect-union'}]",Fall,snow,darkslategrey,grey,silver,black,"{""0.35183982683982684"": [20, 23, 15], ""0.2586075036075036"": [251, 251, 251], ""0.15038600288600287"": [64, 78, 57], ""0.12757936507936507"": [133, 128, 113], ""0.11158730158730158"": [184, 192, 194]}"
2013,October,https://architecturaldigest.blob.core.windows.net/architecturaldigest20131001thumbnails/Covers/0x600/20131001.jpg,"[{'title': 'SOURCES', 'link': 'https://archive.architecturaldigest.com/article/2013/10/sources'}, {'title': 'COMFORTS OF HOME', 'link': 'https://archive.architecturaldigest.com/article/2013/10/comforts-of-home'}, {'title': 'BOSTON UNCOMMON', 'link': 'https://archive.architecturaldigest.com/article/2013/10/boston-uncommon'}]",Fall,darkolivegreen,black,grey,silver,snow,"{""0.2589069264069264"": [252, 250, 249], ""0.22280663780663781"": [110, 73, 64], ""0.19025613275613276"": [54, 30, 26], ""0.18461399711399712"": [164, 125, 110], ""0.14341630591630591"": [208, 188, 170]}"
2013,November,https://architecturaldigest.blob.core.windows.net/architecturaldigest20131101thumbnails/Covers/0x600/20131101.jpg,"[{'title': 'SOURCES', 'link': 'https://archive.architecturaldigest.com/article/2013/11/sources'}, {'title': 'PARADISE SHARED', 'link': 'https://archive.architecturaldigest.com/article/2013/11/paradise-shared'}, {'title': 'A TALL ORDER', 'link': 'https://archive.architecturaldigest.com/article/2013/11/a-tall-order'}]",Fall,snow,black,grey,firebrick,wheat,"{""0.4431096681096681"": [224, 208, 187], ""0.2996067821067821"": [252, 250, 248], ""0.10185064935064934"": [52, 38, 24], ""0.0889935064935065"": [156, 129, 102], ""0.06643939393939394"": [200, 49, 44]}"
2013,December,https://architecturaldigest.blob.core.windows.net/architecturaldigest20131201thumbnails/Covers/0x600/20131201.jpg,"[{'title': 'SOURCES', 'link': 'https://archive.architecturaldigest.com/article/2013/12/sources'}, {'title': 'THE NEXT GENERATION', 'link': 'https://archive.architecturaldigest.com/article/2013/12/the-next-generation'}, {'title': 'THE HIGH LIFE', 'link': 'https://archive.architecturaldigest.com/article/2013/12/the-high-life'}]",Winter,black,darkolivegreen,grey,silver,whitesmoke,"{""0.41524170274170275"": [246, 246, 247], ""0.20296176046176045"": [39, 29, 24], ""0.15973665223665223"": [89, 70, 65], ""0.11321428571428571"": [150, 120, 121], ""0.10884559884559884"": [191, 195, 200]}"
2014,January,https://architecturaldigest.blob.core.windows.net/architecturaldigest20140101thumbnails/Covers/0x600/20140101.jpg,"[{'title': 'SOURCES', 'link': 'https://archive.architecturaldigest.com/article/2014/1/sources'}, {'title': 'LINES OF VISION', 'link': 'https://archive.architecturaldigest.com/article/2014/1/lines-of-vision'}, {'title': 'Swiss Mix', 'link': 'https://archive.architecturaldigest.com/article/2014/1/swiss-mix'}]",Winter,darkslateblue,darkslategrey,lightslategrey,darkolivegreen,whitesmoke,"{""0.42844155844155846"": [244, 246, 248], ""0.2326154401154401"": [36, 82, 152], ""0.1384848484848485"": [34, 45, 34], ""0.10716450216450217"": [119, 150, 187], ""0.09329365079365079"": [87, 105, 72]}"
2014,February,https://architecturaldigest.blob.core.windows.net/architecturaldigest20140201thumbnails/Covers/0x600/20140201.jpg,"[{'title': 'Sources', 'link': 'https://archive.architecturaldigest.com/article/2014/2/sources'}, {'title': 'Making Waves', 'link': 'https://archive.architecturaldigest.com/article/2014/2/making-waves'}, {'title': 'Fresh Perspective', 'link': 'https://archive.architecturaldigest.com/article/2014/2/fresh-perspective'}]",Winter,gainsboro,darkgrey,dimgrey,darkslategrey,ghostwhite,"{""0.300007215007215"": [250, 251, 252], ""0.23683261183261184"": [222, 219, 218], ""0.22108585858585858"": [168, 162, 160], ""0.1404112554112554"": [119, 99, 103], ""0.10166305916305916"": [43, 40, 36]}"
2014,March,https://architecturaldigest.blob.core.windows.net/architecturaldigest20140301thumbnails/Covers/0x600/20140301.jpg,"[{'title': 'Access Hollywood', 'link': 'https://archive.architecturaldigest.com/article/2014/3/access-hollywood'}, {'title': 'Sources', 'link': 'https://archive.architecturaldigest.com/article/2014/3/sources'}, {'title': 'Port of Call', 'link': 'https://archive.architecturaldigest.com/article/2014/3/port-of-call'}]",Spring,lightgrey,black,grey,dimgrey,snow,"{""0.221504329004329"": [252, 251, 252], ""0.2184992784992785"": [211, 204, 205], ""0.19865079365079366"": [37, 30, 27], ""0.18545815295815296"": [157, 135, 131], ""0.1758874458874459"": [108, 79, 78]}"
2014,April,https://architecturaldigest.blob.core.windows.net/architecturaldigest20140401thumbnails/Covers/0x600/20140401.jpg,"[{'title': 'Sources', 'link': 'https://archive.architecturaldigest.com/article/2014/4/sources'}, {'title': 'Houston Blasts Off', 'link': 'https://archive.architecturaldigest.com/article/2014/4/houston-blasts-off'}, {'title': 'Color Theory', 'link': 'https://archive.architecturaldigest.com/article/2014/4/color-theory'}]",Spring,darkslategrey,silver,dimgrey,darkslateblue,aliceblue,"{""0.30952380952380953"": [243, 249, 250], ""0.266540404040404"": [33, 55, 64], ""0.15770923520923522"": [178, 197, 197], ""0.13313131313131313"": [116, 141, 82], ""0.1330952380952381"": [61, 104, 134]}"
2014,May,https://architecturaldigest.blob.core.windows.net/architecturaldigest20140501thumbnails/Covers/0x600/20140501.jpg,"[{'title': 'SOURCES', 'link': 'https://archive.architecturaldigest.com/article/2014/5/sources'}, {'title': 'ARCHITECTURAL DIGEST', 'link': 'https://archive.architecturaldigest.com/article/2014/5/architectural-digest-3'}, {'title': 'ELEMENTS OF STYLE', 'link': 'https://archive.architecturaldigest.com/article/2014/5/elements-of-styl'}]",Spring,black,darkolivegreen,skyblue,burlywood,whitesmoke,"{""0.27964646464646464"": [243, 246, 249], ""0.2488924963924964"": [42, 41, 20], ""0.19905122655122656"": [124, 110, 59], ""0.1694047619047619"": [130, 177, 216], ""0.1030050505050505"": [218, 177, 126]}"
2014,June,https://architecturaldigest.blob.core.windows.net/architecturaldigest20140601thumbnails/Covers/0x600/20140601.jpg,"[{'title': 'SOURCES', 'link': 'https://archive.architecturaldigest.com/article/2014/6/sources'}, {'title': 'Green Goddess', 'link': 'https://archive.architecturaldigest.com/article/2014/6/green-goddess'}, {'title': 'MAGNIFICENT OBSESSION', 'link': 'https://archive.architecturaldigest.com/article/2014/6/magnificent-obsession'}]",Summer,dimgrey,darkkhaki,darkslategrey,palegoldenrod,whitesmoke,"{""0.30128066378066376"": [248, 250, 247], ""0.21067099567099568"": [127, 91, 75], ""0.1838961038961039"": [164, 169, 108], ""0.1640873015873016"": [46, 43, 25], ""0.14006493506493506"": [212, 212, 166]}"
2014,July,https://architecturaldigest.blob.core.windows.net/architecturaldigest20140701thumbnails/Covers/0x600/20140701.jpg,"[{'title': 'Sources', 'link': 'https://archive.architecturaldigest.com/article/2014/7/sources'}, {'title': 'A Great Escape', 'link': 'https://archive.architecturaldigest.com/article/2014/7/a-great-escape'}, {'title': 'Unexpected Pleasures', 'link': 'https://archive.architecturaldigest.com/article/2014/7/unexpected-pleasures'}]",Summer,black,darkolivegreen,lightsteelblue,darkkhaki,mintcream,"{""0.27216450216450216"": [249, 251, 249], ""0.2020959595959596"": [31, 40, 25], ""0.1908946608946609"": [81, 94, 62], ""0.17066738816738816"": [170, 198, 218], ""0.16417748917748917"": [157, 152, 80]}"
2014,August,https://architecturaldigest.blob.core.windows.net/architecturaldigest20140801thumbnails/Covers/0x600/20140801.jpg,"[{'title': 'SOURCES', 'link': 'https://archive.architecturaldigest.com/article/2014/8/sources'}, {'title': 'TEXAS TRIUMPH', 'link': 'https://archive.architecturaldigest.com/article/2014/8/texas-triumph'}, {'title': 'FULL SPECTRUM', 'link': 'https://archive.architecturaldigest.com/article/2014/8/full-spectrum'}]",Summer,black,darkolivegreen,yellowgreen,darkgrey,ghostwhite,"{""0.2788924963924964"": [248, 249, 249], ""0.23965367965367965"": [35, 45, 20], ""0.23594155844155845"": [112, 105, 50], ""0.18817821067821067"": [168, 172, 67], ""0.057334054834054834"": [174, 178, 177]}"
2014,September,https://architecturaldigest.blob.core.windows.net/architecturaldigest20140901thumbnails/Covers/0x600/20140901.jpg,"[{'title': 'SOURCES', 'link': 'https://archive.architecturaldigest.com/article/2014/9/sources'}, {'title': 'MAXIMUM MADRID', 'link': 'https://archive.architecturaldigest.com/article/2014/9/maximum-madrid'}, {'title': 'A Different Stripe', 'link': 'https://archive.architecturaldigest.com/article/2014/9/a-different-stripe'}]",Fall,silver,black,grey,purple,whitesmoke,"{""0.5087914862914863"": [238, 240, 242], ""0.24102453102453103"": [198, 198, 193], ""0.10711038961038961"": [31, 35, 28], ""0.09952020202020202"": [127, 134, 115], ""0.04355339105339105"": [151, 29, 92]}"
2014,October,https://architecturaldigest.blob.core.windows.net/architecturaldigest20141001thumbnails/Covers/0x600/20141001.jpg,"[{'title': 'Sources', 'link': 'https://archive.architecturaldigest.com/article/2014/10/sources'}, {'title': ""Under Savannah's Spell"", 'link': 'https://archive.architecturaldigest.com/article/2014/10/under-savannahs-spell'}, {'title': 'On the Market', 'link': 'https://archive.architecturaldigest.com/article/2014/10/on-the-market'}]",Fall,whitesmoke,burlywood,grey,darkslategrey,cornflowerblue,"{""0.3592712842712843"": [136, 161, 208], ""0.33875180375180375"": [242, 242, 241], ""0.15866161616161617"": [221, 198, 130], ""0.08211399711399711"": [120, 116, 114], ""0.0612012987012987"": [41, 46, 38]}"
2014,November,https://architecturaldigest.blob.core.windows.net/architecturaldigest20141101thumbnails/Covers/0x600/20141101.jpg,"[{'title': 'SOURCES', 'link': 'https://archive.architecturaldigest.com/article/2014/11/sources'}, {'title': 'STAR TURN', 'link': 'https://archive.architecturaldigest.com/article/2014/11/star-turn'}, {'title': 'TRUE NORTH', 'link': 'https://archive.architecturaldigest.com/article/2014/11/true-north'}]",Fall,black,darkolivegreen,darkgrey,mediumvioletred,whitesmoke,"{""0.4057936507936508"": [245, 243, 241], ""0.2814069264069264"": [46, 36, 28], ""0.16466450216450215"": [106, 88, 70], ""0.10680735930735931"": [187, 170, 157], ""0.04132756132756133"": [195, 18, 116]}"
2014,December,https://architecturaldigest.blob.core.windows.net/architecturaldigest20141201thumbnails/Covers/0x600/20141201.jpg,"[{'title': 'Pefectly Scripted', 'link': 'https://archive.architecturaldigest.com/article/2014/12/pefectly-scripted'}, {'title': 'The Golden Age', 'link': 'https://archive.architecturaldigest.com/article/2014/12/the-golden-age'}, {'title': 'Social Studies', 'link': 'https://archive.architecturaldigest.com/article/2014/12/social-studies'}]",Winter,silver,darkslategrey,dimgrey,mediumvioletred,whitesmoke,"{""0.38735569985569984"": [245, 243, 243], ""0.26461760461760464"": [195, 189, 179], ""0.17254689754689756"": [42, 35, 35], ""0.13871933621933621"": [122, 110, 102], ""0.03676046176046176"": [171, 32, 97]}"
2015,January,https://architecturaldigest.blob.core.windows.net/architecturaldigest20150101thumbnails/Covers/0x600/20150101.jpg,"[{'title': 'Sources', 'link': 'https://archive.architecturaldigest.com/article/2015/1/sources'}, {'title': 'Marino on Marino', 'link': 'https://archive.architecturaldigest.com/article/2015/1/marino-on-marino'}, {'title': 'Reflected Glory', 'link': 'https://archive.architecturaldigest.com/article/2015/1/reflected-glory'}]",Winter,lightgrey,darkgrey,dimgrey,black,whitesmoke,"{""0.4163961038961039"": [247, 247, 247], ""0.2743867243867244"": [217, 213, 212], ""0.15841630591630593"": [168, 162, 160], ""0.11156926406926407"": [99, 84, 95], ""0.03923160173160173"": [33, 27, 24]}"
2015,February,https://architecturaldigest.blob.core.windows.net/architecturaldigest20150201thumbnails/Covers/0x600/20150201.jpg,"[{'title': 'Sources', 'link': 'https://archive.architecturaldigest.com/article/2015/2/sources'}, {'title': 'Forward Shift', 'link': 'https://archive.architecturaldigest.com/article/2015/2/forward-shift'}, {'title': 'STATE of GRACE', 'link': 'https://archive.architecturaldigest.com/article/2015/2/state-of-grace'}]",Winter,snow,black,sienna,darkkhaki,darkslategrey,"{""0.2783766233766234"": [64, 59, 60], ""0.25113636363636366"": [251, 251, 250], ""0.1843975468975469"": [30, 26, 27], ""0.16065656565656566"": [148, 107, 67], ""0.12543290043290042"": [185, 172, 129]}"
2015,March,https://architecturaldigest.blob.core.windows.net/architecturaldigest20150301thumbnails/Covers/0x600/20150301.jpg,"[{'title': 'SOURCES', 'link': 'https://archive.architecturaldigest.com/article/2015/3/sources'}, {'title': 'HOLLYWOOD REMAKE', 'link': 'https://archive.architecturaldigest.com/article/2015/3/hollywood-remake'}, {'title': 'The Entertainers', 'link': 'https://archive.architecturaldigest.com/article/2015/3/the-entertainers'}]",Spring,lightgrey,darkslategrey,,lightslategrey,snow,"{""0.34001443001443"": [250, 249, 249], ""0.1950937950937951"": [212, 211, 211], ""0.18613997113997113"": [34, 34, 43], ""0.178510101010101"": [71, 77, 93], ""0.10024170274170274"": [128, 135, 151]}"
2015,April,https://architecturaldigest.blob.core.windows.net/architecturaldigest20150401thumbnails/Covers/0x600/20150401.jpg,"[{'title': 'SOURCES', 'link': 'https://archive.architecturaldigest.com/article/2015/4/sources'}, {'title': 'SAVING GRACE', 'link': 'https://archive.architecturaldigest.com/article/2015/4/saving-grace'}, {'title': 'HIGH DEFINITION', 'link': 'https://archive.architecturaldigest.com/article/2015/4/high-definition'}]",Spring,rosybrown,dimgrey,lightgrey,darkslategrey,snow,"{""0.2592099567099567"": [252, 250, 250], ""0.20402236652236652"": [171, 158, 141], ""0.19947691197691197"": [111, 90, 81], ""0.19872655122655122"": [219, 212, 203], ""0.13856421356421356"": [50, 39, 28]}"
2015,May,https://architecturaldigest.blob.core.windows.net/architecturaldigest20150501thumbnails/Covers/0x600/20150501.jpg,"[{'title': 'Cuba Calling', 'link': 'https://archive.architecturaldigest.com/article/2015/5/cuba-calling'}, {'title': 'Account Balance', 'link': 'https://archive.architecturaldigest.com/article/2015/5/account-balance'}, {'title': 'Honor Guard', 'link': 'https://archive.architecturaldigest.com/article/2015/5/honor-guard'}]",Spring,darkslategrey,snow,darkkhaki,tan,olivedrab,"{""0.26981240981240984"": [109, 123, 51], ""0.2607106782106782"": [50, 54, 26], ""0.2413095238095238"": [252, 252, 249], ""0.14417748917748918"": [157, 168, 84], ""0.08398989898989899"": [207, 198, 161]}"
2015,June,https://architecturaldigest.blob.core.windows.net/architecturaldigest20150601thumbnails/Covers/0x600/20150601.jpg,"[{'title': 'SOURCES', 'link': 'https://archive.architecturaldigest.com/article/2015/6/sources'}, {'title': 'A NEW TRADITION', 'link': 'https://archive.architecturaldigest.com/article/2015/6/a-new-tradition'}, {'title': 'A PLACE IN THE SUN', 'link': 'https://archive.architecturaldigest.com/article/2015/6/a-place-in-the-sun'}]",Summer,darkslategrey,cornflowerblue,lightsteelblue,dimgrey,snow,"{""0.30247113997113995"": [250, 251, 247], ""0.21826118326118327"": [49, 49, 29], ""0.17244227994227995"": [93, 159, 203], ""0.1679004329004329"": [176, 201, 205], ""0.13892496392496392"": [123, 124, 85]}"
2015,July,https://architecturaldigest.blob.core.windows.net/architecturaldigest20150701thumbnails/Covers/0x600/20150701.jpg,"[{'title': 'SOURCES', 'link': 'https://archive.architecturaldigest.com/article/2015/7/sources'}, {'title': 'VENICE UNMASKED', 'link': 'https://archive.architecturaldigest.com/article/2015/7/venice-unmasked'}, {'title': 'Triumph of Character', 'link': 'https://archive.architecturaldigest.com/article/2015/7/triumph-of-character'}]",Summer,snow,dimgrey,grey,darkslategrey,lightsteelblue,"{""0.2591991341991342"": [175, 192, 217], ""0.25277777777777777"": [250, 249, 250], ""0.18678210678210677"": [88, 88, 93], ""0.15254689754689754"": [145, 150, 137], ""0.14869408369408368"": [42, 49, 32]}"
2015,August,https://architecturaldigest.blob.core.windows.net/architecturaldigest20150801thumbnails/Covers/0x600/20150801.jpg,"[{'title': 'Sources', 'link': 'https://archive.architecturaldigest.com/article/2015/8/sources'}, {'title': 'A Shared Passion', 'link': 'https://archive.architecturaldigest.com/article/2015/8/a-shared-passion'}, {'title': 'Outside the Box', 'link': 'https://archive.architecturaldigest.com/article/2015/8/outside-the-box'}]",Summer,silver,lightslategrey,darkslategrey,sienna,whitesmoke,"{""0.42812770562770563"": [247, 244, 243], ""0.24827200577200578"": [193, 188, 200], ""0.15972943722943722"": [125, 130, 153], ""0.1104978354978355"": [58, 44, 49], ""0.05337301587301587"": [170, 65, 72]}"
2015,September,https://architecturaldigest.blob.core.windows.net/architecturaldigest20150901thumbnails/Covers/0x600/20150901.jpg,"[{'title': 'SOURCES', 'link': 'https://archive.architecturaldigest.com/article/2015/9/sources'}, {'title': 'URBAN THRALL', 'link': 'https://archive.architecturaldigest.com/article/2015/9/urban-thrall'}, {'title': 'SIMPLY IRRESISTIBLE', 'link': 'https://archive.architecturaldigest.com/article/2015/9/simply-irresistible'}]",Fall,wheat,dimgrey,black,rosybrown,floralwhite,"{""0.3276298701298701"": [251, 248, 242], ""0.20457431457431458"": [223, 209, 182], ""0.1703932178932179"": [91, 87, 79], ""0.15735569985569986"": [36, 39, 22], ""0.14004689754689756"": [158, 148, 124]}"
2015,October,https://architecturaldigest.blob.core.windows.net/architecturaldigest20151001thumbnails/Covers/0x600/20151001.jpg,"[{'title': 'SOURCES', 'link': 'https://archive.architecturaldigest.com/article/2015/10/sources'}, {'title': 'ARTFUL DIPLOMACY', 'link': 'https://archive.architecturaldigest.com/article/2015/10/artful-diplomacy'}, {'title': 'MAKING WAVES', 'link': 'https://archive.architecturaldigest.com/article/2015/10/making-waves'}]",Fall,lightgrey,black,sienna,rosybrown,whitesmoke,"{""0.32886724386724386"": [250, 248, 247], ""0.29251443001443"": [223, 210, 201], ""0.17123376623376624"": [33, 31, 32], ""0.10641414141414142"": [138, 85, 71], ""0.10097041847041847"": [187, 151, 128]}"
2015,November,https://architecturaldigest.blob.core.windows.net/architecturaldigest20151101thumbnails/Covers/0x600/20151101.jpg,"[{'title': 'SOURCES', 'link': 'https://archive.architecturaldigest.com/article/2015/11/sources'}, {'title': ""VIENNA'S VERVE"", 'link': 'https://archive.architecturaldigest.com/article/2015/11/viennas-verve'}, {'title': 'HIGH IMPACT', 'link': 'https://archive.architecturaldigest.com/article/2015/11/high-impact'}]",Fall,tan,rosybrown,sienna,black,whitesmoke,"{""0.30514069264069266"": [251, 246, 246], ""0.272521645021645"": [196, 167, 153], ""0.20486652236652236"": [168, 134, 117], ""0.14366522366522366"": [130, 81, 69], ""0.0738059163059163"": [50, 25, 20]}"
2015,December,https://architecturaldigest.blob.core.windows.net/architecturaldigest20151201thumbnails/Covers/0x600/20151201.jpg,"[{'title': 'Sources', 'link': 'https://archive.architecturaldigest.com/article/2015/12/sources'}, {'title': 'Russian Novel', 'link': 'https://archive.architecturaldigest.com/article/2015/12/russian-novel'}, {'title': 'Private Access', 'link': 'https://archive.architecturaldigest.com/article/2015/12/private-access'}]",Winter,silver,black,darkgrey,dimgrey,whitesmoke,"{""0.37633116883116885"": [247, 245, 245], ""0.22870851370851372"": [202, 198, 197], ""0.15448773448773448"": [37, 29, 32], ""0.15216450216450217"": [157, 154, 154], ""0.08830808080808081"": [123, 86, 84]}"
2016,January,https://architecturaldigest.blob.core.windows.net/architecturaldigest20160101thumbnails/Covers/0x600/20160101.jpg,"[{'title': 'The 2016 AD 100: THE TOP TALENTS IN ARCHITECTURE + INTERIOR DESIGN', 'link': 'https://archive.architecturaldigest.com/article/2016/1/the-2016-ad-100-the-top-talents-in-architecture-interior-design'}, {'title': 'FUTURES MARKET', 'link': 'https://archive.architecturaldigest.com/article/2016/1/futures-market'}, {'title': 'CROWN JEWEL', 'link': 'https://archive.architecturaldigest.com/article/2016/1/crown-jewel'}]",Winter,ghostwhite,darkslategrey,chocolate,slategrey,lightsteelblue,"{""0.31376623376623375"": [186, 203, 230], ""0.24089105339105338"": [250, 251, 252], ""0.23445165945165944"": [37, 30, 42], ""0.15088744588744588"": [191, 88, 49], ""0.0600036075036075"": [104, 108, 131]}"
2016,February,https://architecturaldigest.blob.core.windows.net/architecturaldigest20160201thumbnails/Covers/0x600/20160201.jpg,"[{'title': 'Classical Jazz', 'link': 'https://archive.architecturaldigest.com/article/2016/2/classical-jazz'}, {'title': 'CREATIVE LICENSE', 'link': 'https://archive.architecturaldigest.com/article/2016/2/creative-license'}, {'title': 'MOROCCAN MODERN', 'link': 'https://archive.architecturaldigest.com/article/2016/2/moroccan-modern'}]",Winter,snow,sienna,rosybrown,darkslategrey,lightgrey,"{""0.30573953823953826"": [213, 209, 211], ""0.26411616161616164"": [251, 250, 251], ""0.17485930735930735"": [179, 80, 56], ""0.14876623376623377"": [166, 155, 146], ""0.10651875901875901"": [73, 53, 56]}"
2016,March,https://architecturaldigest.blob.core.windows.net/architecturaldigest20160301thumbnails/Covers/0x600/20160301.jpg,"[{'title': 'Sources', 'link': 'https://archive.architecturaldigest.com/article/2016/3/sources'}, {'title': 'Elsie Goes to Hollywood', 'link': 'https://archive.architecturaldigest.com/article/2016/3/elsie-goes-to-hollywood'}, {'title': 'Double Vision', 'link': 'https://archive.architecturaldigest.com/article/2016/3/double-vision'}]",Spring,black,rosybrown,silver,dimgrey,snow,"{""0.26275613275613274"": [251, 250, 250], ""0.21379148629148628"": [48, 30, 26], ""0.19476911976911976"": [182, 153, 136], ""0.17886002886002886"": [216, 201, 187], ""0.14982323232323233"": [126, 91, 85]}"
2016,April,https://architecturaldigest.blob.core.windows.net/architecturaldigest20160401thumbnails/Covers/0x600/20160401.jpg,"[{'title': 'Hampton Classic', 'link': 'https://archive.architecturaldigest.com/article/2016/4/hampton-classic'}, {'title': 'SOURCES', 'link': 'https://archive.architecturaldigest.com/article/2016/4/sources'}, {'title': 'Ones to Watch', 'link': 'https://archive.architecturaldigest.com/article/2016/4/ones-to-watch'}]",Spring,snow,darkseagreen,dimgrey,black,silver,"{""0.3565692640692641"": [203, 212, 177], ""0.24634559884559884"": [251, 252, 249], ""0.19164502164502165"": [157, 170, 130], ""0.1073989898989899"": [93, 103, 82], ""0.09804112554112554"": [33, 36, 20]}"
2016,May,https://architecturaldigest.blob.core.windows.net/architecturaldigest20160501thumbnails/Covers/0x600/20160501.jpg,"[{'title': 'IN THE BAG', 'link': 'https://archive.architecturaldigest.com/article/2016/5/in-the-bag'}, {'title': 'NORTH STAR', 'link': 'https://archive.architecturaldigest.com/article/2016/5/north-star'}, {'title': 'THREE FOR THE ROAD', 'link': 'https://archive.architecturaldigest.com/article/2016/5/three-for-the-road'}]",Spring,darkslategrey,skyblue,darkgrey,slategrey,whitesmoke,"{""0.27002886002886"": [247, 249, 249], ""0.19053030303030302"": [54, 63, 58], ""0.1889069264069264"": [150, 198, 234], ""0.185"": [174, 180, 187], ""0.16553391053391053"": [106, 124, 124]}"
2016,June,https://architecturaldigest.blob.core.windows.net/architecturaldigest20160601thumbnails/Covers/0x600/20160601.jpg,"[{'title': ""AD's Ultimate Shopping Guide"", 'link': 'https://archive.architecturaldigest.com/article/2016/6/ads-ultimate-shopping-guide'}, {'title': 'SOURCES', 'link': 'https://archive.architecturaldigest.com/article/2016/6/sources'}, {'title': 'A Tailored Fit', 'link': 'https://archive.architecturaldigest.com/article/2016/6/a-tailored-fit'}]",Summer,steelblue,lightsteelblue,darkslategrey,dimgrey,aliceblue,"{""0.43906204906204904"": [239, 247, 252], ""0.22557720057720057"": [37, 104, 173], ""0.14132756132756133"": [157, 197, 228], ""0.10788239538239539"": [34, 47, 42], ""0.08615079365079364"": [100, 128, 96]}"
2016,July,https://architecturaldigest.blob.core.windows.net/architecturaldigest20160701thumbnails/Covers/0x600/20160701.jpg,"[{'title': 'SOURCES', 'link': 'https://archive.architecturaldigest.com/article/2016/7/sources'}, {'title': 'Family Affair', 'link': 'https://archive.architecturaldigest.com/article/2016/7/family-affair'}, {'title': 'MAINE CHANCE', 'link': 'https://archive.architecturaldigest.com/article/2016/7/maine-chance'}]",Summer,lightgrey,darkgrey,darkslategrey,dimgrey,snow,"{""0.33676767676767677"": [249, 249, 249], ""0.3170093795093795"": [210, 211, 210], ""0.13117965367965367"": [152, 158, 174], ""0.11905844155844156"": [42, 35, 40], ""0.09598484848484848"": [84, 91, 119]}"
2016,August,https://architecturaldigest.blob.core.windows.net/architecturaldigest20160801thumbnails/Covers/0x600/20160801.jpg,"[{'title': 'Home Again', 'link': 'https://archive.architecturaldigest.com/article/2016/8/home-again'}, {'title': 'Rebel WITH a Cause', 'link': 'https://archive.architecturaldigest.com/article/2016/8/rebel-with-a-cause'}, {'title': 'Paradise Found', 'link': 'https://archive.architecturaldigest.com/article/2016/8/paradise-found'}]",Summer,darkolivegreen,mediumaquamarine,tan,darkslategrey,whitesmoke,"{""0.3007683982683983"": [248, 248, 246], ""0.2274025974025974"": [105, 127, 69], ""0.1676875901875902"": [90, 181, 191], ""0.15623376623376622"": [181, 177, 138], ""0.1479076479076479"": [44, 55, 36]}"
2016,September,https://architecturaldigest.blob.core.windows.net/architecturaldigest20160901thumbnails/Covers/0x600/20160901.jpg,"[{'title': 'ENGLISH LESSON', 'link': 'https://archive.architecturaldigest.com/article/2016/9/english-lesson'}, {'title': 'PRINCE OF THE CITY', 'link': 'https://archive.architecturaldigest.com/article/2016/9/prince-of-the-city'}, {'title': 'A FINE ROMANCE', 'link': 'https://archive.architecturaldigest.com/article/2016/9/a-fine-romance'}]",Fall,floralwhite,rosybrown,black,sienna,wheat,"{""0.339025974025974"": [225, 203, 176], ""0.3021536796536797"": [252, 248, 243], ""0.12321789321789321"": [184, 148, 112], ""0.12107503607503607"": [51, 29, 19], ""0.11452741702741703"": [148, 83, 50]}"
2016,October,https://architecturaldigest.blob.core.windows.net/architecturaldigest20161001thumbnails/Covers/0x600/20161001.jpg,"[{'title': 'Classic Beauty', 'link': 'https://archive.architecturaldigest.com/article/2016/10/classic-beauty'}, {'title': 'SOURCES', 'link': 'https://archive.architecturaldigest.com/article/2016/10/sources'}, {'title': 'VALLEY GIRL', 'link': 'https://archive.architecturaldigest.com/article/2016/10/valley-girl'}]",Fall,snow,sienna,darkgrey,grey,black,"{""0.2507936507936508"": [46, 23, 23], ""0.23977633477633478"": [251, 251, 251], ""0.20216810966810966"": [151, 71, 51], ""0.1689177489177489"": [180, 170, 168], ""0.13834415584415585"": [113, 118, 128]}"
2016,November,https://architecturaldigest.blob.core.windows.net/architecturaldigest20161101thumbnails/Covers/0x600/20161101.jpg,"[{'title': 'Port of Call', 'link': 'https://archive.architecturaldigest.com/article/2016/11/port-of-call'}, {'title': 'SOURCES', 'link': 'https://archive.architecturaldigest.com/article/2016/11/sources'}, {'title': 'Artistic License', 'link': 'https://archive.architecturaldigest.com/article/2016/11/artistic-license'}]",Fall,darkslategrey,silver,grey,firebrick,whitesmoke,"{""0.43433621933621935"": [250, 248, 245], ""0.21042568542568543"": [53, 45, 43], ""0.16248556998556998"": [210, 196, 184], ""0.13435786435786437"": [162, 134, 118], ""0.058394660894660895"": [191, 43, 49]}"
2016,December,https://architecturaldigest.blob.core.windows.net/architecturaldigest20161201thumbnails/Covers/0x600/20161201.jpg,"[{'title': 'Sources', 'link': 'https://archive.architecturaldigest.com/article/2016/12/sources'}, {'title': 'Executive Order', 'link': 'https://archive.architecturaldigest.com/article/2016/12/executive-order'}, {'title': 'Artistic Retreat', 'link': 'https://archive.architecturaldigest.com/article/2016/12/artistic-retreat'}]",Winter,snow,silver,grey,sienna,darkslategrey,"{""0.2817748917748918"": [50, 49, 41], ""0.2374098124098124"": [252, 252, 251], ""0.21216810966810967"": [196, 193, 179], ""0.19733405483405483"": [125, 134, 118], ""0.07131313131313131"": [173, 89, 43]}"
2017,January,https://architecturaldigest.blob.core.windows.net/architecturaldigest20170101thumbnails/Covers/0x600/20170101.jpg,"[{'title': 'Young at Heart', 'link': 'https://archive.architecturaldigest.com/article/2017/1/young-at-heart'}, {'title': 'FULL HOUSE', 'link': 'https://archive.architecturaldigest.com/article/2017/1/full-house'}, {'title': 'MASTER CLASS', 'link': 'https://archive.architecturaldigest.com/article/2017/1/master-class'}]",Winter,sienna,peru,black,burlywood,snow,"{""0.24626623376623377"": [252, 251, 249], ""0.21575396825396825"": [154, 73, 42], ""0.20257215007215007"": [218, 141, 54], ""0.19407287157287156"": [60, 25, 18], ""0.14133477633477634"": [230, 204, 135]}"
2017,February,https://architecturaldigest.blob.core.windows.net/architecturaldigest20170201thumbnails/Covers/0x600/20170201.jpg,"[{'title': 'zen spirit', 'link': 'https://archive.architecturaldigest.com/article/2017/2/zen-spirit'}, {'title': 'italian idyll', 'link': 'https://archive.architecturaldigest.com/article/2017/2/italian-idyll'}, {'title': 'LIVING THE DREAM', 'link': 'https://archive.architecturaldigest.com/article/2017/2/living-the-dream'}]",Winter,snow,lightgrey,dimgrey,steelblue,black,"{""0.2841991341991342"": [33, 38, 29], ""0.278001443001443"": [250, 250, 248], ""0.24002525252525253"": [197, 205, 205], ""0.1374098124098124"": [126, 125, 90], ""0.060364357864357863"": [54, 152, 179]}"
2017,March,https://architecturaldigest.blob.core.windows.net/architecturaldigest20170301thumbnails/Covers/0x600/20170301.jpg,"[{'title': 'Historical Revision', 'link': 'https://archive.architecturaldigest.com/article/2017/3/historical-revision'}, {'title': 'Minding the Manor', 'link': 'https://archive.architecturaldigest.com/article/2017/3/minding-the-manor'}, {'title': 'Light Fantastic', 'link': 'https://archive.architecturaldigest.com/article/2017/3/light-fantastic'}]",Spring,black,saddlebrown,indianred,darkgrey,snow,"{""0.25801948051948054"": [251, 249, 248], ""0.23275252525252527"": [48, 22, 22], ""0.20305194805194804"": [113, 60, 50], ""0.16758297258297258"": [162, 113, 95], ""0.1385930735930736"": [194, 171, 164]}"
2017,April,https://architecturaldigest.blob.core.windows.net/architecturaldigest20170401thumbnails/Covers/0x600/20170401.jpg,"[{'title': 'BATHS', 'link': 'https://archive.architecturaldigest.com/article/2017/4/baths'}, {'title': 'THE SON ALSO RISES', 'link': 'https://archive.architecturaldigest.com/article/2017/4/the-son-also-rises'}, {'title': 'FAMILY STYLE', 'link': 'https://archive.architecturaldigest.com/article/2017/4/family-style'}]",Spring,snow,darkslategrey,darkgrey,teal,dimgrey,"{""0.3"": [134, 101, 104], ""0.2101118326118326"": [251, 248, 249], ""0.20932900432900434"": [63, 38, 44], ""0.19786435786435785"": [183, 160, 168], ""0.0826948051948052"": [35, 97, 135]}"
2017,May,https://architecturaldigest.blob.core.windows.net/architecturaldigest20170501thumbnails/Covers/0x600/20170501.jpg,"[{'title': 'TRAVEL', 'link': 'https://archive.architecturaldigest.com/article/2017/5/travel'}, {'title': 'PALM BEACH STORY', 'link': 'https://archive.architecturaldigest.com/article/2017/5/palm-beach-story'}, {'title': 'UNITED FRONT', 'link': 'https://archive.architecturaldigest.com/article/2017/5/united-front'}]",Spring,darkslategrey,darkolivegreen,rosybrown,silver,whitesmoke,"{""0.2647005772005772"": [249, 250, 247], ""0.2398051948051948"": [51, 43, 27], ""0.19425324675324676"": [108, 97, 70], ""0.15433982683982683"": [162, 150, 115], ""0.1469011544011544"": [206, 203, 187]}"
2017,June,https://architecturaldigest.blob.core.windows.net/architecturaldigest20170601thumbnails/Covers/0x600/20170601.jpg,"[{'title': 'Dominican Dream', 'link': 'https://archive.architecturaldigest.com/article/2017/6/dominican-dream'}, {'title': 'Anglo File', 'link': 'https://archive.architecturaldigest.com/article/2017/6/anglo-file'}, {'title': 'The Life Aquatic', 'link': 'https://archive.architecturaldigest.com/article/2017/6/the-life-aquatic'}]",Summer,skyblue,tan,steelblue,saddlebrown,whitesmoke,"{""0.32492424242424245"": [246, 246, 242], ""0.2795923520923521"": [142, 178, 219], ""0.18683982683982683"": [217, 185, 144], ""0.15353535353535352"": [77, 114, 169], ""0.055108225108225106"": [96, 49, 35]}"
2017,July,https://architecturaldigest.blob.core.windows.net/architecturaldigest20170701thumbnails/Covers/0x600/20170701.jpg,"[{'title': 'SEASIDE BOHEMIA', 'link': 'https://archive.architecturaldigest.com/article/2017/7/seaside-bohemia'}, {'title': 'in harmony', 'link': 'https://archive.architecturaldigest.com/article/2017/7/in-harmony'}, {'title': 'Artful Living', 'link': 'https://archive.architecturaldigest.com/article/2017/7/artful-living'}]",Summer,silver,rosybrown,darkslategrey,sienna,whitesmoke,"{""0.351482683982684"": [246, 243, 241], ""0.3203066378066378"": [208, 199, 195], ""0.11736291486291486"": [166, 149, 137], ""0.11445526695526695"": [52, 42, 33], ""0.09639249639249639"": [158, 87, 60]}"
2017,August,https://architecturaldigest.blob.core.windows.net/architecturaldigest20170801thumbnails/Covers/0x600/20170801.jpg,"[{'title': 'TRUE BLUE', 'link': 'https://archive.architecturaldigest.com/article/2017/8/true-blue'}, {'title': 'ARTISTIC TRIUMPH', 'link': 'https://archive.architecturaldigest.com/article/2017/8/artistic-triumph'}, {'title': 'A Fine Vintage', 'link': 'https://archive.architecturaldigest.com/article/2017/8/a-fine-vintage'}]",Summer,lightgrey,chocolate,grey,darkslategrey,whitesmoke,"{""0.3480808080808081"": [248, 248, 247], ""0.27166305916305916"": [212, 207, 201], ""0.14155844155844155"": [237, 112, 30], ""0.1382864357864358"": [136, 128, 140], ""0.10041125541125541"": [69, 55, 65]}"
2017,September,https://architecturaldigest.blob.core.windows.net/architecturaldigest20170901thumbnails/Covers/0x600/20170901.jpg,"[{'title': 'LIVING THE DREAM', 'link': 'https://archive.architecturaldigest.com/article/2017/9/living-the-dream'}, {'title': 'resources', 'link': 'https://archive.architecturaldigest.com/article/2017/9/resources'}, {'title': 'how sweet it is', 'link': 'https://archive.architecturaldigest.com/article/2017/9/how-sweet-it-is'}]",Fall,darkkhaki,wheat,sienna,black,floralwhite,"{""0.27603896103896103"": [251, 248, 243], ""0.22297619047619047"": [201, 156, 96], ""0.21786435786435787"": [220, 198, 170], ""0.18776334776334777"": [153, 61, 69], ""0.09535714285714286"": [51, 28, 28]}"
2017,October,https://architecturaldigest.blob.core.windows.net/architecturaldigest20171001thumbnails/Covers/0x600/20171001.jpg,"[{'title': 'new creatives', 'link': 'https://archive.architecturaldigest.com/article/2017/10/new-creatives'}, {'title': 'Perfect Fit', 'link': 'https://archive.architecturaldigest.com/article/2017/10/perfect-fit'}, {'title': 'A Lasting Memory', 'link': 'https://archive.architecturaldigest.com/article/2017/10/a-lasting-memory'}]",Fall,whitesmoke,darkslategrey,darkolivegreen,darkgrey,black,"{""0.27410894660894664"": [25, 36, 16], ""0.25415945165945164"": [246, 249, 247], ""0.23893939393939395"": [56, 75, 39], ""0.1757864357864358"": [97, 123, 65], ""0.057005772005772004"": [177, 183, 159]}"
2017,November,https://architecturaldigest.blob.core.windows.net/architecturaldigest20171101thumbnails/Covers/0x600/20171101.jpg,"[{'title': 'Kitchens', 'link': 'https://archive.architecturaldigest.com/article/2017/11/kitchens'}, {'title': 'FRENCH EVOLUTION', 'link': 'https://archive.architecturaldigest.com/article/2017/11/french-evolution'}, {'title': 'Flip the Script', 'link': 'https://archive.architecturaldigest.com/article/2017/11/flip-the-script'}]",Fall,snow,darkolivegreen,rosybrown,wheat,black,"{""0.40753684210526314"": [39, 26, 25], ""0.20206315789473683"": [253, 252, 251], ""0.16576140350877194"": [102, 82, 70], ""0.1225859649122807"": [168, 143, 138], ""0.10205263157894737"": [224, 212, 185]}"
2017,December,https://architecturaldigest.blob.core.windows.net/architecturaldigest20171201thumbnails/Covers/0x600/20171201.jpg,"[{'title': 'Full Immersion', 'link': 'https://archive.architecturaldigest.com/article/2017/12/full-immersion'}, {'title': 'Artists in Residence', 'link': 'https://archive.architecturaldigest.com/article/2017/12/artists-in-residence'}, {'title': 'Off Screen', 'link': 'https://archive.architecturaldigest.com/article/2017/12/off-screen'}]",Winter,darkgrey,darkslategrey,dimgrey,darkslateblue,linen,"{""0.43867088607594934"": [241, 239, 236], ""0.202471870604782"": [188, 165, 167], ""0.165098452883263"": [36, 38, 47], ""0.12920182841068917"": [121, 108, 96], ""0.06455696202531645"": [41, 95, 155]}"
2018,January,https://architecturaldigest.blob.core.windows.net/architecturaldigest20180101thumbnails/Covers/0x600/20180101.jpg,"[{'title': 'AD 100', 'link': 'https://archive.architecturaldigest.com/article/2018/1/ad-100-2'}, {'title': 'DOUBLE VISION', 'link': 'https://archive.architecturaldigest.com/article/2018/1/double-vision'}, {'title': 'SWEET SPOT', 'link': 'https://archive.architecturaldigest.com/article/2018/1/sweet-spot'}]",Winter,snow,darkslategrey,rosybrown,khaki,darkolivegreen,"{""0.26966089466089466"": [97, 100, 70], ""0.2644300144300144"": [251, 251, 248], ""0.2425829725829726"": [47, 48, 35], ""0.15851010101010102"": [164, 151, 148], ""0.06481601731601731"": [244, 223, 114]}"
2018,February,https://architecturaldigest.blob.core.windows.net/architecturaldigest20180201thumbnails/Covers/0x600/20180201.jpg,"[{'title': 'MODERN FAMILY', 'link': 'https://archive.architecturaldigest.com/article/2018/2/modern-family'}, {'title': 'Naughty by Nature', 'link': 'https://archive.architecturaldigest.com/article/2018/2/naughty-by-nature'}, {'title': 'DOMESTIC BLISS', 'link': 'https://archive.architecturaldigest.com/article/2018/2/domestic-bliss'}]",Winter,sienna,darkslategrey,snow,rosybrown,lightgrey,"{""0.22311327561327562"": [218, 213, 200], ""0.2193253968253968"": [155, 102, 75], ""0.21856060606060607"": [48, 38, 31], ""0.19604617604617605"": [252, 252, 250], ""0.14295454545454545"": [174, 159, 135]}"
2018,March,https://architecturaldigest.blob.core.windows.net/architecturaldigest20180301thumbnails/Covers/0x600/20180301.jpg,"[{'title': 'View From the Top', 'link': 'https://archive.architecturaldigest.com/article/2018/3/view-from-the-top'}, {'title': 'MORE MORE MORE', 'link': 'https://archive.architecturaldigest.com/article/2018/3/more-more-more'}, {'title': 'SWEET SPOT', 'link': 'https://archive.architecturaldigest.com/article/2018/3/sweet-spot'}]",Spring,whitesmoke,silver,dimgrey,darkslategrey,darkkhaki,"{""0.2573448773448773"": [163, 169, 113], ""0.22723304473304473"": [249, 250, 245], ""0.2045851370851371"": [205, 209, 168], ""0.19554473304473305"": [105, 131, 111], ""0.1152922077922078"": [52, 52, 43]}"
2018,April,https://architecturaldigest.blob.core.windows.net/architecturaldigest20180401thumbnails/Covers/0x600/20180401.jpg,"[{'title': 'EARTHLY DELIGHTS', 'link': 'https://archive.architecturaldigest.com/article/2018/4/earthly-delights'}, {'title': 'Living History', 'link': 'https://archive.architecturaldigest.com/article/2018/4/living-history'}, {'title': 'BATHS', 'link': 'https://archive.architecturaldigest.com/article/2018/4/baths'}]",Spring,whitesmoke,darkgrey,dimgrey,darkslategrey,lightgrey,"{""0.29862179487179485"": [205, 208, 202], ""0.28524928774928776"": [248, 248, 247], ""0.21789173789173788"": [165, 163, 165], ""0.11503561253561254"": [113, 124, 111], ""0.08320156695156695"": [75, 52, 42]}"
2018,May,https://architecturaldigest.blob.core.windows.net/architecturaldigest20180501thumbnails/Covers/0x600/20180501.jpg,"[{'title': 'TRAVEL', 'link': 'https://archive.architecturaldigest.com/article/2018/5/travel'}, {'title': 'absolutely fabulous', 'link': 'https://archive.architecturaldigest.com/article/2018/5/absolutely-fabulous'}, {'title': 'HAPPY TOGETHER', 'link': 'https://archive.architecturaldigest.com/article/2018/5/happy-together'}]",Spring,snow,rosybrown,dimgrey,darkslategrey,silver,"{""0.2667473684210526"": [205, 199, 183], ""0.2284982456140351"": [250, 250, 248], ""0.2258175438596491"": [181, 154, 128], ""0.15064561403508772"": [126, 117, 85], ""0.12829122807017543"": [64, 58, 38]}"
2018,June,https://architecturaldigest.blob.core.windows.net/architecturaldigest20180601thumbnails/Covers/0x600/20180601.jpg,"[{'title': 'Rock Star', 'link': 'https://archive.architecturaldigest.com/article/2018/6/rock-star'}, {'title': 'Petal Pusher', 'link': 'https://archive.architecturaldigest.com/article/2018/6/petal-pusher'}, {'title': 'New York Story', 'link': 'https://archive.architecturaldigest.com/article/2018/6/new-york-story'}]",Summer,black,rosybrown,silver,darkolivegreen,whitesmoke,"{""0.26105836849507735"": [248, 247, 246], ""0.2532735583684951"": [39, 35, 33], ""0.17683192686357244"": [166, 135, 130], ""0.165056258790436"": [206, 199, 192], ""0.14377988748241913"": [94, 82, 69]}"
2018,July,https://architecturaldigest.blob.core.windows.net/architecturaldigest20180701thumbnails/Covers/0x600/20180701.jpg,"[{'title': 'harmonic convergence', 'link': 'https://archive.architecturaldigest.com/article/2018/7/harmonic-convergence'}, {'title': 'THIS IS HOME', 'link': 'https://archive.architecturaldigest.com/article/2018/7/this-is-home'}, {'title': 'squad goals', 'link': 'https://archive.architecturaldigest.com/article/2018/7/squad-goals'}]",Summer,silver,peru,saddlebrown,lightslategrey,whitesmoke,"{""0.5609074858757063"": [240, 240, 239], ""0.20450564971751412"": [204, 200, 183], ""0.08896186440677967"": [178, 140, 72], ""0.07457274011299435"": [82, 46, 29], ""0.07105225988700566"": [142, 125, 162]}"
2018,September,https://architecturaldigest.blob.core.windows.net/architecturaldigest20180901thumbnails/Covers/0x600/20180901.jpg,"[{'title': 'Empire State of Mind', 'link': 'https://archive.architecturaldigest.com/article/2018/9/empire-state-of-mind'}, {'title': 'House of Missoni', 'link': 'https://archive.architecturaldigest.com/article/2018/9/house-of-missoni'}, {'title': 'Hidden Treasure', 'link': 'https://archive.architecturaldigest.com/article/2018/9/hidden-treasure'}]",Fall,black,silver,grey,hotpink,whitesmoke,"{""0.5114345991561181"": [245, 243, 241], ""0.17771097046413503"": [40, 33, 29], ""0.16994725738396624"": [207, 194, 180], ""0.10679324894514768"": [145, 119, 99], ""0.03411392405063291"": [232, 77, 184]}"
2018,October,https://architecturaldigest.blob.core.windows.net/architecturaldigest20181001thumbnails/Covers/0x600/20181001.jpg,"[{'title': 'New Creatives', 'link': 'https://archive.architecturaldigest.com/article/2018/10/new-creatives'}, {'title': 'Back to the Future', 'link': 'https://archive.architecturaldigest.com/article/2018/10/back-to-the-future'}, {'title': 'High Style', 'link': 'https://archive.architecturaldigest.com/article/2018/10/high-style'}]",Fall,grey,snow,,darkgrey,darkslategrey,"{""0.24138714185883997"": [84, 83, 83], ""0.22472396925227114"": [120, 116, 124], ""0.20852201257861636"": [251, 251, 250], ""0.1814116002795248"": [45, 43, 44], ""0.14395527603074773"": [178, 178, 177]}"
2018,November,https://architecturaldigest.blob.core.windows.net/architecturaldigest20181101thumbnails/Covers/0x600/20181101.jpg,"[{'title': 'party house', 'link': 'https://archive.architecturaldigest.com/article/2018/11/party-house'}, {'title': 'no sleep till brooklyn', 'link': 'https://archive.architecturaldigest.com/article/2018/11/no-sleep-till-brooklyn'}, {'title': 'Kitchens', 'link': 'https://archive.architecturaldigest.com/article/2018/11/kitchens'}]",Fall,silver,darkslategrey,grey,salmon,whitesmoke,"{""0.33018284106891704"": [244, 243, 242], ""0.24898382559774965"": [202, 193, 182], ""0.22315049226441633"": [52, 41, 34], ""0.16156821378340366"": [134, 120, 106], ""0.03611462728551336"": [238, 114, 111]}"
2018,December,https://architecturaldigest.blob.core.windows.net/architecturaldigest20181201thumbnails/Covers/0x600/20181201.jpg,"[{'title': 'On View', 'link': 'https://archive.architecturaldigest.com/article/2018/12/on-view'}, {'title': 'Bohemian Rhapsody', 'link': 'https://archive.architecturaldigest.com/article/2018/12/bohemian-rhapsody'}, {'title': 'Artistic Freedom', 'link': 'https://archive.architecturaldigest.com/article/2018/12/artistic-freedom'}]",Winter,lightgrey,darkgrey,indianred,darkslategrey,mintcream,"{""0.31260394644115574"": [248, 250, 248], ""0.24781888653981676"": [214, 212, 200], ""0.17510218463706836"": [171, 174, 161], ""0.14281888653981678"": [180, 117, 110], ""0.12165609584214235"": [72, 45, 31]}"
2019,January,https://architecturaldigest.blob.core.windows.net/architecturaldigest20190101thumbnails/Covers/0x600/20190101.jpg,"[{'title': 'AD100', 'link': 'https://archive.architecturaldigest.com/article/2019/1/ad100'}, {'title': 'LONDON PRIDE', 'link': 'https://archive.architecturaldigest.com/article/2019/1/london-pride'}, {'title': 'Artistic Excellence', 'link': 'https://archive.architecturaldigest.com/article/2019/1/artistic-excellence'}]",Winter,darkslategrey,dimgrey,darkkhaki,silver,whitesmoke,"{""0.27384920634920634"": [249, 248, 247], ""0.23963564213564215"": [56, 36, 28], ""0.2099025974025974"": [121, 115, 83], ""0.14347402597402598"": [198, 147, 101], ""0.13313852813852814"": [192, 188, 165]}"
2019,February,https://architecturaldigest.blob.core.windows.net/architecturaldigest20190201thumbnails/Covers/0x600/20190201.jpg,"[{'title': 'Blockbuster', 'link': 'https://archive.architecturaldigest.com/article/2019/2/blockbuster'}, {'title': 'The House Whisperer', 'link': 'https://archive.architecturaldigest.com/article/2019/2/the-house-whisperer'}, {'title': 'Putting Down Roots', 'link': 'https://archive.architecturaldigest.com/article/2019/2/putting-down-roots'}]",Winter,darkolivegreen,snow,darkkhaki,limegreen,black,"{""0.4241955266955267"": [29, 39, 18], ""0.23926767676767677"": [83, 97, 62], ""0.18251803751803752"": [250, 251, 246], ""0.11948773448773449"": [168, 171, 117], ""0.03453102453102453"": [82, 201, 31]}"
2019,March,https://architecturaldigest.blob.core.windows.net/architecturaldigest20190301thumbnails/Covers/0x600/20190301.jpg,"[{'title': 'All That Glitters', 'link': 'https://archive.architecturaldigest.com/article/2019/3/all-that-glitters'}, {'title': 'Home Boy', 'link': 'https://archive.architecturaldigest.com/article/2019/3/home-boy'}, {'title': 'Mother Superior', 'link': 'https://archive.architecturaldigest.com/article/2019/3/mother-superior'}]",Spring,lightgrey,grey,goldenrod,darkslategrey,whitesmoke,"{""0.4793722943722944"": [245, 243, 240], ""0.24535714285714286"": [227, 213, 195], ""0.12339105339105338"": [147, 129, 148], ""0.09104978354978355"": [237, 163, 56], ""0.06082972582972583"": [53, 43, 36]}"
2019,April,https://architecturaldigest.blob.core.windows.net/architecturaldigest20190401thumbnails/Covers/0x600/20190401.jpg,"[{'title': 'RESTORATION DRAMA', 'link': 'https://archive.architecturaldigest.com/article/2019/4/restoration-drama'}, {'title': 'LOVE SHACK', 'link': 'https://archive.architecturaldigest.com/article/2019/4/love-shack'}, {'title': 'UNCOMMON VISION', 'link': 'https://archive.architecturaldigest.com/article/2019/4/uncommon-vision'}]",Spring,lightgrey,dimgrey,rosybrown,black,whitesmoke,"{""0.28225468975468976"": [247, 247, 247], ""0.21341991341991343"": [204, 201, 205], ""0.1879978354978355"": [97, 94, 98], ""0.18752164502164503"": [163, 136, 157], ""0.1288059163059163"": [37, 32, 38]}"
2019,May,https://architecturaldigest.blob.core.windows.net/architecturaldigest20190501thumbnails/Covers/0x600/20190501.jpg,"[{'title': 'FAIRY-TALE ENDING', 'link': 'https://archive.architecturaldigest.com/article/2019/5/fairy-tale-ending'}, {'title': 'FAMILY MEN', 'link': 'https://archive.architecturaldigest.com/article/2019/5/family-men'}, {'title': 'urban oasis', 'link': 'https://archive.architecturaldigest.com/article/2019/5/urban-oasis'}]",Spring,darkolivegreen,whitesmoke,olivedrab,black,darkkhaki,"{""0.23556277056277056"": [196, 211, 113], ""0.2113780663780664"": [88, 94, 49], ""0.20555555555555555"": [249, 249, 244], ""0.1795851370851371"": [128, 156, 71], ""0.1679184704184704"": [42, 42, 21]}"
2019,June,https://architecturaldigest.blob.core.windows.net/architecturaldigest20190601thumbnails/Covers/0x600/20190601.jpg,"[{'title': 'Play Ground', 'link': 'https://archive.architecturaldigest.com/article/2019/6/play-ground'}, {'title': 'Farm Fresh', 'link': 'https://archive.architecturaldigest.com/article/2019/6/farm-fresh'}, {'title': 'Green Acres', 'link': 'https://archive.architecturaldigest.com/article/2019/6/green-acres'}]",Summer,grey,ghostwhite,darkslategrey,limegreen,silver,"{""0.3001587301587302"": [181, 182, 181], ""0.27845959595959596"": [143, 141, 137], ""0.2362049062049062"": [248, 249, 249], ""0.1543759018759019"": [57, 50, 45], ""0.0308008658008658"": [81, 204, 31]}"
2019,July,https://architecturaldigest.blob.core.windows.net/architecturaldigest20190701thumbnails/Covers/0x600/20190701.jpg,"[{'title': 'CHILD PROOF', 'link': 'https://archive.architecturaldigest.com/article/2019/7/child-proof'}, {'title': 'Golden Hours', 'link': 'https://archive.architecturaldigest.com/article/2019/7/golden-hours'}, {'title': 'VISION QUEST', 'link': 'https://archive.architecturaldigest.com/article/2019/7/vision-quest'}]",Summer,whitesmoke,silver,dimgrey,darkslategrey,rosybrown,"{""0.26966089466089466"": [159, 149, 141], ""0.2277958152958153"": [246, 248, 245], ""0.20726551226551226"": [203, 197, 179], ""0.1583044733044733"": [138, 115, 74], ""0.13697330447330447"": [52, 49, 32]}"
2019,September,https://architecturaldigest.blob.core.windows.net/architecturaldigest20190901thumbnails/Covers/0x600/20190901.jpg,"[{'title': 'THE ROYAL TREATMENT', 'link': 'https://archive.architecturaldigest.com/article/2019/9/the-royal-treatment'}, {'title': 'BROOKLYN BOHEME', 'link': 'https://archive.architecturaldigest.com/article/2019/9/brooklyn-boheme'}, {'title': 'SORORITY HOUSE', 'link': 'https://archive.architecturaldigest.com/article/2019/9/sorority-house'}]",Fall,lightgrey,snow,sienna,darkslategrey,rosybrown,"{""0.2712950937950938"": [187, 165, 138], ""0.265530303030303"": [214, 212, 199], ""0.21613636363636363"": [252, 252, 250], ""0.15172799422799424"": [149, 105, 81], ""0.0953102453102453"": [70, 47, 29]}"
2019,October,https://architecturaldigest.blob.core.windows.net/architecturaldigest20191001thumbnails/Covers/0x600/20191001.jpg,"[{'title': 'DECK THE WALLS', 'link': 'https://archive.architecturaldigest.com/article/2019/10/deck-the-walls'}, {'title': 'FOREIGN EXCHANGE', 'link': 'https://archive.architecturaldigest.com/article/2019/10/foreign-exchange'}, {'title': 'Make it BIG', 'link': 'https://archive.architecturaldigest.com/article/2019/10/make-it-big'}]",Fall,black,darkolivegreen,grey,silver,whitesmoke,"{""0.2630808080808081"": [246, 246, 245], ""0.22757936507936508"": [19, 20, 7], ""0.1971176046176046"": [78, 78, 50], ""0.17865440115440115"": [125, 145, 86], ""0.13356782106782106"": [195, 193, 176]}"
2019,November,https://architecturaldigest.blob.core.windows.net/architecturaldigest20191101thumbnails/Covers/0x600/20191101.jpg,"[{'title': 'CABIN FEVER', 'link': 'https://archive.architecturaldigest.com/article/2019/11/cabin-fever'}, {'title': 'DOUBLE VISION', 'link': 'https://archive.architecturaldigest.com/article/2019/11/double-vision'}, {'title': 'view master', 'link': 'https://archive.architecturaldigest.com/article/2019/11/view-master'}]",Fall,whitesmoke,tan,grey,black,darkolivegreen,"{""0.2248953823953824"": [106, 76, 50], ""0.214011544011544"": [249, 247, 245], ""0.2001984126984127"": [204, 190, 138], ""0.19203463203463203"": [157, 131, 100], ""0.16886002886002885"": [46, 33, 24]}"
2019,December,https://architecturaldigest.blob.core.windows.net/architecturaldigest20191201thumbnails/Covers/0x600/20191201.jpg,"[{'title': 'FRIENDS of the family', 'link': 'https://archive.architecturaldigest.com/article/2019/12/friends-of-the-family'}, {'title': 'english heritage', 'link': 'https://archive.architecturaldigest.com/article/2019/12/english-heritage'}, {'title': 'A FINE VINTAGE', 'link': 'https://archive.architecturaldigest.com/article/2019/12/a-fine-vintage'}]",Winter,whitesmoke,dimgrey,darkslategrey,silver,lightslategrey,"{""0.2621428571428571"": [121, 139, 143], ""0.22844877344877346"": [248, 249, 248], ""0.20805916305916305"": [98, 118, 83], ""0.1533946608946609"": [53, 50, 45], ""0.14795454545454545"": [182, 188, 184]}"
2020,January,https://architecturaldigest.blob.core.windows.net/architecturaldigest20200101thumbnails/Covers/0x600/20200101.jpg,"[{'title': 'AD 100', 'link': 'https://archive.architecturaldigest.com/article/2020/1/ad-100'}, {'title': 'PASSION PROJECT', 'link': 'https://archive.architecturaldigest.com/article/2020/1/passion-project'}, {'title': 'The Tao of Bunny', 'link': 'https://archive.architecturaldigest.com/article/2020/1/the-tao-of-bunny'}]",Winter,dimgrey,snow,darkslategrey,hotpink,darkgrey,"{""0.2563131313131313"": [175, 169, 154], ""0.2473088023088023"": [119, 113, 99], ""0.22315295815295816"": [251, 250, 248], ""0.21636724386724387"": [55, 48, 30], ""0.05685786435786436"": [249, 60, 171]}"
2020,February,https://architecturaldigest.blob.core.windows.net/architecturaldigest20200201thumbnails/Covers/0x600/20200201.jpg,"[{'title': 'OVER THE RAINBOW', 'link': 'https://archive.architecturaldigest.com/article/2020/2/over-the-rainbow'}, {'title': 'home on the range', 'link': 'https://archive.architecturaldigest.com/article/2020/2/home-on-the-range'}, {'title': 'resources', 'link': 'https://archive.architecturaldigest.com/article/2020/2/resources'}]",Winter,tan,peru,darkolivegreen,gold,seashell,"{""0.2762229437229437"": [249, 245, 237], ""0.25335497835497833"": [213, 191, 156], ""0.24902597402597404"": [165, 131, 89], ""0.18853174603174602"": [88, 60, 38], ""0.03286435786435787"": [248, 232, 18]}"
2020,March,https://architecturaldigest.blob.core.windows.net/architecturaldigest20200301thumbnails/Covers/0x600/20200301.jpg,"[{'title': 'SHAKE IT UP', 'link': 'https://archive.architecturaldigest.com/article/2020/3/shake-it-up'}, {'title': 'cold comfort farm', 'link': 'https://archive.architecturaldigest.com/article/2020/3/cold-comfort-farm'}, {'title': 'SPACE CRAFT', 'link': 'https://archive.architecturaldigest.com/article/2020/3/space-craft'}]",Spring,darkgrey,lightgrey,grey,darkslategrey,ghostwhite,"{""0.2773881673881674"": [249, 249, 250], ""0.2712265512265512"": [179, 177, 176], ""0.26261183261183263"": [213, 210, 208], ""0.12943001443001442"": [130, 124, 125], ""0.059343434343434344"": [74, 67, 57]}"
2020,April,https://architecturaldigest.blob.core.windows.net/architecturaldigest20200401thumbnails/Covers/0x600/20200401.jpg,"[{'title': 'TANGERINE DREAM', 'link': 'https://archive.architecturaldigest.com/article/2020/4/tangerine-dream'}, {'title': 'LADY OF THE CANYON', 'link': 'https://archive.architecturaldigest.com/article/2020/4/lady-of-the-canyon'}, {'title': 'Keeping the Peace', 'link': 'https://archive.architecturaldigest.com/article/2020/4/keeping-the-peace'}]",Spring,whitesmoke,darkslategrey,rosybrown,yellow,dimgrey,"{""0.29195165945165946"": [120, 111, 77], ""0.25137445887445886"": [243, 244, 243], ""0.24226551226551227"": [62, 57, 37], ""0.18423160173160172"": [172, 168, 136], ""0.030176767676767677"": [248, 238, 12]}"
2020,May,https://architecturaldigest.blob.core.windows.net/architecturaldigest20200501thumbnails/Covers/0x600/20200501.jpg,"[{'title': 'FRESH DIRECT', 'link': 'https://archive.architecturaldigest.com/article/2020/5/fresh-direct'}, {'title': ""RAPPER'S DELIGHT"", 'link': 'https://archive.architecturaldigest.com/article/2020/5/rappers-delight'}, {'title': 'DOMESTIC BLISS', 'link': 'https://archive.architecturaldigest.com/article/2020/5/domestic-bliss'}]",Spring,snow,lightgrey,rosybrown,dimgrey,darkslategrey,"{""0.31037157287157285"": [42, 37, 38], ""0.22852813852813852"": [251, 250, 251], ""0.18953823953823953"": [208, 206, 208], ""0.1441810966810967"": [175, 134, 154], ""0.12738095238095237"": [95, 87, 83]}"
2020,June,https://architecturaldigest.blob.core.windows.net/architecturaldigest20200601thumbnails/Covers/0x600/20200601.jpg,"[{'title': 'CALL OF THE WILD', 'link': 'https://archive.architecturaldigest.com/article/2020/6/call-of-the-wild'}, {'title': 'bicoastal romance', 'link': 'https://archive.architecturaldigest.com/article/2020/6/bicoastal-romance'}, {'title': 'LOYALTY OATH', 'link': 'https://archive.architecturaldigest.com/article/2020/6/loyalty-oath'}]",Summer,darkslategrey,whitesmoke,darkgrey,yellow,dimgrey,"{""0.28714285714285714"": [104, 116, 84], ""0.24551948051948053"": [50, 59, 28], ""0.24442640692640694"": [245, 246, 244], ""0.19293650793650793"": [145, 170, 193], ""0.029974747474747473"": [248, 239, 12]}"
2020,July,https://architecturaldigest.blob.core.windows.net/architecturaldigest20200701thumbnails/Covers/0x600/20200701.jpg,"[{'title': 'top of the rock', 'link': 'https://archive.architecturaldigest.com/article/2020/7/top-of-the-rock'}, {'title': 'POINT BREAK', 'link': 'https://archive.architecturaldigest.com/article/2020/7/point-break'}, {'title': 'FAMILY PLANNING', 'link': 'https://archive.architecturaldigest.com/article/2020/7/family-planning'}]",Summer,lightblue,ghostwhite,darkolivegreen,rosybrown,darkslategrey,"{""0.262536075036075"": [27, 52, 34], ""0.24766233766233767"": [177, 214, 227], ""0.18927128427128428"": [250, 252, 252], ""0.18886363636363637"": [80, 111, 81], ""0.11166666666666666"": [163, 135, 155]}"
2020,September,https://architecturaldigest.blob.core.windows.net/architecturaldigest20200901thumbnails/Covers/0x600/20200901.jpg,"[{'title': 'SITTING PRETTY', 'link': 'https://archive.architecturaldigest.com/article/2020/9/sitting-pretty'}, {'title': 'FEAST FOR THE EYES', 'link': 'https://archive.architecturaldigest.com/article/2020/9/feast-for-the-eyes'}, {'title': 'estate of grace', 'link': 'https://archive.architecturaldigest.com/article/2020/9/estate-of-grace'}]",Fall,whitesmoke,darkgrey,grey,darkslategrey,lightgrey,"{""0.43263708513708515"": [212, 204, 208], ""0.2616883116883117"": [250, 245, 249], ""0.12522727272727271"": [180, 164, 169], ""0.10251443001443002"": [122, 107, 135], ""0.07793290043290044"": [51, 44, 44]}"
2020,October,https://architecturaldigest.blob.core.windows.net/architecturaldigest20201001thumbnails/Covers/0x600/20201001.jpg,"[{'title': 'candy crush', 'link': 'https://archive.architecturaldigest.com/article/2020/10/candy-crush'}, {'title': 'FEMININE FORCE', 'link': 'https://archive.architecturaldigest.com/article/2020/10/feminine-force'}, {'title': 'OPEN-MINDED', 'link': 'https://archive.architecturaldigest.com/article/2020/10/open-minded'}]",Fall,whitesmoke,darkgrey,peru,dimgrey,darkslategrey,"{""0.28833694083694084"": [55, 43, 41], ""0.2584451659451659"": [249, 248, 248], ""0.20817821067821068"": [178, 185, 168], ""0.15283189033189032"": [175, 128, 68], ""0.09220779220779221"": [67, 113, 133]}"
2020,November,https://architecturaldigest.blob.core.windows.net/architecturaldigest20201101thumbnails/Covers/0x600/20201101.jpg,"[{'title': 'FAMILY MATTERS', 'link': 'https://archive.architecturaldigest.com/article/2020/11/family-matters'}, {'title': 'FRESH TAKE', 'link': 'https://archive.architecturaldigest.com/article/2020/11/fresh-take'}, {'title': 'resources', 'link': 'https://archive.architecturaldigest.com/article/2020/11/resources'}]",Fall,whitesmoke,darkslategrey,silver,limegreen,slategrey,"{""0.35728715728715726"": [114, 125, 146], ""0.3020887445887446"": [247, 247, 247], ""0.1616053391053391"": [73, 68, 55], ""0.15395021645021645"": [187, 184, 178], ""0.02506854256854257"": [80, 203, 34]}"
2020,December,https://architecturaldigest.blob.core.windows.net/architecturaldigest20201201thumbnails/Covers/0x600/20201201.jpg,"[{'title': 'HAPPY TOGETHER', 'link': 'https://archive.architecturaldigest.com/article/2020/12/happy-together'}, {'title': 'restoration drama', 'link': 'https://archive.architecturaldigest.com/article/2020/12/restoration-drama'}, {'title': 'the long view', 'link': 'https://archive.architecturaldigest.com/article/2020/12/the-long-view'}]",Winter,darkslategrey,dimgrey,rosybrown,salmon,whitesmoke,"{""0.5744372294372294"": [246, 242, 239], ""0.1873737373737374"": [63, 45, 35], ""0.1338167388167388"": [122, 91, 76], ""0.0766017316017316"": [180, 149, 134], ""0.027770562770562772"": [250, 104, 108]}"
2021,January,https://architecturaldigest.blob.core.windows.net/architecturaldigest20210101thumbnails/Covers/0x600/20210101.jpg,"[{'title': 'AD 100 2021', 'link': 'https://archive.architecturaldigest.com/article/2021/1/ad-100-2021'}, {'title': 'JOY DIVISION', 'link': 'https://archive.architecturaldigest.com/article/2021/1/joy-division'}, {'title': 'BAY WATCH', 'link': 'https://archive.architecturaldigest.com/article/2021/1/bay-watch'}]",Winter,darkolivegreen,snow,dimgrey,silver,black,"{""0.32002886002886005"": [30, 32, 17], ""0.21144660894660894"": [73, 74, 51], ""0.19620490620490622"": [250, 250, 248], ""0.14068181818181819"": [114, 146, 88], ""0.13163780663780664"": [191, 192, 179]}"
2021,February,https://architecturaldigest.blob.core.windows.net/architecturaldigest20210201thumbnails/Covers/0x600/20210201.jpg,"[{'title': 'HEALING A HOUSE', 'link': 'https://archive.architecturaldigest.com/article/2021/2/healing-a-house'}, {'title': 'PARADISE CITY', 'link': 'https://archive.architecturaldigest.com/article/2021/2/paradise-city'}, {'title': 'gotham glory', 'link': 'https://archive.architecturaldigest.com/article/2021/2/gotham-glory'}]",Winter,ghostwhite,dimgrey,darkslategrey,darkgrey,lightgrey,"{""0.2626767676767677"": [199, 216, 221], ""0.22655844155844157"": [248, 250, 250], ""0.21286796536796537"": [95, 117, 123], ""0.16850288600288602"": [82, 82, 77], ""0.1293939393939394"": [149, 159, 159]}"
2021,March,https://architecturaldigest.blob.core.windows.net/architecturaldigest20210301thumbnails/Covers/0x600/20210301.jpg,"[{'title': 'personal best', 'link': 'https://archive.architecturaldigest.com/article/2021/3/personal-best'}, {'title': 'GLAM SLAM', 'link': 'https://archive.architecturaldigest.com/article/2021/3/glam-slam'}, {'title': 'wild at heart', 'link': 'https://archive.architecturaldigest.com/article/2021/3/wild-at-heart'}]",Spring,lightslategrey,white,dimgrey,darkslategrey,lightgrey,"{""0.3604256854256854"": [211, 206, 206], ""0.2052958152958153"": [119, 150, 168], ""0.1855952380952381"": [252, 253, 253], ""0.14117243867243867"": [82, 108, 107], ""0.10751082251082252"": [39, 54, 50]}"
2021,April,https://architecturaldigest.blob.core.windows.net/architecturaldigest20210401thumbnails/Covers/0x600/20210401.jpg,"[{'title': 'PERFECT PAIR', 'link': 'https://archive.architecturaldigest.com/article/2021/4/perfect-pair'}, {'title': 'GIDDY UP!', 'link': 'https://archive.architecturaldigest.com/article/2021/4/giddy-up'}, {'title': 'FROM THE HEART', 'link': 'https://archive.architecturaldigest.com/article/2021/4/from-the-heart'}]",Spring,darkolivegreen,whitesmoke,grey,hotpink,darkgrey,"{""0.32361471861471863"": [181, 180, 174], ""0.2306890331890332"": [83, 66, 39], ""0.22984126984126985"": [247, 248, 245], ""0.18516955266955268"": [137, 129, 112], ""0.030685425685425684"": [239, 72, 187]}"
2021,May,https://architecturaldigest.blob.core.windows.net/architecturaldigest20210501thumbnails/Covers/0x600/20210501.jpg,"[{'title': 'TAKE YOURSELF HOME', 'link': 'https://archive.architecturaldigest.com/article/2021/5/take-yourself-home'}, {'title': 'LOCAL COLOR', 'link': 'https://archive.architecturaldigest.com/article/2021/5/local-color'}, {'title': 'A GREAT ESCAPE', 'link': 'https://archive.architecturaldigest.com/article/2021/5/a-great-escape'}]",Spring,darkslategrey,snow,rosybrown,limegreen,black,"{""0.5066702741702742"": [19, 12, 9], ""0.19422799422799422"": [65, 60, 55], ""0.18558080808080807"": [251, 250, 248], ""0.0846933621933622"": [165, 155, 129], ""0.028827561327561327"": [82, 199, 31]}"
2021,June,https://architecturaldigest.blob.core.windows.net/architecturaldigest20210601thumbnails/Covers/0x600/20210601.jpg,"[{'title': 'HISTORIC PERSPECTIVE', 'link': 'https://archive.architecturaldigest.com/article/2021/6/historic-perspective'}, {'title': 'GREAT ROOMS', 'link': 'https://archive.architecturaldigest.com/article/2021/6/great-rooms'}, {'title': 'INTO THE WOODS', 'link': 'https://archive.architecturaldigest.com/article/2021/6/into-the-woods'}]",Summer,snow,darkslategrey,rosybrown,dimgrey,lightgrey,"{""0.25457070707070706"": [215, 209, 196], ""0.2259018759018759"": [251, 250, 248], ""0.18088744588744587"": [52, 40, 29], ""0.17397186147186147"": [165, 147, 143], ""0.16466810966810966"": [117, 101, 75]}"
2021,July,https://architecturaldigest.blob.core.windows.net/architecturaldigest20210701thumbnails/Covers/0x600/20210701.jpg,"[{'title': 'OPEN SEASON', 'link': 'https://archive.architecturaldigest.com/article/2021/7/open-season'}, {'title': 'WINNING COMBINATION', 'link': 'https://archive.architecturaldigest.com/article/2021/7/winning-combination'}, {'title': 'house party', 'link': 'https://archive.architecturaldigest.com/article/2021/7/house-party'}]",Summer,tan,sienna,saddlebrown,darkslateblue,whitesmoke,"{""0.36724025974025976"": [246, 241, 238], ""0.29643939393939395"": [206, 182, 158], ""0.2103030303030303"": [174, 75, 65], ""0.10404401154401155"": [128, 34, 29], ""0.021973304473304475"": [38, 40, 152]}"
2021,September,https://architecturaldigest.blob.core.windows.net/architecturaldigest20210901thumbnails/Covers/0x600/20210901.jpg,"[{'title': 'peaceable kingdom', 'link': 'https://archive.architecturaldigest.com/article/2021/9/peaceable-kingdom'}, {'title': 'HOUSE MUSIC', 'link': 'https://archive.architecturaldigest.com/article/2021/9/house-music'}, {'title': 'COOL OPERATORS', 'link': 'https://archive.architecturaldigest.com/article/2021/9/cool-operators'}]",Fall,darkslategrey,snow,silver,dimgrey,darkgrey,"{""0.24281385281385282"": [178, 159, 160], ""0.2348088023088023"": [55, 40, 36], ""0.22996392496392495"": [250, 250, 250], ""0.14739177489177488"": [204, 200, 200], ""0.14502164502164502"": [119, 102, 93]}"
2021,October,https://architecturaldigest.blob.core.windows.net/architecturaldigest20211001thumbnails/Covers/0x600/20211001.jpg,"[{'title': 'ALL IN', 'link': 'https://archive.architecturaldigest.com/article/2021/10/all-in'}, {'title': 'good vibes', 'link': 'https://archive.architecturaldigest.com/article/2021/10/good-vibes'}, {'title': 'PACIFIC HEIGHTS', 'link': 'https://archive.architecturaldigest.com/article/2021/10/pacific-heights'}]",Fall,burlywood,lightsteelblue,rosybrown,darkslategrey,whitesmoke,"{""0.44233044733044735"": [244, 246, 244], ""0.3243001443001443"": [215, 203, 149], ""0.1021933621933622"": [169, 194, 213], ""0.10198412698412698"": [166, 157, 122], ""0.029191919191919193"": [59, 93, 102]}"
2021,November,https://architecturaldigest.blob.core.windows.net/architecturaldigest20211101thumbnails/Covers/0x600/20211101.jpg,"[{'title': 'LA DOLCE VITA', 'link': 'https://archive.architecturaldigest.com/article/2021/11/la-dolce-vita'}, {'title': 'HAPPY TRAILS', 'link': 'https://archive.architecturaldigest.com/article/2021/11/happy-trails'}, {'title': 'OLD SCHOOL', 'link': 'https://archive.architecturaldigest.com/article/2021/11/old-school'}]",Fall,darkslategrey,dimgrey,snow,darkkhaki,silver,"{""0.24581168831168831"": [200, 196, 185], ""0.20414862914862913"": [44, 37, 31], ""0.19496753246753246"": [111, 89, 71], ""0.18328643578643578"": [252, 251, 249], ""0.1717857142857143"": [183, 150, 109]}"
2021,December,https://architecturaldigest.blob.core.windows.net/architecturaldigest20211201thumbnails/Covers/0x600/20211201.jpg,"[{'title': 'living the dream', 'link': 'https://archive.architecturaldigest.com/article/2021/12/living-the-dream'}, {'title': 'FLIGHT OF FANCY', 'link': 'https://archive.architecturaldigest.com/article/2021/12/flight-of-fancy'}, {'title': 'CLEAR VISION', 'link': 'https://archive.architecturaldigest.com/article/2021/12/clear-vision'}]",Winter,snow,rosybrown,dimgrey,darkslategrey,silver,"{""0.2885750360750361"": [199, 200, 193], ""0.22322871572871572"": [250, 250, 250], ""0.2016883116883117"": [168, 154, 149], ""0.16204184704184704"": [118, 105, 91], ""0.12446608946608946"": [57, 47, 42]}"
2022,January,https://architecturaldigest.blob.core.windows.net/architecturaldigest20220101thumbnails/Covers/0x600/20220101.jpg,"[{'title': 'AD100 2022', 'link': 'https://archive.architecturaldigest.com/article/2022/1/ad100-2022'}, {'title': 'home on the range', 'link': 'https://archive.architecturaldigest.com/article/2022/1/home-on-the-range'}, {'title': 'PERFECT UNION', 'link': 'https://archive.architecturaldigest.com/article/2022/1/perfect-union'}]",Winter,rosybrown,lightgrey,dimgrey,darkslategrey,whitesmoke,"{""0.2789862914862915"": [248, 247, 249], ""0.23967532467532468"": [177, 169, 141], ""0.2306168831168831"": [210, 207, 207], ""0.13117965367965367"": [123, 113, 101], ""0.11954184704184705"": [56, 46, 39]}"
2022,February,https://architecturaldigest.blob.core.windows.net/architecturaldigest20220201thumbnails/Covers/0x600/20220201.jpg,"[{'title': 'JUST RIGHT', 'link': 'https://archive.architecturaldigest.com/article/2022/2/just-right'}, {'title': 'OPEN PLAN', 'link': 'https://archive.architecturaldigest.com/article/2022/2/open-plan'}, {'title': 'the swede life', 'link': 'https://archive.architecturaldigest.com/article/2022/2/the-swede-life'}]",Winter,whitesmoke,silver,dimgrey,darkslategrey,rosybrown,"{""0.2803679653679654"": [163, 155, 139], ""0.23996753246753247"": [249, 249, 248], ""0.22627705627705627"": [199, 194, 184], ""0.20088023088023088"": [126, 123, 91], ""0.05250721500721501"": [54, 43, 34]}"
2022,March,https://architecturaldigest.blob.core.windows.net/architecturaldigest20220301thumbnails/Covers/0x600/20220301.jpg,"[{'title': 'SWEET ESCAPE', 'link': 'https://archive.architecturaldigest.com/article/2022/3/sweet-escape'}, {'title': 'paradise found', 'link': 'https://archive.architecturaldigest.com/article/2022/3/paradise-found'}, {'title': 'perfect fit', 'link': 'https://archive.architecturaldigest.com/article/2022/3/perfect-fit'}]",Spring,whitesmoke,darkgrey,dimgrey,darkslategrey,lightgrey,"{""0.34260101010101013"": [200, 204, 203], ""0.23396103896103895"": [247, 249, 249], ""0.17994949494949494"": [148, 151, 166], ""0.1364862914862915"": [87, 99, 106], ""0.1070021645021645"": [35, 38, 42]}"
2022,April,https://architecturaldigest.blob.core.windows.net/architecturaldigest20220401thumbnails/Covers/0x600/20220401.jpg,"[{'title': 'LABOR OF LOVE', 'link': 'https://archive.architecturaldigest.com/article/2022/4/labor-of-love'}, {'title': 'CHARACTER STUDY', 'link': 'https://archive.architecturaldigest.com/article/2022/4/character-study'}, {'title': 'personal best', 'link': 'https://archive.architecturaldigest.com/article/2022/4/personal-best'}]",Spring,snow,grey,darkolivegreen,indianred,silver,"{""0.3039935064935065"": [182, 192, 182], ""0.233015873015873"": [250, 248, 248], ""0.22748196248196248"": [154, 145, 115], ""0.1411904761904762"": [92, 72, 59], ""0.09431818181818181"": [207, 48, 95]}"
2022,May,https://architecturaldigest.blob.core.windows.net/architecturaldigest20220501thumbnails/Covers/0x600/20220501.jpg,"[{'title': 'CARIBBEAN DREAM', 'link': 'https://archive.architecturaldigest.com/article/2022/5/caribbean-dream'}, {'title': 'french beauty', 'link': 'https://archive.architecturaldigest.com/article/2022/5/french-beauty'}, {'title': 'SPARKING JOY', 'link': 'https://archive.architecturaldigest.com/article/2022/5/sparking-joy'}]",Spring,whitesmoke,darksalmon,sienna,black,lightgrey,"{""0.36257575757575755"": [228, 212, 196], ""0.2584992784992785"": [250, 249, 246], ""0.24059163059163058"": [214, 164, 121], ""0.09448051948051948"": [157, 98, 71], ""0.04385281385281385"": [53, 28, 19]}"
2022,June,https://architecturaldigest.blob.core.windows.net/architecturaldigest20220601thumbnails/Covers/0x600/20220601.jpg,"[{'title': 'LIVING THE DREAM', 'link': 'https://archive.architecturaldigest.com/article/2022/6/living-the-dream'}, {'title': 'GREENWICH TIME', 'link': 'https://archive.architecturaldigest.com/article/2022/6/greenwich-time'}, {'title': 'MEET THE PARENTS', 'link': 'https://archive.architecturaldigest.com/article/2022/6/meet-the-parents'}]",Summer,rosybrown,black,whitesmoke,yellow,sienna,"{""0.3262085137085137"": [128, 85, 59], ""0.24503607503607502"": [179, 160, 138], ""0.2046139971139971"": [48, 30, 21], ""0.19675685425685427"": [250, 249, 245], ""0.027384559884559883"": [251, 237, 11]}"
2022,July,https://architecturaldigest.blob.core.windows.net/architecturaldigest20220701thumbnails/Covers/0x600/20220701.jpg,"[{'title': 'HAPPY ENDING', 'link': 'https://archive.architecturaldigest.com/article/2022/7/happy-ending'}, {'title': 'NEW AMERICAN VOICES', 'link': 'https://archive.architecturaldigest.com/article/2022/7/new-american-voices'}, {'title': 'CALM AND COLLECTED', 'link': 'https://archive.architecturaldigest.com/article/2022/7/calm-and-collected'}]",Summer,lightgrey,snow,darkgrey,darkolivegreen,grey,"{""0.2770923520923521"": [146, 119, 96], ""0.22813492063492063"": [199, 210, 213], ""0.2258189033189033"": [251, 251, 250], ""0.15084776334776334"": [147, 163, 172], ""0.1181060606060606"": [74, 68, 38]}"
2022,September,https://architecturaldigest.blob.core.windows.net/architecturaldigest20220901thumbnails/Covers/0x600/20220901.jpg,"[{'title': 'COLORFUL CHARACTER', 'link': 'https://archive.architecturaldigest.com/article/2022/9/colorful-character'}, {'title': 'SWEET SPOT', 'link': 'https://archive.architecturaldigest.com/article/2022/9/sweet-spot'}, {'title': 'LEVEL UP', 'link': 'https://archive.architecturaldigest.com/article/2022/9/level-up'}]",Fall,dimgrey,darkgrey,darkslategrey,hotpink,whitesmoke,"{""0.30018229166666666"": [245, 245, 242], ""0.29801339285714284"": [135, 128, 85], ""0.20646205357142858"": [174, 180, 146], ""0.1570424107142857"": [69, 70, 57], ""0.03829985119047619"": [236, 116, 184]}"
2022,October,https://architecturaldigest.blob.core.windows.net/architecturaldigest20221001thumbnails/Covers/0x600/20221001.jpg,"[{'title': 'HOMECOMING', 'link': 'https://archive.architecturaldigest.com/article/2022/10/homecoming'}, {'title': 'HIGH SOCIETY', 'link': 'https://archive.architecturaldigest.com/article/2022/10/high-society'}, {'title': 'THE SECRET GARDEN', 'link': 'https://archive.architecturaldigest.com/article/2022/10/the-secret-garden'}]",Fall,silver,grey,darkslategrey,hotpink,whitesmoke,"{""0.38712842712842715"": [248, 245, 239], ""0.2621428571428571"": [207, 196, 176], ""0.1896933621933622"": [145, 123, 95], ""0.1322005772005772"": [60, 51, 40], ""0.028834776334776335"": [247, 64, 171]}"
2022,November,https://architecturaldigest.blob.core.windows.net/architecturaldigest20221101thumbnails/Covers/0x600/20221101.jpg,"[{'title': 'SOCIAL STUDIES', 'link': 'https://archive.architecturaldigest.com/article/2022/11/social-studies'}, {'title': 'french confection', 'link': 'https://archive.architecturaldigest.com/article/2022/11/french-confection'}, {'title': 'CLASSIC APPEAL', 'link': 'https://archive.architecturaldigest.com/article/2022/11/classic-appeal'}]",Fall,darkgrey,snow,grey,darkslategrey,lightgrey,"{""0.25461760461760463"": [213, 212, 210], ""0.24221500721500722"": [171, 169, 158], ""0.2104004329004329"": [250, 250, 249], ""0.1700108225108225"": [133, 122, 136], ""0.12275613275613276"": [69, 57, 44]}"
2022,December,https://architecturaldigest.blob.core.windows.net/architecturaldigest20221201thumbnails/Covers/0x600/20221201.jpg,"[{'title': 'FAMILY BUSINESS', 'link': 'https://archive.architecturaldigest.com/article/2022/12/family-business'}, {'title': 'WELL SUITED', 'link': 'https://archive.architecturaldigest.com/article/2022/12/well-suited'}, {'title': 'SIMPLY THE BEST', 'link': 'https://archive.architecturaldigest.com/article/2022/12/simply-the-best'}]",Winter,lightblue,ghostwhite,darkslategrey,slategrey,cornflowerblue,"{""0.2731890331890332"": [141, 157, 222], ""0.251511544011544"": [199, 205, 250], ""0.2218975468975469"": [250, 247, 252], ""0.13962842712842713"": [53, 55, 53], ""0.11377344877344878"": [109, 112, 133]}"
2023,January,https://architecturaldigest.blob.core.windows.net/architecturaldigest20230101thumbnails/Covers/0x600/20230101.jpg,"[{'title': 'AD 100', 'link': 'https://archive.architecturaldigest.com/article/2023/1/ad-100'}, {'title': 'period drama', 'link': 'https://archive.architecturaldigest.com/article/2023/1/period-drama'}, {'title': 'LUSH LIFE', 'link': 'https://archive.architecturaldigest.com/article/2023/1/lush-life'}]",Winter,black,peru,tan,darkolivegreen,lavender,"{""0.4017243867243867"": [223, 235, 244], ""0.17717893217893219"": [37, 33, 20], ""0.16370851370851372"": [198, 140, 87], ""0.13092352092352091"": [201, 176, 144], ""0.12646464646464647"": [110, 101, 62]}"
2023,February,https://architecturaldigest.blob.core.windows.net/architecturaldigest20230201thumbnails/Covers/0x600/20230201.jpg,"[{'title': 'LONDON CALLING', 'link': 'https://archive.architecturaldigest.com/article/2023/2/london-calling'}, {'title': 'CROWNING GLORY', 'link': 'https://archive.architecturaldigest.com/article/2023/2/crowning-glory'}, {'title': 'WORK OF ART', 'link': 'https://archive.architecturaldigest.com/article/2023/2/work-of-art'}]",Winter,snow,tan,darkslategrey,gold,dimgrey,"{""0.30986291486291484"": [136, 114, 79], ""0.24012987012987014"": [251, 250, 247], ""0.2350974025974026"": [188, 174, 148], ""0.16515873015873017"": [64, 47, 28], ""0.049751082251082254"": [234, 215, 33]}"
2023,March,https://architecturaldigest.blob.core.windows.net/architecturaldigest20230301thumbnails/Covers/0x600/20230301.jpg,"[{'title': 'SECRET GARDEN', 'link': 'https://archive.architecturaldigest.com/article/2023/3/secret-garden'}, {'title': 'curtain up', 'link': 'https://archive.architecturaldigest.com/article/2023/3/curtain-up'}, {'title': 'CABIN FEVER', 'link': 'https://archive.architecturaldigest.com/article/2023/3/cabin-fever'}]",Spring,darkolivegreen,snow,darkslategrey,silver,grey,"{""0.26821067821067823"": [133, 146, 105], ""0.24623376623376622"": [99, 96, 69], ""0.18133838383838383"": [252, 251, 250], ""0.17477994227994229"": [51, 40, 35], ""0.12943722943722943"": [196, 193, 177]}"
2023,April,https://architecturaldigest.blob.core.windows.net/architecturaldigest20230401thumbnails/Covers/0x600/20230401.jpg,"[{'title': 'SWEET HOME ALABAMA', 'link': 'https://archive.architecturaldigest.com/article/2023/4/sweet-home-alabama'}, {'title': 'VIEW FINDER', 'link': 'https://archive.architecturaldigest.com/article/2023/4/view-finder'}, {'title': 'labor of love', 'link': 'https://archive.architecturaldigest.com/article/2023/4/labor-of-love'}]",Spring,darkolivegreen,silver,black,grey,ghostwhite,"{""0.24635281385281385"": [248, 249, 249], ""0.24238816738816737"": [98, 66, 45], ""0.18702741702741701"": [200, 189, 171], ""0.18545093795093795"": [28, 21, 17], ""0.13878066378066378"": [140, 129, 107]}"
2023,May,https://architecturaldigest.blob.core.windows.net/architecturaldigest20230501thumbnails/Covers/0x600/20230501.jpg,"[{'title': 'COLOR THERAPY', 'link': 'https://archive.architecturaldigest.com/article/2023/5/color-therapy'}, {'title': 'A World of Wisdom', 'link': 'https://archive.architecturaldigest.com/article/2023/5/a-world-of-wisdom'}, {'title': 'PALACE INTRIGUE', 'link': 'https://archive.architecturaldigest.com/article/2023/5/palace-intrigue'}]",Spring,dimgrey,rosybrown,whitesmoke,gold,black,"{""0.2747366522366522"": [52, 36, 23], ""0.25366522366522365"": [109, 92, 73], ""0.2300901875901876"": [166, 157, 142], ""0.2085858585858586"": [248, 246, 244], ""0.03292207792207792"": [250, 207, 30]}"
2023,June,https://architecturaldigest.blob.core.windows.net/architecturaldigest20230601thumbnails/Covers/0x600/20230601.jpg,"[{'title': 'TAKING IT SLOW', 'link': 'https://archive.architecturaldigest.com/article/2023/6/taking-it-slow'}, {'title': 'home team', 'link': 'https://archive.architecturaldigest.com/article/2023/6/home-team'}, {'title': 'YOU BETTER WORK', 'link': 'https://archive.architecturaldigest.com/article/2023/6/you-better-work'}]",Summer,black,silver,dimgrey,chocolate,whitesmoke,"{""0.3681926406926407"": [246, 245, 245], ""0.2254184704184704"": [28, 27, 26], ""0.219498556998557"": [185, 181, 181], ""0.1670923520923521"": [117, 113, 113], ""0.019797979797979797"": [236, 116, 37]}"
2023,July,https://architecturaldigest.blob.core.windows.net/architecturaldigest20230701thumbnails/Covers/0x600/20230701.jpg,"[{'title': 'ROMANTIC REVIVAL', 'link': 'https://archive.architecturaldigest.com/article/2023/7/romantic-revival'}, {'title': 'FINALLY, HOME', 'link': 'https://archive.architecturaldigest.com/article/2023/7/finally-home'}, {'title': 'the xx factor', 'link': 'https://archive.architecturaldigest.com/article/2023/7/the-xx-factor'}]",Summer,whitesmoke,rosybrown,grey,darkslategrey,silver,"{""0.2995093795093795"": [201, 194, 191], ""0.23108225108225108"": [246, 246, 247], ""0.23085137085137086"": [184, 139, 158], ""0.1572005772005772"": [129, 123, 112], ""0.08135642135642136"": [64, 59, 48]}"
2023,September,https://architecturaldigest.blob.core.windows.net/architecturaldigest20230901thumbnails/Covers/0x600/20230901.jpg,"[{'title': 'OPEN HOUSE', 'link': 'https://archive.architecturaldigest.com/article/2023/9/open-house'}, {'title': 'happy place', 'link': 'https://archive.architecturaldigest.com/article/2023/9/happy-place'}, {'title': 'CHICK SHACK', 'link': 'https://archive.architecturaldigest.com/article/2023/9/chick-shack'}]",Fall,dimgrey,whitesmoke,darkolivegreen,goldenrod,darkgrey,"{""0.27712425595238094"": [177, 166, 146], ""0.24375744047619047"": [131, 117, 87], ""0.2305952380952381"": [246, 245, 243], ""0.183359375"": [68, 60, 33], ""0.06516369047619047"": [223, 184, 36]}"
2023,October,https://architecturaldigest.blob.core.windows.net/architecturaldigest20231001thumbnails/Covers/0x600/20231001.jpg,"[{'title': 'FUN HOUSE', 'link': 'https://archive.architecturaldigest.com/article/2023/10/fun-house'}, {'title': 'english lit', 'link': 'https://archive.architecturaldigest.com/article/2023/10/english-lit'}, {'title': 'REFERENCE LIBRARY', 'link': 'https://archive.architecturaldigest.com/article/2023/10/reference-library'}]",Fall,dimgrey,whitesmoke,rosybrown,yellow,darkslategrey,"{""0.2962121212121212"": [50, 41, 36], ""0.2702922077922078"": [103, 91, 86], ""0.24426406926406927"": [246, 244, 242], ""0.15242784992784994"": [163, 148, 142], ""0.036803751803751804"": [248, 237, 15]}"
2023,November,https://architecturaldigest.blob.core.windows.net/architecturaldigest20231101thumbnails/Covers/0x600/20231101.jpg,"[{'title': 'ARTISTS IN RESIDENCE', 'link': 'https://archive.architecturaldigest.com/article/2023/11/artists-in-residence'}, {'title': 'BRUTALIST HONESTY', 'link': 'https://archive.architecturaldigest.com/article/2023/11/brutalist-honesty'}, {'title': 'american evolution', 'link': 'https://archive.architecturaldigest.com/article/2023/11/american-evolution'}]",Fall,snow,peru,darkolivegreen,darkgrey,sienna,"{""0.2782142857142857"": [128, 93, 54], ""0.21134559884559884"": [252, 250, 248], ""0.20174603174603176"": [179, 147, 80], ""0.17517316017316018"": [66, 49, 24], ""0.1335209235209235"": [183, 178, 171]}"
2023,December,https://architecturaldigest.blob.core.windows.net/architecturaldigest20231201thumbnails/Covers/0x600/20231201.jpg,"[{'title': 'uncommon vision', 'link': 'https://archive.architecturaldigest.com/article/2023/12/uncommon-vision'}, {'title': 'EXPERT EYE', 'link': 'https://archive.architecturaldigest.com/article/2023/12/expert-eye'}, {'title': 'RIDING HIGH', 'link': 'https://archive.architecturaldigest.com/article/2023/12/riding-high'}]",Winter,whitesmoke,lightgrey,darkolivegreen,olivedrab,darkgrey,"{""0.3368831168831169"": [154, 152, 146], ""0.26456709956709956"": [249, 248, 245], ""0.244004329004329"": [210, 204, 197], ""0.10993867243867243"": [86, 74, 66], ""0.04460678210678211"": [100, 194, 37]}"
2024,January,https://architecturaldigest.blob.core.windows.net/architecturaldigest20240101thumbnails/Covers/0x600/20240101.jpg,"[{'title': 'AD 100', 'link': 'https://archive.architecturaldigest.com/article/2024/1/ad-100'}, {'title': 'mountain light', 'link': 'https://archive.architecturaldigest.com/article/2024/1/mountain-light'}, {'title': 'team work', 'link': 'https://archive.architecturaldigest.com/article/2024/1/team-work'}]",Winter,snow,grey,black,silver,darkolivegreen,"{""0.24055916305916306"": [93, 80, 67], ""0.23174603174603176"": [250, 249, 248], ""0.2291017316017316"": [145, 131, 113], ""0.16593073593073593"": [49, 29, 19], ""0.13266233766233768"": [192, 184, 174]}"
2024,February,https://architecturaldigest.blob.core.windows.net/architecturaldigest20240201thumbnails/Covers/0x600/20240201.jpg,"[{'title': 'share the fantasy', 'link': 'https://archive.architecturaldigest.com/article/2024/2/share-the-fantasy'}, {'title': 'SECOND NATURE', 'link': 'https://archive.architecturaldigest.com/article/2024/2/second-nature'}, {'title': 'FRENCH ACCENTS', 'link': 'https://archive.architecturaldigest.com/article/2024/2/french-accents'}]",Winter,whitesmoke,darkgrey,darkslategrey,yellow,dimgrey,"{""0.37427849927849927"": [129, 109, 74], ""0.24751082251082251"": [246, 246, 242], ""0.20784271284271283"": [177, 173, 150], ""0.13522366522366522"": [59, 49, 33], ""0.035144300144300145"": [250, 238, 11]}"
2024,March,https://architecturaldigest.blob.core.windows.net/architecturaldigest20240301thumbnails/Covers/0x600/20240301.jpg,"[{'title': 'DARK ARTS', 'link': 'https://archive.architecturaldigest.com/article/2024/3/dark-arts'}, {'title': 'MADE IN MADRID', 'link': 'https://archive.architecturaldigest.com/article/2024/3/made-in-madrid'}, {'title': 'malibu dream house', 'link': 'https://archive.architecturaldigest.com/article/2024/3/malibu-dream-house'}]",Spring,snow,grey,darkolivegreen,darkslategrey,silver,"{""0.35775252525252527"": [203, 180, 170], ""0.2006926406926407"": [252, 251, 248], ""0.15471500721500722"": [156, 145, 117], ""0.1447005772005772"": [102, 96, 69], ""0.14213924963924965"": [48, 49, 27]}"
2024,April,https://architecturaldigest.blob.core.windows.net/architecturaldigest20240401thumbnails/Covers/0x600/20240401.jpg,"[{'title': 'sleeping beauty', 'link': 'https://archive.architecturaldigest.com/article/2024/4/sleeping-beauty'}, {'title': 'HAPPY PLACE', 'link': 'https://archive.architecturaldigest.com/article/2024/4/happy-place'}, {'title': 'green goddess', 'link': 'https://archive.architecturaldigest.com/article/2024/4/green-goddess'}]",Spring,black,snow,dimgrey,silver,rosybrown,"{""0.2873304473304473"": [179, 164, 126], ""0.1962878787878788"": [33, 28, 25], ""0.19532828282828282"": [251, 250, 249], ""0.1660209235209235"": [125, 101, 90], ""0.15503246753246752"": [207, 197, 182]}"
2024,May,https://architecturaldigest.blob.core.windows.net/architecturaldigest20240501thumbnails/Covers/0x600/20240501.jpg,"[{'title': 'HISTORIC PROPORTIONS', 'link': 'https://archive.architecturaldigest.com/article/2024/5/historic-proportions'}, {'title': 'BOOK SMART', 'link': 'https://archive.architecturaldigest.com/article/2024/5/book-smart'}, {'title': 'SPANISH LESSONS', 'link': 'https://archive.architecturaldigest.com/article/2024/5/spanish-lessons'}]",Spring,dimgrey,snow,rosybrown,darkslategrey,darkolivegreen,"{""0.4108189033189033"": [75, 60, 38], ""0.25562049062049064"": [119, 98, 70], ""0.18009379509379508"": [252, 251, 249], ""0.12454184704184704"": [195, 159, 121], ""0.028924963924963926"": [39, 100, 114]}"
2024,June,https://architecturaldigest.blob.core.windows.net/architecturaldigest20240601thumbnails/Covers/0x600/20240601.jpg,"[{'title': 'PLEASURE DOME', 'link': 'https://archive.architecturaldigest.com/article/2024/6/pleasure-dome'}, {'title': 'passion project', 'link': 'https://archive.architecturaldigest.com/article/2024/6/passion-project'}, {'title': 'light touch', 'link': 'https://archive.architecturaldigest.com/article/2024/6/light-touch'}]",Summer,darkseagreen,darkolivegreen,white,yellow,lightgrey,"{""0.31262626262626264"": [196, 207, 210], ""0.24386724386724387"": [146, 156, 141], ""0.22281746031746033"": [72, 71, 49], ""0.17054834054834056"": [252, 253, 252], ""0.05014069264069264"": [244, 236, 27]}"
2024,July,https://architecturaldigest.blob.core.windows.net/architecturaldigest20240701thumbnails/Covers/0x600/20240701.jpg,"[{'title': 'VALLEY HIGH', 'link': 'https://archive.architecturaldigest.com/article/2024/7/valley-high'}, {'title': 'INTO THE WOODS', 'link': 'https://archive.architecturaldigest.com/article/2024/7/into-the-woods'}, {'title': 'FERTILE GROUND', 'link': 'https://archive.architecturaldigest.com/article/2024/7/fertile-ground'}]",Summer,darkolivegreen,lightgrey,snow,rosybrown,dimgrey,"{""0.26701659451659454"": [121, 119, 70], ""0.24593434343434342"": [67, 66, 26], ""0.17551587301587301"": [204, 208, 208], ""0.1706096681096681"": [253, 253, 251], ""0.14092352092352092"": [185, 144, 134]}"
2024,September,https://architecturaldigest.blob.core.windows.net/architecturaldigest20240901thumbnails/Covers/0x600/20240901.jpg,"[{'title': 'vibe shift', 'link': 'https://archive.architecturaldigest.com/article/2024/9/vibe-shift'}, {'title': 'happy place', 'link': 'https://archive.architecturaldigest.com/article/2024/9/happy-place'}, {'title': 'DREAM TEAM', 'link': 'https://archive.architecturaldigest.com/article/2024/9/dream-team'}]",Fall,snow,wheat,darkolivegreen,grey,black,"{""0.29837301587301585"": [37, 34, 25], ""0.20914862914862914"": [252, 251, 248], ""0.19346681096681095"": [218, 214, 180], ""0.1771067821067821"": [95, 85, 59], ""0.1219047619047619"": [156, 147, 117]}"
2024,October,https://architecturaldigest.blob.core.windows.net/architecturaldigest20241001thumbnails/Covers/0x600/20241001.jpg,"[{'title': 'CHARM SCHOOL', 'link': 'https://archive.architecturaldigest.com/article/2024/10/charm-school'}, {'title': 'BOTH SIDES NOW', 'link': 'https://archive.architecturaldigest.com/article/2024/10/both-sides-now'}, {'title': 'NEW AMERICAN VOICES', 'link': 'https://archive.architecturaldigest.com/article/2024/10/new-american-voices'}]",Fall,,rosybrown,snow,sandybrown,darkolivegreen,"{""0.31313492063492065"": [56, 57, 19], ""0.274491341991342"": [110, 111, 67], ""0.1907215007215007"": [166, 162, 132], ""0.18773088023088022"": [250, 250, 247], ""0.03392135642135642"": [246, 162, 62]}"
2024,November,https://architecturaldigest.blob.core.windows.net/architecturaldigest20241101thumbnails/Covers/0x600/20241101.jpg,"[{'title': 'VIRTUALLY PERFECT', 'link': 'https://archive.architecturaldigest.com/article/2024/11/virtually-perfect'}, {'title': 'OPEN DOOR POLICY', 'link': 'https://archive.architecturaldigest.com/article/2024/11/open-door-policy'}, {'title': 'renaissance man', 'link': 'https://archive.architecturaldigest.com/article/2024/11/renaissance-man'}]",Fall,darkolivegreen,snow,rosybrown,limegreen,black,"{""0.3773989898989899"": [41, 28, 22], ""0.22806998556998556"": [91, 72, 58], ""0.19227272727272726"": [251, 249, 246], ""0.1658152958152958"": [176, 163, 140], ""0.036443001443001444"": [84, 201, 32]}"
2024,December,https://architecturaldigest.blob.core.windows.net/architecturaldigest20241201thumbnails/Covers/0x600/20241201.jpg,"[{'title': 'STYLE SUMMIT', 'link': 'https://archive.architecturaldigest.com/article/2024/12/style-summit'}, {'title': 'LIVING THE DREAM', 'link': 'https://archive.architecturaldigest.com/article/2024/12/living-the-dream'}, {'title': 'ICONS ONLY', 'link': 'https://archive.architecturaldigest.com/article/2024/12/icons-only'}]",Winter,darkolivegreen,whitesmoke,darkkhaki,yellow,darkslategrey,"{""0.42324314574314575"": [54, 35, 28], ""0.23405483405483404"": [118, 81, 59], ""0.22132034632034633"": [246, 244, 243], ""0.08770923520923521"": [185, 153, 105], ""0.03367243867243867"": [250, 238, 13]}"
2025,January,https://architecturaldigest.blob.core.windows.net/architecturaldigest20250101thumbnails/Covers/0x600/20250101.jpg,"[{'title': 'AD 100', 'link': 'https://archive.architecturaldigest.com/article/2025/1/ad-100'}, {'title': 'HOME TRUTHS', 'link': 'https://archive.architecturaldigest.com/article/2025/1/home-truths'}, {'title': 'A FINE VINTAGE', 'link': 'https://archive.architecturaldigest.com/article/2025/1/a-fine-vintage'}]",Winter,dimgrey,mintcream,darkgrey,limegreen,darkslategrey,"{""0.28654401154401155"": [61, 43, 20], ""0.2772763347763348"": [99, 97, 79], ""0.23801587301587301"": [245, 250, 251], ""0.1572077922077922"": [153, 166, 159], ""0.040955988455988454"": [82, 199, 34]}"
2025,February,https://architecturaldigest.blob.core.windows.net/architecturaldigest20250201thumbnails/Covers/0x600/20250201.jpg,"[{'title': 'HOMEBODY', 'link': 'https://archive.architecturaldigest.com/article/2025/2/homebody'}, {'title': 'LOCAL COLOR', 'link': 'https://archive.architecturaldigest.com/article/2025/2/local-color'}, {'title': 'detail oriented', 'link': 'https://archive.architecturaldigest.com/article/2025/2/detail-oriented'}]",Winter,whitesmoke,black,tan,dimgrey,grey,"{""0.22238095238095237"": [152, 129, 104], ""0.20775252525252524"": [250, 248, 246], ""0.20215367965367964"": [41, 25, 16], ""0.1846103896103896"": [202, 184, 159], ""0.1831024531024531"": [105, 66, 73]}"
2025,March,https://architecturaldigest.blob.core.windows.net/architecturaldigest20250301thumbnails/Covers/0x600/20250301.jpg,"[{'title': 'LOVE LANGUAGE', 'link': 'https://archive.architecturaldigest.com/article/2025/3/love-language'}, {'title': 'HISTORY BUFFED', 'link': 'https://archive.architecturaldigest.com/article/2025/3/history-buffed'}, {'title': 'Taking it Slow', 'link': 'https://archive.architecturaldigest.com/article/2025/3/taking-it-slow'}]",Spring,dimgrey,silver,gainsboro,yellow,darkolivegreen,"{""0.3846897546897547"": [85, 57, 38], ""0.3007611832611833"": [124, 105, 80], ""0.1918181818181818"": [183, 183, 185], ""0.10112193362193363"": [231, 228, 229], ""0.02160894660894661"": [250, 237, 12]}"
2025,April,https://architecturaldigest.blob.core.windows.net/architecturaldigest20250401thumbnails/Covers/0x600/20250401.jpg,"[{'title': 'BOTH SIDES NOW', 'link': 'https://archive.architecturaldigest.com/article/2025/4/both-sides-now'}, {'title': 'A fine vintage', 'link': 'https://archive.architecturaldigest.com/article/2025/4/a-fine-vintage'}, {'title': 'SHADOW PLAY', 'link': 'https://archive.architecturaldigest.com/article/2025/4/shadow-play'}]",Spring,steelblue,darkslategrey,cornflowerblue,lavender,darkslateblue,"{""0.2557864357864358"": [46, 71, 119], ""0.25013708513708516"": [73, 110, 164], ""0.2373845598845599"": [23, 44, 55], ""0.15282828282828284"": [127, 160, 199], ""0.10386363636363637"": [206, 226, 241]}"
2025,May,https://architecturaldigest.blob.core.windows.net/architecturaldigest20250501thumbnails/Covers/0x600/20250501.jpg,"[{'title': 'LOVE RULES', 'link': 'https://archive.architecturaldigest.com/article/2025/5/love-rules'}, {'title': 'EDITORIAL VISION', 'link': 'https://archive.architecturaldigest.com/article/2025/5/editorial-vision'}, {'title': 'Green Peace', 'link': 'https://archive.architecturaldigest.com/article/2025/5/green-peace'}]",Spring,darkslategrey,grey,darkolivegreen,silver,darkgrey,"{""0.3293362193362193"": [180, 167, 150], ""0.21253246753246754"": [55, 44, 29], ""0.19554834054834055"": [153, 136, 116], ""0.14764430014430013"": [110, 89, 66], ""0.11493867243867244"": [206, 195, 184]}"
2025,June,https://architecturaldigest.blob.core.windows.net/architecturaldigest20250601thumbnails/Covers/0x600/20250601.jpg,"[{'title': 'HISTORY MAJOR', 'link': 'https://archive.architecturaldigest.com/article/2025/6/history-major'}, {'title': 'Scents & Sensibility', 'link': 'https://archive.architecturaldigest.com/article/2025/6/scents-sensibility'}, {'title': 'WATER WORLD', 'link': 'https://archive.architecturaldigest.com/article/2025/6/water-world'}]",Summer,darkolivegreen,grey,lightsteelblue,gold,gainsboro,"{""0.2827200577200577"": [213, 219, 215], ""0.2756926406926407"": [63, 73, 35], ""0.21498196248196247"": [147, 147, 89], ""0.2049025974025974"": [162, 191, 221], ""0.021702741702741703"": [225, 232, 25]}"
2025,July,https://architecturaldigest.blob.core.windows.net/architecturaldigest20250701thumbnails/Covers/0x600/20250701.jpg,"[{'title': 'FAMILY TREE', 'link': 'https://archive.architecturaldigest.com/article/2025/7/family-tree'}, {'title': 'Old Soul', 'link': 'https://archive.architecturaldigest.com/article/2025/7/old-soul'}, {'title': 'Organic Chemistry', 'link': 'https://archive.architecturaldigest.com/article/2025/7/organic-chemistry'}]",Summer,darkolivegreen,darkslategrey,grey,lavender,silver,"{""0.2651046176046176"": [194, 194, 192], ""0.25792929292929295"": [100, 107, 74], ""0.19131313131313132"": [55, 62, 32], ""0.17397907647907648"": [147, 141, 134], ""0.11167388167388168"": [225, 234, 239]}"
2025,September,https://architecturaldigest.blob.core.windows.net/architecturaldigest20250901thumbnails/Covers/0x600/20250901.jpg,"[{'title': 'FAMILY MEN', 'link': 'https://archive.architecturaldigest.com/article/2025/9/family-men'}, {'title': 'HOUSE PROUD', 'link': 'https://archive.architecturaldigest.com/article/2025/9/house-proud'}, {'title': 'GREEN ACRES', 'link': 'https://archive.architecturaldigest.com/article/2025/9/green-acres'}]",Fall,darkslategrey,snow,dimgrey,darkgrey,black,"{""0.3397727272727273"": [30, 22, 14], ""0.27855699855699856"": [65, 53, 42], ""0.19703463203463203"": [251, 251, 250], ""0.10901515151515151"": [103, 96, 86], ""0.07562049062049062"": [171, 161, 154]}"
2025,October,https://architecturaldigest.blob.core.windows.net/architecturaldigest20251001thumbnails/Covers/0x600/20251001.jpg,"[{'title': 'HOUSE BLEND', 'link': 'https://archive.architecturaldigest.com/article/2025/10/house-blend'}, {'title': 'URBAN RENEWAL', 'link': 'https://archive.architecturaldigest.com/article/2025/10/urban-renewal'}, {'title': 'Domestic Bliss', 'link': 'https://archive.architecturaldigest.com/article/2025/10/domestic-bliss'}]",Fall,saddlebrown,snow,grey,silver,black,"{""0.3013239538239538"": [51, 22, 10], ""0.26325757575757575"": [109, 70, 43], ""0.1997150072150072"": [252, 251, 249], ""0.1275901875901876"": [157, 131, 98], ""0.10811327561327562"": [206, 193, 172]}"
2025,November,https://architecturaldigest.blob.core.windows.net/architecturaldigest20251101thumbnails/Covers/0x600/20251101.jpg,"[{'title': 'A PERFECT MATCH', 'link': 'https://archive.architecturaldigest.com/article/2025/11/a-perfect-match'}, {'title': 'SHE & HIM', 'link': 'https://archive.architecturaldigest.com/article/2025/11/she-him'}, {'title': 'Magic Realism', 'link': 'https://archive.architecturaldigest.com/article/2025/11/magic-realism'}]",Fall,black,snow,silver,grey,maroon,"{""0.2828282828282828"": [133, 18, 27], ""0.22485930735930737"": [49, 9, 7], ""0.20115079365079366"": [253, 251, 251], ""0.1723953823953824"": [210, 198, 187], ""0.11876623376623377"": [162, 132, 122]}"
2025,December,https://architecturaldigest.blob.core.windows.net/architecturaldigest20251201thumbnails/Covers/0x600/20251201.jpg,"[{'title': 'COLLECTIVE VISION', 'link': 'https://archive.architecturaldigest.com/article/2025/12/collective-vision'}, {'title': 'ART APPRECIATION', 'link': 'https://archive.architecturaldigest.com/article/2025/12/art-appreciation'}, {'title': 'GRAND ILLUSIONS', 'link': 'https://archive.architecturaldigest.com/article/2025/12/grand-illusions'}]",Winter,rosybrown,snow,darkslategrey,goldenrod,dimgrey,"{""0.43476551226551224"": [139, 112, 85], ""0.2229004329004329"": [165, 150, 133], ""0.18559163059163059"": [250, 250, 247], ""0.1320021645021645"": [65, 52, 39], ""0.02474025974025974"": [228, 185, 22]}"
